區域,季別,成交日,路段,編號,社區棟別,門牌,型態,交易標的,樓層,格局,坪數,總價萬,單價萬每坪,屋齡,完工年月,車位,備註
光埔重劃區,114S1,2019-12-09,埔頂一路,RPVOMLTLJIJGFAO07DA,埔頂一路１９５號,新竹市新竹市埔頂一路１９５號二樓之７,華廈(10層含以下有電梯),房地(土地+建物),二層/六層,2房0廳2衛,15.8,515,32.6,-4.7,2024-08-23,,土地價金為2575000元整；建物價金為2575000元整。預售屋權利轉售，讓渡日期：109年12月25日，權利買賣契約
光埔重劃區,114S1,2019-12-10,埔頂一路,RPVPMLTLJIJGFAO17DA,埔頂一路１９５號,新竹市新竹市埔頂一路１９５號六樓之５,華廈(10層含以下有電梯),房地(土地+建物),六層/六層,2房0廳2衛,16.9,538,31.9,-4.7,2024-08-23,,預售屋、或土地及建物分件登記案件；
光埔重劃區,114S1,2019-12-11,埔頂一路,RPVNMLSLJIJGFAO86DA,埔頂一路１９５號,新竹市新竹市埔頂一路１９５號二樓之５,華廈(10層含以下有電梯),房地(土地+建物),二層/六層,2房0廳2衛,16.9,538,31.9,-4.7,2024-08-23,,預售屋、或土地及建物分件登記案件；
光埔重劃區,114S1,2019-12-12,埔頂一路,RPRPMLTLJIJGFAO76DA,埔頂一路１９５號,新竹市新竹市埔頂一路１９５號五樓之５,華廈(10層含以下有電梯),房地(土地+建物),五層/六層,2房0廳2衛,16.9,506,30.0,-4.7,2024-08-23,,預售屋、或土地及建物分件登記案件；
光埔重劃區,114S1,2019-12-17,埔頂一路,RPSONLRKKIJGFAO66DA,埔頂一路１９５號,新竹市新竹市埔頂一路１９５號,華廈(10層含以下有電梯),房地(土地+建物)+車位,一層，見其他登記事項/六層,0房0廳0衛,43.6,2150,59.8,-4.7,2024-08-23,升降平面,土地價金為10075000元；建物價金為10075000元整。預售屋權利轉售，讓渡日期：110年4月8日，權利買賣契約成
光埔重劃區,114S1,2019-12-19,埔頂一路,RPPOMLPJKIJGFAO58DA,埔頂一路１９５號,新竹市新竹市埔頂一路１９５號二樓之６,華廈(10層含以下有電梯),房地(土地+建物),二層/六層,2房0廳2衛,15.8,510,32.3,-4.7,2024-08-23,,土地價金為255萬元整；建物價金為255萬元整。預售屋權利轉售，讓渡日期：109年10月4日，權利買賣契約成交價格 55
光埔重劃區,114S1,2019-12-19,埔頂一路,RPQNNLRKKIJGFAO98DA,埔頂一路１９５號,新竹市新竹市埔頂一路１９５號六樓之６,華廈(10層含以下有電梯),房地(土地+建物)+車位,六層/六層,2房0廳2衛,25.7,655,32.8,-4.7,2024-08-23,坡道平面,預售屋、或土地及建物分件登記案件；
光埔重劃區,114S1,2019-12-23,埔頂一路,RPROMLSLJIJGFAO56DA,埔頂一路１９５號,新竹市新竹市埔頂一路１９５號三樓之５,華廈(10層含以下有電梯),房地(土地+建物),三層/六層,2房0廳2衛,16.9,510,30.2,-4.7,2024-08-23,,預售屋、或土地及建物分件登記案件；
光埔重劃區,114S1,2019-12-24,埔頂一路,RPRQMLTLJIJGFAO86DA,埔頂一路１９５號,新竹市新竹市埔頂一路１９５號三樓之６,華廈(10層含以下有電梯),房地(土地+建物),三層/六層,2房0廳2衛,15.8,510,32.3,-4.7,2024-08-23,,土地價金為255萬元整；建物價金為255萬元整。預售屋權利轉售，讓渡日期：111年12月23日，權利買賣契約成交價格 5
光埔重劃區,114S1,2019-12-31,埔頂一路,RPUOMLPJKIJGFAO09DA,埔頂一路１９５號,新竹市新竹市埔頂一路１９５號五樓之７,華廈(10層含以下有電梯),房地(土地+建物),五層/六層,2房0廳2衛,15.8,510,32.2,-4.7,2024-08-23,,土地價金為255萬元整；建物價金為255萬元整。預售屋權利轉售，讓渡日期：111年1月4日，權利買賣契約成交價格6900
光埔重劃區,114S1,2020-01-05,埔頂一路,RPQOMLSLJIJGFAO09DA,埔頂一路１９５號,新竹市新竹市埔頂一路１９５號二樓之２,華廈(10層含以下有電梯),房地(土地+建物),二層/六層,1房1廳1衛,10.7,298,27.9,-4.6,2024-08-23,,預售屋、或土地及建物分件登記案件；
光埔重劃區,114S2,2020-01-05,埔頂一路,RPTNMLOLKIJGFAO98DA,埔頂一路１９１號,新竹市新竹市埔頂一路１９１號,華廈(10層含以下有電梯),房地(土地+建物)+車位,一層，見其他登記事項/六層,0房0廳0衛,42.3,2250,65.3,-4.6,2024-08-23,升降平面,土地價金為10575000元；建物價金為10575000元整。預售屋權利轉售，讓渡日期：113年8月23日，權利買賣契約
光埔重劃區,114S1,2020-01-21,埔頂一路,RPOPMLTLJIJGFAO09DA,埔頂一路１９５號,新竹市新竹市埔頂一路１９５號四樓之７,華廈(10層含以下有電梯),房地(土地+建物),四層/六層,2房0廳2衛,15.8,515,32.6,-4.6,2024-08-23,,預售屋、或土地及建物分件登記案件；
光埔重劃區,114S1,2021-03-18,埔頂一路,RPSQMLTLJIJGFAO96DA,埔頂一路１９５號,新竹市新竹市埔頂一路１９５號四樓之５,華廈(10層含以下有電梯),房地(土地+建物)+車位,四層/六層,2房0廳2衛,26.8,645,30.2,-3.4,2024-08-23,坡道平面,土地價金為255萬元整；建物價金為255萬元整。預售屋權利轉售，讓渡日期：112年3月22日，權利買賣契約成交價格950
光埔重劃區,114S1,2021-04-29,東光路,RPPQMLSKKIJGFAO56DA,東光路９９號,新竹市新竹市東光路９９號十八樓,住宅大樓(11層含以上有電梯),房地(土地+建物)+車位,十八層/十八層,4房2廳2衛,101.2,3842,45.2,-3.6,2024-11-27,坡道平面,預售屋權利轉售，讓渡日期 :110年12月15日，由股東轉讓與公司，平轉無價差預售屋、或土地及建物分件登記案件；
光埔重劃區,114S1,2021-04-29,東光路,RPVRMLSKKIJGFAO27DA,東光路１０１號,新竹市新竹市東光路１０１號十八樓,住宅大樓(11層含以上有電梯),房地(土地+建物)+車位,十八層/十八層,4房2廳2衛,93.3,3973,45.2,-3.6,2024-11-27,坡道平面,管理組織:目前無將來會成立預售屋、或土地及建物分件登記案件；
光埔重劃區,114S1,2021-05-06,東光路,RPPPMLSKKIJGFAO09DA,東光路９９號,新竹市新竹市東光路９９號七樓,住宅大樓(11層含以上有電梯),房地(土地+建物)+車位,七層/十八層,4房2廳2衛,91.6,3526,43.6,-3.5,2024-11-27,坡道平面,管理組織:目前無將來會成立預售屋、或土地及建物分件登記案件；
光埔重劃區,114S1,2021-05-06,東光路,RPXNMLLLJHKGFAO98DA,東光路１０１號,新竹市新竹市東光路１０１號十一樓,住宅大樓(11層含以上有電梯),房地(土地+建物)+車位,十一層/十八層,4房2廳2衛,103.0,4153,44.6,-3.5,2024-11-27,坡道平面,管理組織:目前無將來會成立預售屋、或土地及建物分件登記案件；
光埔重劃區,114S1,2021-05-07,東光路,RPOPMLSKKIJGFAO98DA,東光路９９號,新竹市新竹市東光路９９號六樓,住宅大樓(11層含以上有電梯),房地(土地+建物)+車位,六層/十八層,4房2廳2衛,91.3,3480,42.9,-3.5,2024-11-27,坡道平面,管理組織:目前無將來會成立預售屋、或土地及建物分件登記案件；
光埔重劃區,114S1,2021-05-07,東光路,RPQPMLSKKIJGFAO56DA,東光路９９號,新竹市新竹市東光路９９號八樓,住宅大樓(11層含以上有電梯),房地(土地+建物)+車位,八層/十八層,4房2廳2衛,91.6,3551,43.8,-3.5,2024-11-27,坡道平面,管理組織:目前無將來會成立預售屋、或土地及建物分件登記案件；
光埔重劃區,114S1,2021-05-07,東光路,RPPRMLSKKIJGFAO66DA,東光路１０１號,新竹市新竹市東光路１０１號十二樓,住宅大樓(11層含以上有電梯),房地(土地+建物)+車位,十二層/十八層,4房2廳2衛,103.0,4447,47.4,-3.5,2024-11-27,坡道平面,公司讓渡與法定代理人，平轉，讓渡日期 :113年10月15日。管理組織:目前無將來會成立預售屋、或土地及建物分件登記案件
光埔重劃區,114S1,2021-05-08,東光路,RPQRMLSKKIJGFAO76DA,東光路１０１號,新竹市新竹市東光路１０１號十三樓,住宅大樓(11層含以上有電梯),房地(土地+建物)+車位,十三層/十八層,4房2廳2衛,103.0,4203,45.2,-3.5,2024-11-27,坡道平面,夫妻讓渡，讓渡日期 :113年10月19日。管理組織:目前無將來會成立預售屋、或土地及建物分件登記案件；
光埔重劃區,114S1,2021-05-08,東光路,RPSRMLSKKIJGFAO96DA,東光路１０１號,新竹市新竹市東光路１０１號十五樓,住宅大樓(11層含以上有電梯),房地(土地+建物)+車位,十五層/十八層,4房2廳2衛,93.3,3990,45.4,-3.5,2024-11-27,坡道平面,管理組織:目前無將來會成立預售屋、或土地及建物分件登記案件；
光埔重劃區,114S1,2021-05-09,東光路,RPOQMLSKKIJGFAO09DA,東光路９９號,新竹市新竹市東光路９９號十七樓,住宅大樓(11層含以上有電梯),房地(土地+建物)+車位,十七層/十八層,4房2廳2衛,91.6,3652,45.2,-3.5,2024-11-27,坡道平面,管理組織:目前無將來會成立預售屋、或土地及建物分件登記案件；
光埔重劃區,114S1,2021-05-12,東光路,RPTPMLSKKIJGFAO86DA,東光路９９號,新竹市新竹市東光路９９號十二樓,住宅大樓(11層含以上有電梯),房地(土地+建物)+車位,十二層/十八層,4房2廳2衛,91.6,3558,43.9,-3.5,2024-11-27,坡道平面,管理組織:目前無將來會成立預售屋、或土地及建物分件登記案件；
光埔重劃區,114S1,2021-05-13,東光路,RPVQMLSKKIJGFAO17DA,東光路９９號,新竹市新竹市東光路９９號十六樓,住宅大樓(11層含以上有電梯),房地(土地+建物)+車位,十六層/十八層,4房2廳2衛,91.3,3729,45.8,-3.5,2024-11-27,坡道平面,管理組織:目前無將來會成立預售屋、或土地及建物分件登記案件；
光埔重劃區,114S1,2021-05-13,東光路,RPTRMLSKKIJGFAO07DA,東光路１０１號,新竹市新竹市東光路１０１號十六樓,住宅大樓(11層含以上有電梯),房地(土地+建物)+車位,十六層/十八層,4房2廳2衛,94.2,3992,44.8,-3.5,2024-11-27,坡道平面,管理組織:目前無將來會成立預售屋、或土地及建物分件登記案件；
光埔重劃區,114S1,2021-05-14,東光路,RPWPMLSKKIJGFAO17DA,東光路９９號,新竹市新竹市東光路９９號十五樓,住宅大樓(11層含以上有電梯),房地(土地+建物)+車位,十五層/十八層,4房2廳2衛,91.6,3963,48.4,-3.5,2024-11-27,坡道平面,管理組織:目前無將來會成立預售屋、或土地及建物分件登記案件；
光埔重劃區,114S1,2021-05-14,東光路,RPUQMLSKKIJGFAO07DA,東光路１０１號,新竹市新竹市東光路１０１號八樓,住宅大樓(11層含以上有電梯),房地(土地+建物)+車位,八層/十八層,4房2廳2衛,103.0,4060,43.9,-3.5,2024-11-27,坡道平面,管理組織:目前無將來會成立預售屋、或土地及建物分件登記案件；
光埔重劃區,114S1,2021-05-15,東光路,RPVOMLSKKIJGFAO96DA,東光路９９號,新竹市新竹市東光路９９號三樓,住宅大樓(11層含以上有電梯),房地(土地+建物)+車位,三層/十八層,4房2廳2衛,91.6,3482,43.0,-3.5,2024-11-27,坡道平面,管理組織:目前無將來會成立預售屋、或土地及建物分件登記案件；
光埔重劃區,114S1,2021-05-15,東光路,RPRPMLSKKIJGFAO66DA,東光路９９號,新竹市新竹市東光路９９號九樓,住宅大樓(11層含以上有電梯),房地(土地+建物)+車位,九層/十八層,4房2廳2衛,91.6,3555,44.0,-3.5,2024-11-27,坡道平面,管理組織:目前無將來會成立預售屋、或土地及建物分件登記案件；
光埔重劃區,114S1,2021-05-16,東光路,RPSPMLSKKIJGFAO76DA,東光路９９號,新竹市新竹市東光路９９號十一樓,住宅大樓(11層含以上有電梯),房地(土地+建物)+車位,十一層/十八層,4房2廳2衛,91.6,3912,48.1,-3.5,2024-11-27,坡道平面,夫妻讓渡，讓渡日期 :113年10月28日管理組織:目前無將來會成立預售屋、或土地及建物分件登記案件；
光埔重劃區,114S1,2021-05-16,東光路,RPURMLSKKIJGFAO17DA,東光路１０１號,新竹市新竹市東光路１０１號十七樓,住宅大樓(11層含以上有電梯),房地(土地+建物)+車位,十七層/十八層,4房2廳2衛,103.0,4500,49.0,-3.5,2024-11-27,坡道平面,管理組織:目前無將來會成立預售屋、或土地及建物分件登記案件；
光埔重劃區,114S1,2021-05-21,東光路,RPRRMLSKKIJGFAO86DA,東光路１０１號,新竹市新竹市東光路１０１號十四樓,住宅大樓(11層含以上有電梯),房地(土地+建物)+車位,十四層/十八層,4房2廳2衛,103.0,4521,48.9,-3.5,2024-11-27,坡道平面,管理組織:目前無將來會成立預售屋、或土地及建物分件登記案件；
光埔重劃區,114S1,2021-05-22,東光路,RPTPMLSJJHKGFAO66DA,東光路９９號,新竹市新竹市東光路９９號十樓,住宅大樓(11層含以上有電梯),房地(土地+建物)+車位,十層/十八層,4房2廳2衛,91.6,3900,47.8,-3.5,2024-11-27,坡道平面,管理組織:目前無將來會成立預售屋、或土地及建物分件登記案件；
光埔重劃區,114S1,2021-06-06,東光路,RPWOMLSKKIJGFAO07DA,東光路９９號,新竹市新竹市東光路９９號四樓,住宅大樓(11層含以上有電梯),房地(土地+建物)+車位,四層/十八層,4房2廳2衛,91.3,3401,41.8,-3.4,2024-11-27,坡道平面,管理組織:目前無將來會成立預售屋、或土地及建物分件登記案件；
光埔重劃區,114S1,2021-06-06,東光路,RPXOMLSKKIJGFAO17DA,東光路９９號,新竹市新竹市東光路９９號五樓,住宅大樓(11層含以上有電梯),房地(土地+建物)+車位,五層/十八層,4房2廳2衛,91.3,3415,42.2,-3.4,2024-11-27,坡道平面,管理組織:目前無將來會成立預售屋、或土地及建物分件登記案件；
光埔重劃區,114S2,2021-06-26,埔頂一路,RPPOMLOLKIJGFAO68DA,埔頂一路１９３號,新竹市新竹市埔頂一路１９３號,華廈(10層含以下有電梯),房地(土地+建物)+車位,一層，見其他登記事項/六層,0房0廳0衛,41.0,1700,41.5,-3.2,2024-08-23,升降平面,土地價金為850萬元整；建物價金為850萬元整。預售屋權利轉售，讓渡日期：113年9月2日，權利買賣契約成交價格 170
光埔重劃區,115S1,2021-07-20,光復路一段,RPWNMLMJKHLGFAO98DA,光復路一段４０３巷２３弄２號,新竹市新竹市光復路一段４０３巷２３弄２號三樓,華廈(10層含以下有電梯),房地(土地+建物),三層/五層,2房2廳2衛,24.1,1300,54.0,-4.2,2025-10-08,,土地價金為6500000元整；建物價金為6500000元整。含裝潢費800000元；預售屋、或土地及建物分件登記案件；
光埔重劃區,114S1,2021-07-27,東光路,RPUPMLSKKIJGFAO96DA,東光路９９號,新竹市新竹市東光路９９號十三樓,住宅大樓(11層含以上有電梯),房地(土地+建物)+車位,十三層/十八層,4房2廳2衛,92.0,3906,48.7,-3.3,2024-11-27,坡道平面,管理組織:目前無將來會成立預售屋、或土地及建物分件登記案件；
光埔重劃區,114S1,2021-07-29,東光路,RPXQMLSKKIJGFAO37DA,東光路１０１號,新竹市新竹市東光路１０１號十樓,住宅大樓(11層含以上有電梯),房地(土地+建物)+車位,十層/十八層,4房2廳2衛,103.0,4272,46.0,-3.3,2024-11-27,坡道平面,管理組織:目前無將來會成立預售屋、或土地及建物分件登記案件；
光埔重劃區,114S1,2021-08-16,東光路,RPVPMLSKKIJGFAO07DA,東光路９９號,新竹市新竹市東光路９９號十四樓,住宅大樓(11層含以上有電梯),房地(土地+建物)+車位,十四層/十八層,4房2廳2衛,91.6,3938,48.9,-3.2,2024-11-27,坡道平面,管理組織:目前無將來會成立預售屋、或土地及建物分件登記案件；
光埔重劃區,114S1,2021-08-27,東光路,RPRNMLLLJHKGFAO38DA,東光路１０１號,新竹市新竹市東光路１０１號七樓,住宅大樓(11層含以上有電梯),房地(土地+建物)+車位,七層/十八層,4房2廳2衛,102.6,4210,45.6,-3.2,2024-11-27,坡道平面,管理組織:目前無將來會成立預售屋、或土地及建物分件登記案件；
光埔重劃區,114S1,2021-09-03,東光路,RPWQMLSKKIJGFAO27DA,東光路１０１號,新竹市新竹市東光路１０１號九樓,住宅大樓(11層含以上有電梯),房地(土地+建物),九層/十八層,4房2廳2衛,83.7,3850,46.0,-3.2,2024-11-27,,管理組織:目前無將來會成立預售屋、或土地及建物分件登記案件；
光埔重劃區,114S1,2021-09-04,東光路,RPRQMLSKKIJGFAO76DA,東光路１０１號,新竹市新竹市東光路１０１號四樓,住宅大樓(11層含以上有電梯),房地(土地+建物)+車位,四層/十八層,4房2廳2衛,93.3,3923,44.3,-3.2,2024-11-27,坡道平面,夫妻讓渡，讓渡日期 :113年10月18日，管理組織:目前無將來會成立預售屋、或土地及建物分件登記案件；
光埔重劃區,114S1,2021-09-04,東光路,RPSQMLSKKIJGFAO86DA,東光路１０１號,新竹市新竹市東光路１０１號六樓,住宅大樓(11層含以上有電梯),房地(土地+建物)+車位,六層/十八層,4房2廳2衛,93.3,3990,45.4,-3.2,2024-11-27,坡道平面,夫妻讓渡，讓渡日期 :113年10月18日，管理組織:目前無將來會成立預售屋、或土地及建物分件登記案件；
光埔重劃區,114S1,2021-09-17,東光路,RPQQMLSKKIJGFAO66DA,東光路１０１號,新竹市新竹市東光路１０１號三樓,住宅大樓(11層含以上有電梯),房地(土地+建物)+車位,三層/十八層,4房2廳2衛,93.3,3920,44.4,-3.2,2024-11-27,坡道平面,管理組織:目前無將來會成立預售屋、或土地及建物分件登記案件；
光埔重劃區,114S1,2021-09-18,東光路,RPWNMLLLJHKGFAO88DA,東光路１０１號,新竹市新竹市東光路１０１號二樓,住宅大樓(11層含以上有電梯),房地(土地+建物)+車位,二層/十八層,4房2廳2衛,93.3,3945,44.5,-3.2,2024-11-27,坡道平面,管理組織:目前無將來會成立 東光段4503建號持分2048/100000預售屋、或土地及建物分件登記案件；
光埔重劃區,114S1,2021-09-30,東光路,RPUOMLSKKIJGFAO86DA,東光路９９號,新竹市新竹市東光路９９號二樓,住宅大樓(11層含以上有電梯),房地(土地+建物)+車位,二層/十八層,4房2廳2衛,91.6,3610,43.8,-3.2,2024-11-27,坡道平面,管理組織:目前無將來會成立預售屋、或土地及建物分件登記案件；
光埔重劃區,114S1,2021-09-30,東光路,RPPQMLOKKHKGFAO78DA,東光路１０１號,新竹市新竹市東光路１０１號五樓,住宅大樓(11層含以上有電梯),房地(土地+建物)+車位,五層/十八層,4房2廳2衛,103.0,4221,44.7,-3.2,2024-11-27,坡道平面,管理組織:目前無將來會成立預售屋權利轉售，讓渡日期 :113年11月25日，讓渡金額47500000元正。另於113年1
光埔重劃區,114S1,2021-12-01,埔頂一路,RPSPMLTLJIJGFAO86DA,埔頂一路１９５號,新竹市新竹市埔頂一路１９５號五樓之６,華廈(10層含以下有電梯),房地(土地+建物),五層/六層,2房0廳2衛,15.8,809,51.2,-2.7,2024-08-23,,預售屋、或土地及建物分件登記案件；
光埔重劃區,114S1,2021-12-15,埔頂一路,RPWNMLOLKIJGFAO66DA,埔頂一路１９５號,新竹市新竹市埔頂一路１９５號三樓之３,華廈(10層含以下有電梯),房地(土地+建物),三層/六層,1房1廳1衛,10.7,330,30.9,-2.7,2024-08-23,,土地價金為165萬元整；建物價金為165萬元整。預售屋權利轉售，讓渡日期：113年9月4日，權利買賣契約成交價格 520
光埔重劃區,114S1,2022-01-20,埔頂一路,RPSRMLRKKIJGFAO86DA,埔頂一路３９８號,新竹市新竹市埔頂一路３９８號五樓之１,住宅大樓(11層含以上有電梯),房地(土地+建物)+車位,五層/十三層,2房2廳2衛,43.1,2064,59.0,-2.9,2024-12-11,坡道平面,交易總價2106萬，折讓金額42萬，折讓原因:員工折讓親友、員工、共有人或其他特殊關係間之交易；預售屋、或土地及建物分件
光埔重劃區,114S1,2022-01-20,埔頂一路,RPRPNLRKKIJGFAO66DA,埔頂一路３９８號,新竹市新竹市埔頂一路３９８號三樓之５,住宅大樓(11層含以上有電梯),房地(土地+建物)+車位,三層/十三層,2房2廳2衛,41.1,1971,59.4,-2.9,2024-12-11,坡道平面,預售屋權利轉售，讓售日期：112年9月6日，權利買賣契約成交價格2221萬元整。預售屋、或土地及建物分件登記案件；
光埔重劃區,114S1,2022-01-20,埔頂一路,RPRRNLRKKIJGFAO86DA,埔頂一路３９８號,新竹市新竹市埔頂一路３９８號十樓之６,住宅大樓(11層含以上有電梯),房地(土地+建物)+車位,十層/十三層,3房2廳2衛,51.8,2696,61.5,-2.9,2024-12-11,坡道平面,預售屋權利轉售，讓售日期：111年12月30日，權利買賣契約成交價格3000萬元整。預售屋、或土地及建物分件登記案件；
光埔重劃區,114S1,2022-01-20,埔頂一路,RPTRNLRKKIJGFAO07DA,埔頂一路３９８號,新竹市新竹市埔頂一路３９８號十一樓之６,住宅大樓(11層含以上有電梯),房地(土地+建物)+車位,十一層/十三層,3房2廳2衛,51.8,2698,61.8,-2.9,2024-12-11,坡道平面,預售屋權利轉售，讓售日期：112年9月22日，權利買賣契約成交價格3250萬元整。預售屋、或土地及建物分件登記案件；
光埔重劃區,114S1,2022-01-20,埔頂一路,RPXRNLRKKIJGFAO47DA,埔頂一路３９８號,新竹市新竹市埔頂一路３９８號三樓之７,住宅大樓(11層含以上有電梯),房地(土地+建物)+車位,三層/十三層,3房2廳2衛,51.4,2538,58.2,-2.9,2024-12-11,坡道平面,預售屋權利轉售，讓售日期：112年6月25日，權利買賣契約成交價格2800萬元整。預售屋、或土地及建物分件登記案件；
光埔重劃區,114S1,2022-01-20,埔頂一路,RPTPNLRKKIJGFAO86DA,埔頂一路３９８號,新竹市新竹市埔頂一路３９８號五樓之５,住宅大樓(11層含以上有電梯),房地(土地+建物)+車位,五層/十三層,2房2廳2衛,41.4,2005,60.2,-2.9,2024-12-11,坡道平面,預售屋權利轉售，讓售日期：112年9月22日，權利買賣契約成交價格2260萬元整。預售屋、或土地及建物分件登記案件；
光埔重劃區,114S1,2022-01-20,埔頂一路,RPUQNLRKKIJGFAO07DA,埔頂一路３９８號,新竹市新竹市埔頂一路３９８號三樓之６,住宅大樓(11層含以上有電梯),房地(土地+建物)+車位,三層/十三層,3房2廳2衛,51.8,2551,58.2,-2.9,2024-12-11,坡道平面,預售屋權利轉售，讓售日期：112年10月30日，權利買賣契約成交價格2950萬元整。預售屋、或土地及建物分件登記案件；
光埔重劃區,114S1,2022-01-21,埔頂一路,RPXRMLRKKIJGFAO37DA,埔頂一路３９８號,新竹市新竹市埔頂一路３９８號八樓之１,住宅大樓(11層含以上有電梯),房地(土地+建物)+車位,八層/十三層,2房2廳2衛,43.1,2167,62.1,-2.9,2024-12-11,坡道平面,預售屋、或土地及建物分件登記案件；
光埔重劃區,114S1,2022-01-21,埔頂一路,RPPPNLRKKIJGFAO09DA,埔頂一路３９８號,新竹市新竹市埔頂一路３９８號二樓之５,住宅大樓(11層含以上有電梯),房地(土地+建物)+車位,二層/十三層,2房2廳2衛,41.4,1977,58.6,-2.9,2024-12-11,坡道平面,預售屋權利轉售，讓售日期：112年4月8日，權利買賣契約成交價格2030萬元整。預售屋、或土地及建物分件登記案件；
光埔重劃區,114S1,2022-01-21,埔頂一路,RPVQNLRKKIJGFAO17DA,埔頂一路３９８號,新竹市新竹市埔頂一路３９８號四樓之６,住宅大樓(11層含以上有電梯),房地(土地+建物)+車位,四層/十三層,3房2廳2衛,51.8,2539,57.9,-2.9,2024-12-11,坡道平面,預售屋、或土地及建物分件登記案件；
光埔重劃區,114S1,2022-01-21,埔頂一路,RPRONLRKKIJGFAO56DA,埔頂一路３９８號,新竹市新竹市埔頂一路３９８號七樓之３,住宅大樓(11層含以上有電梯),房地(土地+建物)+車位,七層/十三層,3房2廳2衛,52.1,2686,60.6,-2.9,2024-12-11,坡道平面,預售屋權利轉售，讓售日期：112年6月13日，權利買賣契約成交價格2686萬元整。預售屋、或土地及建物分件登記案件；
光埔重劃區,114S1,2022-01-21,埔頂一路,RPXQNLRKKIJGFAO37DA,埔頂一路３９８號,新竹市新竹市埔頂一路３９８號六樓之６,住宅大樓(11層含以上有電梯),房地(土地+建物)+車位,六層/十三層,3房2廳2衛,51.8,2627,59.8,-2.9,2024-12-11,坡道平面,預售屋、或土地及建物分件登記案件；
光埔重劃區,114S1,2022-01-21,埔頂一路,RPORNLRKKIJGFAO56DA,埔頂一路３９８號,新竹市新竹市埔頂一路３９８號七樓之６,住宅大樓(11層含以上有電梯),房地(土地+建物)+車位,七層/十三層,3房2廳2衛,51.5,2649,60.6,-2.9,2024-12-11,坡道平面,預售屋權利轉售1/2，讓售日期：111年10月10日，權利買賣契約成交價格1332萬元整，總價2656.5萬元整。預售屋
光埔重劃區,114S1,2022-01-21,埔頂一路,RPXWMLRKKIJGFAO87DA,埔頂一路３９８號,新竹市新竹市埔頂一路３９８號六樓之２,住宅大樓(11層含以上有電梯),房地(土地+建物)+車位,六層/十三層,3房2廳2衛,52.1,2634,59.8,-2.9,2024-12-11,坡道平面,預售屋權利轉售，讓售日期：111年1月22日，權利買賣契約成交價格2664萬元整。預售屋、或土地及建物分件登記案件；
光埔重劃區,114S1,2022-01-21,埔頂一路,RPWQNLRKKIJGFAO27DA,埔頂一路３９８號,新竹市新竹市埔頂一路３９８號五樓之６,住宅大樓(11層含以上有電梯),房地(土地+建物)+車位,五層/十三層,3房2廳2衛,51.8,2594,59.0,-2.9,2024-12-11,坡道平面,預售屋、或土地及建物分件登記案件；
光埔重劃區,114S1,2022-01-22,埔頂一路,RPSPMLRKKIJGFAO66DA,埔頂一路３９８號,新竹市新竹市埔頂一路３９８號二樓之１,住宅大樓(11層含以上有電梯),房地(土地+建物)+車位,二層/十三層,2房2廳2衛,43.1,1990,56.6,-2.9,2024-12-11,坡道平面,預售屋、或土地及建物分件登記案件；
光埔重劃區,114S1,2022-01-22,埔頂一路,RPVONLRKKIJGFAO96DA,埔頂一路３９８號,新竹市新竹市埔頂一路３９８號十樓之３,住宅大樓(11層含以上有電梯),房地(土地+建物)+車位,十層/十三層,3房2廳2衛,52.1,2713,61.5,-2.9,2024-12-11,坡道平面,預售屋、或土地及建物分件登記案件；
光埔重劃區,114S1,2022-01-22,埔頂一路,RPUPNLRKKIJGFAO96DA,埔頂一路３９８號,新竹市新竹市埔頂一路３９８號六樓之５,住宅大樓(11層含以上有電梯),房地(土地+建物)+車位,六層/十三層,2房2廳2衛,41.4,2030,61.0,-2.9,2024-12-11,坡道平面,預售屋、或土地及建物分件登記案件；
光埔重劃區,114S1,2022-01-22,埔頂一路,RPOQNLRKKIJGFAO09DA,埔頂一路３９８號,新竹市新竹市埔頂一路３９８號十樓之５,住宅大樓(11層含以上有電梯),房地(土地+建物)+車位,十層/十三層,2房2廳2衛,41.4,2081,62.7,-2.9,2024-12-11,坡道平面,預售屋、或土地及建物分件登記案件；
光埔重劃區,114S1,2022-01-22,埔頂一路,RPRWMLRKKIJGFAO27DA,埔頂一路３９８號,新竹市新竹市埔頂一路３９８號二樓之２,住宅大樓(11層含以上有電梯),房地(土地+建物)+車位,二層/十三層,3房2廳2衛,52.7,2538,56.4,-2.9,2024-12-11,坡道平面,預售屋、或土地及建物分件登記案件；
光埔重劃區,114S1,2022-01-22,埔頂一路,RPVNNLRKKIJGFAO86DA,埔頂一路３９８號,新竹市新竹市埔頂一路３９８號十三樓之２,住宅大樓(11層含以上有電梯),房地(土地+建物)+車位,十三層/十三層,3房2廳2衛,52.1,2729,62.1,-2.9,2024-12-11,坡道平面,預售屋、或土地及建物分件登記案件；
光埔重劃區,114S1,2022-01-22,埔頂一路,RPOONLRKKIJGFAO88DA,埔頂一路３９８號,新竹市新竹市埔頂一路３９８號四樓之３,住宅大樓(11層含以上有電梯),房地(土地+建物)+車位,四層/十三層,3房2廳2衛,51.8,2555,57.9,-2.9,2024-12-11,坡道平面,預售屋、或土地及建物分件登記案件；
光埔重劃區,114S1,2022-01-22,埔頂一路,RPOSNLRKKIJGFAO66DA,埔頂一路３９８號,新竹市新竹市埔頂一路３９８號四樓之７,住宅大樓(11層含以上有電梯),房地(土地+建物)+車位,四層/十三層,3房2廳2衛,51.4,2526,57.9,-2.9,2024-12-11,坡道平面,預售屋、或土地及建物分件登記案件；
光埔重劃區,114S1,2022-01-22,埔頂一路,RPSSNLRKKIJGFAO07DA,埔頂一路３９８號,新竹市新竹市埔頂一路３９８號八樓之７,住宅大樓(11層含以上有電梯),房地(土地+建物)+車位,八層/十三層,3房2廳2衛,51.4,2647,60.9,-2.9,2024-12-11,坡道平面,預售屋、或土地及建物分件登記案件；
光埔重劃區,114S1,2022-01-22,埔頂一路,RPTSNLRKKIJGFAO17DA,埔頂一路３９８號,新竹市新竹市埔頂一路３９８號九樓之７,住宅大樓(11層含以上有電梯),房地(土地+建物)+車位,九層/十三層,3房2廳2衛,51.1,2659,61.2,-2.9,2024-12-11,坡道平面,預售屋權利轉售，讓售日期：113年1月26日，權利買賣契約成交價格3010萬元整。預售屋、或土地及建物分件登記案件；
光埔重劃區,114S1,2022-01-22,埔頂一路,RPOPNLRKKIJGFAO98DA,埔頂一路３９８號,新竹市新竹市埔頂一路３９８號十三樓之３,住宅大樓(11層含以上有電梯),房地(土地+建物)+車位,十三層/十三層,3房2廳2衛,52.1,2747,62.1,-2.9,2024-12-11,坡道平面,預售屋、或土地及建物分件登記案件；
光埔重劃區,114S2,2022-01-22,埔頂一路,RPVWMLRKKIJGFAO67DA,埔頂一路３９８號,新竹市新竹市埔頂一路３９８號五樓之２,住宅大樓(11層含以上有電梯),房地(土地+建物)+車位,五層/十三層,3房2廳2衛,52.5,2591,59.0,-2.9,2024-12-11,坡道平面,預售屋、或土地及建物分件登記案件；
光埔重劃區,114S1,2022-01-23,埔頂一路,RPTRMLRKKIJGFAO96DA,埔頂一路３９８號,新竹市新竹市埔頂一路３９８號六樓之１,住宅大樓(11層含以上有電梯),房地(土地+建物)+車位,六層/十三層,2房2廳2衛,43.1,2141,61.0,-2.9,2024-12-11,坡道平面,預售屋、或土地及建物分件登記案件；
光埔重劃區,114S1,2022-01-23,埔頂一路,RPTWMLRKKIJGFAO47DA,埔頂一路３９８號,新竹市新竹市埔頂一路３９８號四樓之２,住宅大樓(11層含以上有電梯),房地(土地+建物)+車位,四層/十三層,3房2廳2衛,51.8,2546,57.9,-2.9,2024-12-11,坡道平面,預售屋、或土地及建物分件登記案件；
光埔重劃區,114S1,2022-01-23,埔頂一路,RPONNLRKKIJGFAO78DA,埔頂一路３９８號,新竹市新竹市埔頂一路３９８號七樓之２,住宅大樓(11層含以上有電梯),房地(土地+建物)+車位,七層/十三層,3房2廳2衛,52.1,2667,60.6,-2.9,2024-12-11,坡道平面,預售屋、或土地及建物分件登記案件；
光埔重劃區,114S1,2022-01-23,埔頂一路,RPPONLRKKIJGFAO98DA,埔頂一路３９８號,新竹市新竹市埔頂一路３９８號五樓之３,住宅大樓(11層含以上有電梯),房地(土地+建物)+車位,五層/十三層,3房2廳2衛,52.1,2600,59.0,-2.9,2024-12-11,坡道平面,預售屋、或土地及建物分件登記案件；
光埔重劃區,114S1,2022-01-23,埔頂一路,RPTONLRKKIJGFAO76DA,埔頂一路３９８號,新竹市新竹市埔頂一路３９８號八樓之３,住宅大樓(11層含以上有電梯),房地(土地+建物)+車位,八層/十三層,3房2廳2衛,52.5,2678,60.9,-2.9,2024-12-11,坡道平面,預售屋、或土地及建物分件登記案件；
光埔重劃區,114S1,2022-01-23,埔頂一路,RPSQNLRKKIJGFAO86DA,埔頂一路３９８號,新竹市新竹市埔頂一路３９８號二樓之６,住宅大樓(11層含以上有電梯),房地(土地+建物)+車位,二層/十三層,3房2廳2衛,53.3,2582,56.9,-2.9,2024-12-11,坡道平面,預售屋、或土地及建物分件登記案件；
光埔重劃區,114S1,2022-01-23,埔頂一路,RPPRNLRKKIJGFAO66DA,埔頂一路３９８號,新竹市新竹市埔頂一路３９８號八樓之６,住宅大樓(11層含以上有電梯),房地(土地+建物)+車位,八層/十三層,3房2廳2衛,51.8,2682,60.9,-2.9,2024-12-11,坡道平面,預售屋、或土地及建物分件登記案件；
光埔重劃區,114S1,2022-01-23,埔頂一路,RPQRNLRKKIJGFAO76DA,埔頂一路３９８號,新竹市新竹市埔頂一路３９８號九樓之６,住宅大樓(11層含以上有電梯),房地(土地+建物)+車位,九層/十三層,3房2廳2衛,51.8,2694,61.2,-2.9,2024-12-11,坡道平面,預售屋、或土地及建物分件登記案件；
光埔重劃區,114S1,2022-01-23,埔頂一路,RPRSNLRKKIJGFAO96DA,埔頂一路３９８號,新竹市新竹市埔頂一路３９８號七樓之７,住宅大樓(11層含以上有電梯),房地(土地+建物)+車位,七層/十三層,3房2廳2衛,51.4,2625,60.6,-2.9,2024-12-11,坡道平面,預售屋、或土地及建物分件登記案件；
光埔重劃區,114S1,2022-01-23,埔頂一路,RPXNNLRKKIJGFAO07DA,埔頂一路３９８號,新竹市新竹市埔頂一路３９８號三樓之３,住宅大樓(11層含以上有電梯),房地(土地+建物)+車位,三層/十三層,3房2廳2衛,52.1,2567,58.2,-2.9,2024-12-11,坡道平面,預售屋、或土地及建物分件登記案件；
光埔重劃區,114S1,2022-01-23,埔頂一路,RPSPNLRKKIJGFAO76DA,埔頂一路３９８號,新竹市新竹市埔頂一路３９８號四樓之５,住宅大樓(11層含以上有電梯),房地(土地+建物)+車位,四層/十三層,2房2廳2衛,41.4,1982,59.1,-2.9,2024-12-11,坡道平面,預售屋、或土地及建物分件登記案件；
光埔重劃區,114S1,2022-01-23,埔頂一路,RPVPNLRKKIJGFAO07DA,埔頂一路３９８號,新竹市新竹市埔頂一路３９８號七樓之５,住宅大樓(11層含以上有電梯),房地(土地+建物)+車位,七層/十三層,2房2廳2衛,41.4,2074,61.8,-2.9,2024-12-11,坡道平面,預售屋權利轉售，讓售日期：112年8月9日，權利人無提供權利買賣契約。預售屋、或土地及建物分件登記案件；
光埔重劃區,114S1,2022-01-23,埔頂一路,RPVSNLRKKIJGFAO37DA,埔頂一路３９８號,新竹市新竹市埔頂一路３９８號十一樓之７,住宅大樓(11層含以上有電梯),房地(土地+建物)+車位,十一層/十三層,3房2廳2衛,51.1,2683,61.8,-2.9,2024-12-11,坡道平面,預售屋、或土地及建物分件登記案件；
光埔重劃區,114S1,2022-01-23,埔頂一路,RPVSMLRKKIJGFAO27DA,埔頂一路３９８號,新竹市新竹市埔頂一路３９８號十二樓之１,住宅大樓(11層含以上有電梯),房地(土地+建物)+車位,十二層/十三層,2房2廳2衛,43.1,2205,63.3,-2.9,2024-12-11,坡道平面,預售屋權利轉售，讓售日期：113年4月20日，權利買賣契約成交價格2920萬元整。預售屋、或土地及建物分件登記案件；
光埔重劃區,114S1,2022-01-23,埔頂一路,RPQQNLRKKIJGFAO66DA,埔頂一路３９８號,新竹市新竹市埔頂一路３９８號十二樓之５,住宅大樓(11層含以上有電梯),房地(土地+建物)+車位,十二層/十三層,2房2廳2衛,41.4,2110,63.3,-2.9,2024-12-11,坡道平面,預售屋、或土地及建物分件登記案件；
光埔重劃區,114S1,2022-01-23,埔頂一路,RPQSNLRKKIJGFAO86DA,埔頂一路３９８號,新竹市新竹市埔頂一路３９８號六樓之７,住宅大樓(11層含以上有電梯),房地(土地+建物)+車位,六層/十三層,3房2廳2衛,51.4,2593,59.8,-2.9,2024-12-11,坡道平面,預售屋、或土地及建物分件登記案件；
光埔重劃區,114S2,2022-01-23,埔頂一路,RPWNNLRKKIJGFAO96DA,埔頂一路３９８號,新竹市新竹市埔頂一路３９８號二樓之３,住宅大樓(11層含以上有電梯),房地(土地+建物)+車位,二層/十三層,3房2廳2衛,53.4,2568,56.9,-2.9,2024-12-11,坡道平面,預售屋、或土地及建物分件登記案件；
光埔重劃區,114S1,2022-01-24,埔頂一路,RPQONLRKKIJGFAO09DA,埔頂一路３９８號,新竹市新竹市埔頂一路３９８號六樓之３,住宅大樓(11層含以上有電梯),房地(土地+建物)+車位,六層/十三層,3房2廳2衛,52.1,2643,59.8,-2.9,2024-12-11,坡道平面,預售屋、或土地及建物分件登記案件；
光埔重劃區,114S1,2022-01-24,埔頂一路,RPPQNLRKKIJGFAO56DA,埔頂一路３９８號,新竹市新竹市埔頂一路３９８號十一樓之５,住宅大樓(11層含以上有電梯),房地(土地+建物)+車位,十一層/十三層,2房2廳2衛,41.4,2091,63.0,-2.9,2024-12-11,坡道平面,預售屋、或土地及建物分件登記案件；
光埔重劃區,114S1,2022-01-24,埔頂一路,RPQRMLRKKIJGFAO66DA,埔頂一路３９８號,新竹市新竹市埔頂一路３９８號四樓之１,住宅大樓(11層含以上有電梯),房地(土地+建物)+車位,四層/十三層,2房2廳2衛,43.1,2080,59.1,-2.9,2024-12-11,坡道平面,預售屋、或土地及建物分件登記案件；
光埔重劃區,114S1,2022-01-24,埔頂一路,RPPSMLRKKIJGFAO66DA,埔頂一路３９８號,新竹市新竹市埔頂一路３９８號九樓之１,住宅大樓(11層含以上有電梯),房地(土地+建物)+車位,九層/十三層,2房2廳2衛,43.1,2186,62.4,-2.9,2024-12-11,坡道平面,預售屋、或土地及建物分件登記案件；
光埔重劃區,114S1,2022-01-24,埔頂一路,RPUNNLRKKIJGFAO76DA,埔頂一路３９８號,新竹市新竹市埔頂一路３９８號十二樓之２,住宅大樓(11層含以上有電梯),房地(土地+建物)+車位,十二層/十三層,3房2廳2衛,52.1,2739,62.1,-2.9,2024-12-11,坡道平面,預售屋、或土地及建物分件登記案件；
光埔重劃區,114S1,2022-01-24,埔頂一路,RPSPMLQJJHKGFAO98DA,埔頂一路３９８號,新竹市新竹市埔頂一路３９８號十三樓之５,住宅大樓(11層含以上有電梯),房地(土地+建物)+車位,十三層/十三層,2房2廳2衛,41.4,2100,63.3,-2.9,2024-12-11,坡道平面,預售屋、或土地及建物分件登記案件；
光埔重劃區,114S1,2022-01-24,埔頂一路,RPVRNLRKKIJGFAO27DA,埔頂一路３９８號,新竹市新竹市埔頂一路３９８號十三樓之６,住宅大樓(11層含以上有電梯),房地(土地+建物)+車位,十三層/十三層,3房2廳2衛,51.3,2730,62.1,-2.9,2024-12-11,坡道平面,預售屋權利轉售，讓售日期：113年1月28日，權利買賣契約成交價格3060萬元整。預售屋、或土地及建物分件登記案件；
光埔重劃區,114S1,2022-01-25,埔頂一路,RPWRNLRKKIJGFAO37DA,埔頂一路３９８號,新竹市新竹市埔頂一路３９８號二樓之７,住宅大樓(11層含以上有電梯),房地(土地+建物)+車位,二層/十三層,3房2廳2衛,52.6,2554,56.9,-2.9,2024-12-11,坡道平面,預售屋、或土地及建物分件登記案件；
光埔重劃區,114S1,2022-01-25,埔頂一路,RPUSNLRKKIJGFAO27DA,埔頂一路３９８號,新竹市新竹市埔頂一路３９８號十樓之７,住宅大樓(11層含以上有電梯),房地(土地+建物)+車位,十層/十三層,3房2廳2衛,51.4,2671,61.5,-2.9,2024-12-11,坡道平面,預售屋共有人間權利轉售，讓售日期：113年7月30日，連前權利全部，權利買賣契約成交價格2671萬元整。預售屋、或土地及
光埔重劃區,114S1,2022-01-25,埔頂一路,RPQSMLRKKIJGFAO76DA,埔頂一路３９８號,新竹市新竹市埔頂一路３９８號十樓之１,住宅大樓(11層含以上有電梯),房地(土地+建物)+車位,十層/十三層,2房2廳2衛,43.1,2196,62.7,-2.9,2024-12-11,坡道平面,預售屋、或土地及建物分件登記案件；
光埔重劃區,114S1,2022-01-25,埔頂一路,RPRNNLRKKIJGFAO09DA,埔頂一路３９８號,新竹市新竹市埔頂一路３９８號九樓之２,住宅大樓(11層含以上有電梯),房地(土地+建物)+車位,九層/十三層,3房2廳2衛,51.8,2682,61.2,-2.9,2024-12-11,坡道平面,預售屋、或土地及建物分件登記案件；
光埔重劃區,114S1,2022-01-25,埔頂一路,RPUONLRKKIJGFAO86DA,埔頂一路３９８號,新竹市新竹市埔頂一路３９８號九樓之３,住宅大樓(11層含以上有電梯),房地(土地+建物)+車位,九層/十三層,3房2廳2衛,52.5,2690,61.2,-2.9,2024-12-11,坡道平面,預售屋、或土地及建物分件登記案件；
光埔重劃區,114S1,2022-01-25,埔頂一路,RPXONLRKKIJGFAO17DA,埔頂一路３９８號,新竹市新竹市埔頂一路３９８號十二樓之３,住宅大樓(11層含以上有電梯),房地(土地+建物)+車位,十二層/十三層,3房2廳2衛,51.6,2747,62.1,-2.9,2024-12-11,坡道平面,預售屋、或土地及建物分件登記案件；
光埔重劃區,114S1,2022-01-25,埔頂一路,RPWPNLRKKIJGFAO17DA,埔頂一路３９８號,新竹市新竹市埔頂一路３９８號八樓之５,住宅大樓(11層含以上有電梯),房地(土地+建物)+車位,八層/十三層,2房2廳2衛,41.4,2063,62.1,-2.9,2024-12-11,坡道平面,預售屋權利轉售，讓售日期：112年9月11日，權利買賣契約成交價格2450萬元整。預售屋、或土地及建物分件登記案件；
光埔重劃區,114S1,2022-01-25,埔頂一路,RPURNLRKKIJGFAO17DA,埔頂一路３９８號,新竹市新竹市埔頂一路３９８號十二樓之６,住宅大樓(11層含以上有電梯),房地(土地+建物)+車位,十二層/十三層,3房2廳2衛,51.8,2730,62.1,-2.9,2024-12-11,坡道平面,預售屋權利轉售，讓售日期：111年8月20日，權利買賣契約成交價格2750萬元整。預售屋、或土地及建物分件登記案件；
光埔重劃區,114S1,2022-01-25,埔頂一路,RPWSNLRKKIJGFAO47DA,埔頂一路３９８號,新竹市新竹市埔頂一路３９８號十二樓之７,住宅大樓(11層含以上有電梯),房地(土地+建物)+車位,十二層/十三層,3房2廳2衛,51.8,2686,62.1,-2.9,2024-12-11,坡道平面,1.預售屋權利轉售，讓售日期：111年6月15日，權利買賣契約成交價格2886萬元整。2.預售屋權利轉售，讓售日期：11
光埔重劃區,114S1,2022-01-25,埔頂一路,RPXSNLRKKIJGFAO57DA,埔頂一路３９８號,新竹市新竹市埔頂一路３９８號十三樓之７,住宅大樓(11層含以上有電梯),房地(土地+建物)+車位,十三層/十三層,3房2廳2衛,51.4,2688,61.9,-2.9,2024-12-11,坡道平面,交易總價2696萬，折讓金額8萬，折讓原因:原交易總價含傢俱，選擇退傢俱，折總價。預售屋、或土地及建物分件登記案件；
光埔重劃區,114S1,2022-01-25,埔頂一路,RPPSNLRKKIJGFAO76DA,埔頂一路３９８號,新竹市新竹市埔頂一路３９８號五樓之７,住宅大樓(11層含以上有電梯),房地(土地+建物)+車位,五層/十三層,3房2廳2衛,51.4,2560,59.0,-2.9,2024-12-11,坡道平面,預售屋、或土地及建物分件登記案件；
光埔重劃區,114S1,2022-01-26,埔頂一路,RPSSMLRKKIJGFAO96DA,埔頂一路３９８號,新竹市新竹市埔頂一路３９８號十一樓之１,住宅大樓(11層含以上有電梯),房地(土地+建物)+車位,十一層/十三層,2房2廳2衛,43.1,2205,63.0,-2.9,2024-12-11,坡道平面,預售屋權利轉售，讓售日期：113年8月15日，權利買賣契約成交價格2205萬元整。預售屋、或土地及建物分件登記案件；
光埔重劃區,114S1,2022-01-26,埔頂一路,RPTNNLRKKIJGFAO66DA,埔頂一路３９８號,新竹市新竹市埔頂一路３９８號十一樓之２,住宅大樓(11層含以上有電梯),房地(土地+建物)+車位,十一層/十三層,3房2廳2衛,52.5,2726,61.8,-2.9,2024-12-11,坡道平面,預售屋、或土地及建物分件登記案件；
光埔重劃區,114S1,2022-01-26,埔頂一路,RPWONLRKKIJGFAO07DA,埔頂一路３９８號,新竹市新竹市埔頂一路３９８號十一樓之３,住宅大樓(11層含以上有電梯),房地(土地+建物)+車位,十一層/十三層,3房2廳2衛,52.1,2735,61.8,-2.9,2024-12-11,坡道平面,預售屋、或土地及建物分件登記案件；
光埔重劃區,114S1,2022-01-26,埔頂一路,RPXPNLRKKIJGFAO27DA,埔頂一路３９８號,新竹市新竹市埔頂一路３９８號九樓之５,住宅大樓(11層含以上有電梯),房地(土地+建物)+車位,九層/十三層,2房2廳2衛,41.4,2072,62.4,-2.9,2024-12-11,坡道平面,預售屋權利轉售，讓售日期：113年2月29日，權利買賣契約成交價格2085萬元整。預售屋、或土地及建物分件登記案件；
光埔重劃區,114S1,2022-01-26,埔頂一路,RPORMLRKKIJGFAO09DA,埔頂一路３９８號,新竹市新竹市埔頂一路３９８號三樓之１,住宅大樓(11層含以上有電梯),房地(土地+建物)+車位,三層/十三層,2房2廳2衛,42.7,2080,59.4,-2.9,2024-12-11,坡道平面,預售屋、或土地及建物分件登記案件；
光埔重劃區,114S1,2022-01-26,埔頂一路,RPXSMLRKKIJGFAO47DA,埔頂一路３９８號,新竹市新竹市埔頂一路３９８號十三樓之１,住宅大樓(11層含以上有電梯),房地(土地+建物)+車位,十三層/十三層,2房2廳2衛,43.1,2205,63.3,-2.9,2024-12-11,坡道平面,預售屋、或土地及建物分件登記案件；
光埔重劃區,114S1,2022-01-26,埔頂一路,RPSWMLRKKIJGFAO37DA,埔頂一路３９８號,新竹市新竹市埔頂一路３９８號三樓之２,住宅大樓(11層含以上有電梯),房地(土地+建物)+車位,三層/十三層,3房2廳2衛,52.1,2578,58.2,-2.9,2024-12-11,坡道平面,預售屋、或土地及建物分件登記案件；
光埔重劃區,114S1,2022-01-26,埔頂一路,RPPNNLRKKIJGFAO88DA,埔頂一路３９８號,新竹市新竹市埔頂一路３９８號八樓之２,住宅大樓(11層含以上有電梯),房地(土地+建物)+車位,八層/十三層,3房2廳2衛,52.5,2679,60.9,-2.9,2024-12-11,坡道平面,預售屋權利轉售，讓售日期：112年5月20日，權利買賣契約成交價格2872萬元整。預售屋、或土地及建物分件登記案件；
光埔重劃區,114S1,2022-01-27,埔頂一路,RPVRMLRKKIJGFAO17DA,埔頂一路３９８號,新竹市新竹市埔頂一路３９８號七樓之１,住宅大樓(11層含以上有電梯),房地(土地+建物)+車位,七層/十三層,2房2廳2衛,43.1,2167,61.8,-2.9,2024-12-11,坡道平面,預售屋、或土地及建物分件登記案件；
光埔重劃區,114S1,2022-01-27,埔頂一路,RPSNNLRKKIJGFAO56DA,埔頂一路３９８號,新竹市新竹市埔頂一路３９８號十樓之２,住宅大樓(11層含以上有電梯),房地(土地+建物)+車位,十層/十三層,3房2廳2衛,52.1,2704,61.5,-2.9,2024-12-11,坡道平面,預售屋、或土地及建物分件登記案件；
光埔重劃區,114S2,2022-07-07,埔頂路,RPVNMLOLMHKGFAO76DA,埔頂路８９號,新竹市新竹市埔頂路８９號三樓之７,住宅大樓(11層含以上有電梯),房地(土地+建物)+車位,三層/十一層,0房0廳0衛,128.3,3618,33.0,-2.5,2025-01-17,坡道平面,預售屋、或土地及建物分件登記案件；
光埔重劃區,115S1,2022-07-20,光復路一段,RPPOMLMJKHLGFAO38DA,光復路一段４０３巷２３弄２號,新竹市新竹市光復路一段４０３巷２３弄２號五樓,華廈(10層含以下有電梯),房地(土地+建物),五層/五層,2房2廳2衛,24.1,1260,52.3,-3.2,2025-10-08,,土地價金為6300000元整；建物價金為6300000元整。預售屋權利轉售，讓渡日期：113年5月6日，權利買賣契約成交
光埔重劃區,115S2,2022-07-21,光復路一段,RPOOMLMJKHLGFAO28DA,光復路一段４０３巷２３弄２號,新竹市新竹市光復路一段４０３巷２３弄２號四樓,華廈(10層含以下有電梯),房地(土地+建物),四層/五層,2房2廳2衛,24.1,1300,54.0,-3.2,2025-10-08,,土地價金為6500000元整；建物價金為6500000元整。預售屋權利轉售，讓渡日期：113年5月15日，權利買賣契約成
光埔重劃區,114S2,2022-07-27,埔頂路,RPXNMLTLNHKGFAO57DA,埔頂路８９號,新竹市新竹市埔頂路８９號三樓之６,住宅大樓(11層含以上有電梯),房地(土地+建物)+車位,三層/十一層,0房0廳0衛,122.5,3640,33.7,-2.5,2025-01-17,坡道平面,預售屋、或土地及建物分件登記案件；
光埔重劃區,115S1,2022-07-29,光復路一段,RPXNMLMJKHLGFAO09DA,光復路一段４０３巷２３弄２號,新竹市新竹市光復路一段４０３巷２３弄２號二樓,華廈(10層含以下有電梯),房地(土地+建物),二層/五層,2房2廳2衛,24.1,1100,45.7,-3.2,2025-10-08,,土地價金為5500000元整；建物價金為5500000元整。預售屋、或土地及建物分件登記案件；
光埔重劃區,114S3,2022-08-12,埔頂路,RPWNMLRLNHKGFAO27DA,埔頂路８９號,新竹市新竹市埔頂路８９號四樓之１,住宅大樓(11層含以上有電梯),房地(土地+建物)+車位,四層/十一層,0房0廳0衛,114.5,3438,34.3,-2.4,2025-01-17,坡道平面,親友間的權利讓渡；讓渡日期:112年3月3日；讓渡權利範圍:2/3預售屋、或土地及建物分件登記案件；
光埔重劃區,114S2,2022-08-16,埔頂路,RPRNMLOLMHKGFAO98DA,埔頂路８９號,新竹市新竹市埔頂路８９號三樓之１,住宅大樓(11層含以上有電梯),房地(土地+建物)+車位,三層/十一層,0房0廳0衛,126.2,3550,33.7,-2.4,2025-01-17,坡道平面,預售屋、或土地及建物分件登記案件；
光埔重劃區,114S2,2022-09-07,埔頂路,RPXNMLOLMHKGFAO96DA,埔頂路８９號,新竹市新竹市埔頂路８９號四樓之２,住宅大樓(11層含以上有電梯),房地(土地+建物)+車位,四層/十一層,0房0廳0衛,130.6,3682,32.9,-2.3,2025-01-17,坡道平面,預售屋、或土地及建物分件登記案件；
光埔重劃區,115S3,2022-09-13,埔頂路,RPUNMLQJPHLGFAO07DA,埔頂路１００巷３２之１７號,新竹市新竹市埔頂路１００巷３２之１７號三樓,華廈(10層含以下有電梯),房地(土地+建物),三層/五層,2房2廳2衛,38.9,2188,56.2,-3.4,2026-02-12,,預售屋、或土地及建物分件登記案件；
光埔重劃區,114S2,2022-09-14,埔頂路,RPQPMLNLMHKGFAO98DA,埔頂路８９號,新竹市新竹市埔頂路８９號五樓之５,住宅大樓(11層含以上有電梯),房地(土地+建物)+車位,五層/十一層,0房0廳0衛,141.4,4005,33.4,-2.3,2025-01-17,坡道平面,預售屋、或土地及建物分件登記案件；
光埔重劃區,114S2,2022-09-14,埔頂路,SPQPMLNLMHKGFAO09DA,埔頂路８９號,新竹市新竹市埔頂路８９號五樓之６,住宅大樓(11層含以上有電梯),房地(土地+建物)+車位,五層/十一層,0房0廳0衛,146.5,4325,35.0,-2.3,2025-01-17,坡道平面,預售屋、或土地及建物分件登記案件；
光埔重劃區,114S2,2022-09-14,埔頂路,TPQPMLNLMHKGFAO56DA,埔頂路８９號,新竹市新竹市埔頂路８９號五樓之７,住宅大樓(11層含以上有電梯),房地(土地+建物)+車位,五層/十一層,0房0廳0衛,140.9,4458,34.5,-2.3,2025-01-17,坡道平面,預售屋、或土地及建物分件登記案件；
光埔重劃區,114S2,2022-09-14,埔頂路,RPWNMLMKNHKGFAO66DA,埔頂路８９號,新竹市新竹市埔頂路８９號五樓之１,住宅大樓(11層含以上有電梯),房地(土地+建物)+車位,五層/十一層,0房0廳0衛,132.5,3810,35.0,-2.3,2025-01-17,坡道平面,預售屋、或土地及建物分件登記案件；
光埔重劃區,114S2,2022-09-14,埔頂路,SPWNMLMKNHKGFAO76DA,埔頂路８９號,新竹市新竹市埔頂路８９號五樓之２,住宅大樓(11層含以上有電梯),房地(土地+建物)+車位,五層/十一層,0房0廳0衛,129.3,3930,33.9,-2.3,2025-01-17,坡道平面,預售屋、或土地及建物分件登記案件；
光埔重劃區,114S2,2022-09-14,埔頂路,TPWNMLMKNHKGFAO86DA,埔頂路８９號,新竹市新竹市埔頂路８９號五樓之３,住宅大樓(11層含以上有電梯),房地(土地+建物)+車位,五層/十一層,0房0廳0衛,128.8,3910,34.3,-2.3,2025-01-17,坡道平面,預售屋、或土地及建物分件登記案件；
光埔重劃區,115S3,2022-09-16,埔頂路,RPSNMLQJPHLGFAO86DA,埔頂路１００巷３２之１７號,新竹市新竹市埔頂路１００巷３２之１７號二樓,華廈(10層含以下有電梯),房地(土地+建物),二層/五層,2房2廳2衛,38.9,1880,48.3,-3.4,2026-02-12,,預售屋、或土地及建物分件登記案件；
光埔重劃區,114S2,2022-09-19,埔頂路,RPUPMLTJNHKGFAO27DA,埔頂路８９號,新竹市新竹市埔頂路８９號四樓之７,住宅大樓(11層含以上有電梯),房地(土地+建物)+車位,四層/十一層,0房0廳0衛,178.5,5005,34.5,-2.3,2025-01-17,坡道平面,預售屋序號B1OA11109230009交易日期111.09.19交易金額4400萬申購車位日期114.05.12交易金
光埔重劃區,114S2,2022-09-21,埔頂路,RPSPMLOLMHKGFAO66DA,埔頂路８９號,新竹市新竹市埔頂路８９號六樓之５,住宅大樓(11層含以上有電梯),房地(土地+建物)+車位,六層/十一層,0房0廳0衛,133.1,3685,31.9,-2.3,2025-01-17,坡道平面,預售屋、或土地及建物分件登記案件；
光埔重劃區,114S2,2022-09-28,埔頂路,RPTNMLNLMHKGFAO09DA,埔頂路８９號,新竹市新竹市埔頂路８９號七樓之１,住宅大樓(11層含以上有電梯),房地(土地+建物)+車位,七層/十一層,0房0廳0衛,131.0,3744,35.0,-2.3,2025-01-17,坡道平面,預售屋、或土地及建物分件登記案件；
光埔重劃區,114S2,2022-09-28,埔頂路,SPTNMLNLMHKGFAO56DA,埔頂路８９號,新竹市新竹市埔頂路８９號七樓之２,住宅大樓(11層含以上有電梯),房地(土地+建物)+車位,七層/十一層,0房0廳0衛,140.7,4114,35.0,-2.3,2025-01-17,坡道平面,預售屋、或土地及建物分件登記案件；
光埔重劃區,114S2,2022-09-28,埔頂路,TPTNMLNLMHKGFAO66DA,埔頂路８９號,新竹市新竹市埔頂路８９號七樓之３,住宅大樓(11層含以上有電梯),房地(土地+建物)+車位,七層/十一層,0房0廳0衛,141.3,4104,35.0,-2.3,2025-01-17,坡道平面,預售屋、或土地及建物分件登記案件；
光埔重劃區,114S2,2022-09-28,埔頂路,UPTNMLNLMHKGFAO76DA,埔頂路８９號,新竹市新竹市埔頂路８９號七樓之５,住宅大樓(11層含以上有電梯),房地(土地+建物)+車位,七層/十一層,0房0廳0衛,143.9,4177,35.0,-2.3,2025-01-17,坡道平面,預售屋、或土地及建物分件登記案件；
光埔重劃區,114S2,2022-09-28,埔頂路,VPTNMLNLMHKGFAO86DA,埔頂路８９號,新竹市新竹市埔頂路８９號七樓之６,住宅大樓(11層含以上有電梯),房地(土地+建物)+車位,七層/十一層,0房0廳0衛,147.1,4250,35.0,-2.3,2025-01-17,坡道平面,預售屋、或土地及建物分件登記案件；
光埔重劃區,114S2,2022-09-28,埔頂路,WPTNMLNLMHKGFAO96DA,埔頂路８９號,新竹市新竹市埔頂路８９號七樓之７,住宅大樓(11層含以上有電梯),房地(土地+建物)+車位,七層/十一層,0房0廳0衛,150.5,4444,35.0,-2.3,2025-01-17,坡道平面,預售屋、或土地及建物分件登記案件；
光埔重劃區,114S2,2022-09-28,埔頂路,XPTNMLNLMHKGFAO07DA,埔頂路８９號,新竹市新竹市埔頂路８９號八樓之１,住宅大樓(11層含以上有電梯),房地(土地+建物)+車位,八層/十一層,0房0廳0衛,135.5,3744,35.0,-2.3,2025-01-17,坡道平面,預售屋、或土地及建物分件登記案件；
光埔重劃區,114S2,2022-09-28,埔頂路,YPTNMLNLMHKGFAO17DA,埔頂路８９號,新竹市新竹市埔頂路８９號八樓之２,住宅大樓(11層含以上有電梯),房地(土地+建物)+車位,八層/十一層,0房0廳0衛,128.6,3936,35.0,-2.3,2025-01-17,坡道平面,預售屋、或土地及建物分件登記案件；
光埔重劃區,114S2,2022-09-28,埔頂路,ZPTNMLNLMHKGFAO27DA,埔頂路８９號,新竹市新竹市埔頂路８９號八樓之３,住宅大樓(11層含以上有電梯),房地(土地+建物)+車位,八層/十一層,0房0廳0衛,130.8,3915,35.0,-2.3,2025-01-17,坡道平面,預售屋、或土地及建物分件登記案件；
光埔重劃區,114S2,2022-09-28,埔頂路,QQTNMLNLMHKGFAO09DA,埔頂路８９號,新竹市新竹市埔頂路８９號八樓之５,住宅大樓(11層含以上有電梯),房地(土地+建物)+車位,八層/十一層,0房0廳0衛,129.9,3988,35.0,-2.3,2025-01-17,坡道平面,預售屋、或土地及建物分件登記案件；
光埔重劃區,114S2,2022-09-28,埔頂路,RQTNMLNLMHKGFAO56DA,埔頂路８９號,新竹市新竹市埔頂路８９號八樓之６,住宅大樓(11層含以上有電梯),房地(土地+建物)+車位,八層/十一層,0房0廳0衛,132.0,4061,35.0,-2.3,2025-01-17,坡道平面,預售屋、或土地及建物分件登記案件；
光埔重劃區,114S2,2022-09-28,埔頂路,SQTNMLNLMHKGFAO66DA,埔頂路８９號,新竹市新竹市埔頂路８９號八樓之７,住宅大樓(11層含以上有電梯),房地(土地+建物)+車位,八層/十一層,0房0廳0衛,141.4,4389,35.0,-2.3,2025-01-17,坡道平面,預售屋、或土地及建物分件登記案件；
光埔重劃區,114S2,2022-09-28,埔頂路,TQTNMLNLMHKGFAO76DA,埔頂路８９號,新竹市新竹市埔頂路８９號九樓之１,住宅大樓(11層含以上有電梯),房地(土地+建物)+車位,九層/十一層,0房0廳0衛,118.1,3555,35.0,-2.3,2025-01-17,坡道平面,預售屋、或土地及建物分件登記案件；
光埔重劃區,114S2,2022-09-28,埔頂路,UQTNMLNLMHKGFAO86DA,埔頂路８９號,新竹市新竹市埔頂路８９號九樓之２,住宅大樓(11層含以上有電梯),房地(土地+建物)+車位,九層/十一層,0房0廳0衛,128.3,3900,35.0,-2.3,2025-01-17,坡道平面,預售屋、或土地及建物分件登記案件；
光埔重劃區,114S2,2022-09-28,埔頂路,VQTNMLNLMHKGFAO96DA,埔頂路８９號,新竹市新竹市埔頂路８９號九樓之３,住宅大樓(11層含以上有電梯),房地(土地+建物)+車位,九層/十一層,0房0廳0衛,124.3,3807,35.0,-2.3,2025-01-17,坡道平面,預售屋、或土地及建物分件登記案件；
光埔重劃區,114S2,2022-09-28,埔頂路,WQTNMLNLMHKGFAO07DA,埔頂路８９號,新竹市新竹市埔頂路８９號九樓之５,住宅大樓(11層含以上有電梯),房地(土地+建物)+車位,九層/十一層,0房0廳0衛,125.7,3830,35.0,-2.3,2025-01-17,坡道平面,預售屋、或土地及建物分件登記案件；
光埔重劃區,114S2,2022-09-28,埔頂路,XQTNMLNLMHKGFAO17DA,埔頂路８９號,新竹市新竹市埔頂路８９號九樓之６,住宅大樓(11層含以上有電梯),房地(土地+建物)+車位,九層/十一層,0房0廳0衛,125.6,3830,35.0,-2.3,2025-01-17,坡道平面,預售屋、或土地及建物分件登記案件；
光埔重劃區,114S2,2022-09-28,埔頂路,YQTNMLNLMHKGFAO27DA,埔頂路８９號,新竹市新竹市埔頂路８９號九樓之７,住宅大樓(11層含以上有電梯),房地(土地+建物)+車位,九層/十一層,0房0廳0衛,130.5,4034,35.0,-2.3,2025-01-17,坡道平面,預售屋、或土地及建物分件登記案件；
光埔重劃區,114S2,2022-09-28,埔頂路,ZQTNMLNLMHKGFAO37DA,埔頂路８９號,新竹市新竹市埔頂路８９號十樓之１,住宅大樓(11層含以上有電梯),房地(土地+建物)+車位,十層/十一層,0房0廳0衛,116.8,3555,35.0,-2.3,2025-01-17,坡道平面,預售屋、或土地及建物分件登記案件；
光埔重劃區,114S2,2022-09-28,埔頂路,QRTNMLNLMHKGFAO56DA,埔頂路８９號,新竹市新竹市埔頂路８９號十樓之２,住宅大樓(11層含以上有電梯),房地(土地+建物)+車位,十層/十一層,0房0廳0衛,127.7,3936,35.0,-2.3,2025-01-17,坡道平面,預售屋、或土地及建物分件登記案件；
光埔重劃區,114S2,2022-09-28,埔頂路,RRTNMLNLMHKGFAO66DA,埔頂路８９號,新竹市新竹市埔頂路８９號十樓之３,住宅大樓(11層含以上有電梯),房地(土地+建物)+車位,十層/十一層,0房0廳0衛,127.1,3915,35.0,-2.3,2025-01-17,坡道平面,預售屋、或土地及建物分件登記案件；
光埔重劃區,114S2,2022-09-28,埔頂路,SRTNMLNLMHKGFAO76DA,埔頂路８９號,新竹市新竹市埔頂路８９號十樓之５,住宅大樓(11層含以上有電梯),房地(土地+建物)+車位,十層/十一層,0房0廳0衛,129.2,3988,35.0,-2.3,2025-01-17,坡道平面,預售屋、或土地及建物分件登記案件；
光埔重劃區,114S2,2022-09-28,埔頂路,TRTNMLNLMHKGFAO86DA,埔頂路８９號,新竹市新竹市埔頂路８９號十樓之６,住宅大樓(11層含以上有電梯),房地(土地+建物)+車位,十層/十一層,0房0廳0衛,131.3,4061,35.0,-2.3,2025-01-17,坡道平面,預售屋、或土地及建物分件登記案件；
光埔重劃區,114S2,2022-09-28,埔頂路,URTNMLNLMHKGFAO96DA,埔頂路８９號,新竹市新竹市埔頂路８９號十樓之７,住宅大樓(11層含以上有電梯),房地(土地+建物)+車位,十層/十一層,0房0廳0衛,139.4,4378,35.0,-2.3,2025-01-17,坡道平面,預售屋、或土地及建物分件登記案件；
光埔重劃區,114S2,2022-09-28,埔頂路,VRTNMLNLMHKGFAO07DA,埔頂路８９號,新竹市新竹市埔頂路８９號十一樓之１,住宅大樓(11層含以上有電梯),房地(土地+建物)+車位,十一層/十一層,0房0廳0衛,118.4,3555,35.0,-2.3,2025-01-17,坡道平面,預售屋、或土地及建物分件登記案件；
光埔重劃區,114S2,2022-09-28,埔頂路,WRTNMLNLMHKGFAO17DA,埔頂路８９號,新竹市新竹市埔頂路８９號十一樓之２,住宅大樓(11層含以上有電梯),房地(土地+建物)+車位,十一層/十一層,0房0廳0衛,127.7,3925,35.0,-2.3,2025-01-17,坡道平面,預售屋、或土地及建物分件登記案件；
光埔重劃區,114S2,2022-09-28,埔頂路,XRTNMLNLMHKGFAO27DA,埔頂路８９號,新竹市新竹市埔頂路８９號十一樓之３,住宅大樓(11層含以上有電梯),房地(土地+建物)+車位,十一層/十一層,0房0廳0衛,127.4,3915,35.0,-2.3,2025-01-17,坡道平面,預售屋、或土地及建物分件登記案件；
光埔重劃區,114S2,2022-09-28,埔頂路,YRTNMLNLMHKGFAO37DA,埔頂路８９號,新竹市新竹市埔頂路８９號十一樓之５,住宅大樓(11層含以上有電梯),房地(土地+建物)+車位,十一層/十一層,0房0廳0衛,130.8,4011,35.0,-2.3,2025-01-17,坡道平面,預售屋、或土地及建物分件登記案件；
光埔重劃區,114S2,2022-09-28,埔頂路,ZRTNMLNLMHKGFAO47DA,埔頂路８９號,新竹市新竹市埔頂路８９號十一樓之６,住宅大樓(11層含以上有電梯),房地(土地+建物)+車位,十一層/十一層,0房0廳0衛,132.4,4061,35.0,-2.3,2025-01-17,坡道平面,預售屋、或土地及建物分件登記案件；
光埔重劃區,114S2,2022-09-28,埔頂路,QSTNMLNLMHKGFAO66DA,埔頂路８９號,新竹市新竹市埔頂路８９號十一樓之７,住宅大樓(11層含以上有電梯),房地(土地+建物)+車位,十一層/十一層,0房0廳0衛,141.1,4378,35.0,-2.3,2025-01-17,坡道平面,預售屋、或土地及建物分件登記案件；
光埔重劃區,114S2,2022-10-15,埔頂路,RPUNMLOLMHKGFAO66DA,埔頂路８９號,新竹市新竹市埔頂路８９號三樓之５,住宅大樓(11層含以上有電梯),房地(土地+建物)+車位,三層/十一層,0房0廳0衛,123.2,3800,34.2,-2.2,2025-01-17,坡道平面,預售屋、或土地及建物分件登記案件；
光埔重劃區,114S2,2023-01-08,埔頂路,RPTNMLOLMHKGFAO56DA,埔頂路８９號,新竹市新竹市埔頂路８９號三樓之３,住宅大樓(11層含以上有電梯),房地(土地+建物)+車位,三層/十一層,0房0廳0衛,133.8,3990,33.9,-2.0,2025-01-17,坡道平面,預售屋、或土地及建物分件登記案件；
光埔重劃區,114S1,2023-03-21,埔頂一路,RPUPMLTLJIJGFAO07DA,埔頂一路１９５號,新竹市新竹市埔頂一路１９５號五樓之２,華廈(10層含以下有電梯),房地(土地+建物),五層/六層,1房1廳1衛,10.7,670,62.8,-1.4,2024-08-23,,預售屋、或土地及建物分件登記案件；
光埔重劃區,114S1,2023-03-29,埔頂一路,RPXOMLTLJIJGFAO27DA,埔頂一路１９５號,新竹市新竹市埔頂一路１９５號三樓之１,華廈(10層含以下有電梯),房地(土地+建物),三層/六層,1房1廳1衛,10.7,525,49.2,-1.4,2024-08-23,,預售屋、或土地及建物分件登記案件；
光埔重劃區,114S2,2023-04-10,埔頂路,RPSOMLOLMHKGFAO56DA,埔頂路８９號,新竹市新竹市埔頂路８９號六樓之３,住宅大樓(11層含以上有電梯),房地(土地+建物)+車位,六層/十一層,0房0廳0衛,145.5,3998,33.5,-1.8,2025-01-17,坡道平面,預售屋、或土地及建物分件登記案件；
光埔重劃區,114S1,2023-05-01,埔頂一路,RPPPMLTLJIJGFAO56DA,埔頂一路１９５號,新竹市新竹市埔頂一路１９５號四樓之２,華廈(10層含以下有電梯),房地(土地+建物),四層/六層,1房1廳1衛,10.7,668,62.6,-1.2,2024-08-23,,預售屋、或土地及建物分件登記案件；
光埔重劃區,114S1,2023-05-08,埔頂一路,RPWPMLTLJIJGFAO27DA,埔頂一路１９５號,新竹市新竹市埔頂一路１９５號六樓之３,華廈(10層含以下有電梯),房地(土地+建物),六層/六層,1房1廳1衛,10.7,580,54.4,-1.2,2024-08-23,,預售屋、或土地及建物分件登記案件；
光埔重劃區,114S1,2023-05-20,埔頂一路,RPPOMLSLJIJGFAO98DA,埔頂一路１９５號,新竹市新竹市埔頂一路１９５號二樓之３,華廈(10層含以下有電梯),房地(土地+建物),二層/六層,1房1廳1衛,10.7,560,52.5,-1.2,2024-08-23,,預售屋、或土地及建物分件登記案件；
光埔重劃區,115S1,2023-05-22,埔頂一路,RPOOMLLLKIKGFAO38DA,埔頂一路５００號,新竹市新竹市埔頂一路５００號十二樓之２,住宅大樓(11層含以上有電梯),房地(土地+建物)+車位,十二層/十五層,3房2廳2衛,75.4,3999,69.5,-2.5,2025-11-20,坡道平面,預售屋、或土地及建物分件登記案件；
光埔重劃區,115S1,2023-05-29,埔頂一路,RPXNMLLLKIKGFAO56DA,埔頂一路５０２號,新竹市新竹市埔頂一路５０２號十二樓之１,住宅大樓(11層含以上有電梯),房地(土地+建物)+車位,十二層/十五層,3房2廳2衛,57.7,3546,70.4,-2.5,2025-11-20,坡道平面,預售屋、或土地及建物分件登記案件；
光埔重劃區,114S2,2023-05-30,埔頂路,RPSNMLOLMHKGFAO09DA,埔頂路８９號,新竹市新竹市埔頂路８９號三樓之２,住宅大樓(11層含以上有電梯),房地(土地+建物)+車位,三層/十一層,0房0廳0衛,142.4,3920,32.9,-1.7,2025-01-17,坡道平面,預售屋、或土地及建物分件登記案件；
光埔重劃區,114S1,2023-06-01,埔頂一路,RPQPMLTLJIJGFAO66DA,埔頂一路１９５號,新竹市新竹市埔頂一路１９５號四樓之１,華廈(10層含以下有電梯),房地(土地+建物),四層/六層,1房1廳1衛,10.7,308,28.9,-1.2,2024-08-23,,預售屋、或土地及建物分件登記案件；
光埔重劃區,114S1,2023-06-02,埔頂一路,RPTOMLKLKIJGFAO68DA,埔頂一路１９５號,新竹市新竹市埔頂一路１９５號四樓之３,華廈(10層含以下有電梯),房地(土地+建物),四層/六層,1房1廳1衛,10.7,680,63.8,-1.2,2024-08-23,,預售屋、或土地及建物分件登記案件；
光埔重劃區,114S1,2023-06-13,埔頂一路,RPROMLPJKIJGFAO78DA,埔頂一路１９５號,新竹市新竹市埔頂一路１９５號二樓之１,華廈(10層含以下有電梯),房地(土地+建物),二層/六層,1房1廳1衛,10.7,640,60.0,-1.2,2024-08-23,,預售屋、或土地及建物分件登記案件；
光埔重劃區,114S1,2023-06-15,埔頂一路,RPWOMLTLJIJGFAO17DA,埔頂一路１９５號,新竹市新竹市埔頂一路１９５號三樓之２,華廈(10層含以下有電梯),房地(土地+建物),三層/六層,1房1廳1衛,10.7,677,63.5,-1.2,2024-08-23,,預售屋、或土地及建物分件登記案件；
光埔重劃區,114S1,2023-06-19,埔頂一路,RPWOMLNJKIJGFAO09DA,埔頂一路１９５號,新竹市新竹市埔頂一路１９５號六樓之７,華廈(10層含以下有電梯),房地(土地+建物)+車位,六層/六層,2房0廳2衛,25.8,1150,62.5,-1.2,2024-08-23,坡道平面,預售屋、或土地及建物分件登記案件；
光埔重劃區,114S1,2023-06-20,埔頂一路,RPPQMLTLJIJGFAO66DA,埔頂一路１９５號,新竹市新竹市埔頂一路１９５號六樓之２,華廈(10層含以下有電梯),房地(土地+建物),六層/六層,1房1廳1衛,10.7,630,59.1,-1.2,2024-08-23,,預售屋、或土地及建物分件登記案件；
光埔重劃區,114S1,2023-06-27,埔頂一路,RPTPMLTLJIJGFAO96DA,埔頂一路１９５號,新竹市新竹市埔頂一路１９５號五樓之３,華廈(10層含以下有電梯),房地(土地+建物),五層/六層,1房1廳1衛,10.7,530,49.7,-1.2,2024-08-23,,預售屋、或土地及建物分件登記案件；
光埔重劃區,114S1,2023-06-28,埔頂一路,RPVOMLNJKIJGFAO98DA,埔頂一路１９５號,新竹市新竹市埔頂一路１９５號四樓之６,華廈(10層含以下有電梯),房地(土地+建物),四層/六層,2房0廳2衛,15.8,880,55.7,-1.2,2024-08-23,,預售屋、或土地及建物分件登記案件；
光埔重劃區,115S2,2023-06-28,埔頂一路,RPPNMLRLLHLGFAO09DA,埔頂一路５０２號,新竹市新竹市埔頂一路５０２號十一樓之１,住宅大樓(11層含以上有電梯),房地(土地+建物)+車位,十一層/十五層,3房2廳2衛,57.3,3523,69.7,-2.4,2025-11-20,坡道平面,預售屋、或土地及建物分件登記案件；
光埔重劃區,114S1,2023-06-29,埔頂一路,RPQQMLTLJIJGFAO76DA,埔頂一路１９５號,新竹市新竹市埔頂一路１９５號六樓之１,華廈(10層含以下有電梯),房地(土地+建物),六層/六層,1房1廳1衛,10.7,610,57.1,-1.2,2024-08-23,,土地價金為305萬元整；建物價金為305萬元整。預售屋權利轉售，讓渡日期：113年9月10日，權利買賣契約成交價格 61
光埔重劃區,114S1,2023-06-29,埔頂一路,RPQWMLRKKIJGFAO17DA,埔頂一路１９５號,新竹市新竹市埔頂一路１９５號三樓之７,華廈(10層含以下有電梯),房地(土地+建物),三層/六層,2房0廳2衛,15.8,990,62.6,-1.2,2024-08-23,,預售屋、或土地及建物分件登記案件；
光埔重劃區,114S1,2023-06-29,埔頂一路,RPUWMLRKKIJGFAO57DA,埔頂一路１９５號,新竹市新竹市埔頂一路１９５號五樓之１,華廈(10層含以下有電梯),房地(土地+建物),五層/六層,1房1廳1衛,10.7,660,61.8,-1.2,2024-08-23,,預售屋、或土地及建物分件登記案件；
光埔重劃區,115S1,2023-07-30,埔頂一路,RPUNMLLLKIKGFAO88DA,埔頂一路５０２號,新竹市新竹市埔頂一路５０２號六樓之１,住宅大樓(11層含以上有電梯),房地(土地+建物)+車位,六層/十五層,3房2廳2衛,57.7,3405,67.2,-2.3,2025-11-20,坡道平面,預售屋、或土地及建物分件登記案件；
光埔重劃區,115S1,2023-11-11,埔頂一路,RPSPMLNLKIKGFAO09DA,埔頂一路５００號,新竹市新竹市埔頂一路５００號五樓之２,住宅大樓(11層含以上有電梯),房地(土地+建物)+車位,五層/十五層,3房2廳2衛,70.0,3762,67.1,-2.0,2025-11-20,坡道平面,113.05.19協議變更加購車位，變更後為52、53車號，面積各為36.14㎡，價格各為265萬。總價變更為：3762
光埔重劃區,115S1,2024-02-17,埔頂一路,RPPQMLNLKIKGFAO88DA,埔頂一路５０２號,新竹市新竹市埔頂一路５０２號十三樓之１,住宅大樓(11層含以上有電梯),房地(土地+建物)+車位,十三層/十五層,3房2廳2衛,68.2,3820,70.5,-1.8,2025-11-20,坡道平面,預售屋、或土地及建物分件登記案件；
光埔重劃區,115S1,2024-02-25,埔頂一路,RPOQMLNLKIKGFAO78DA,埔頂一路５０２號,新竹市新竹市埔頂一路５０２號十樓之２,住宅大樓(11層含以上有電梯),房地(土地+建物)+車位,十層/十五層,3房2廳2衛,68.4,3750,69.2,-1.8,2025-11-20,坡道平面,預售屋、或土地及建物分件登記案件；
光埔重劃區,115S1,2024-02-25,埔頂一路,RPQNMLNJKHLGFAO48DA,埔頂一路５０２號,新竹市新竹市埔頂一路５０２號十樓之１,住宅大樓(11層含以上有電梯),房地(土地+建物)+車位,十層/十五層,3房2廳2衛,71.3,3735,69.2,-1.8,2025-11-20,坡道平面,預售屋、或土地及建物分件登記案件；
光埔重劃區,115S1,2024-03-10,埔頂一路,RPTOMLLLKIKGFAO88DA,埔頂一路５００號,新竹市新竹市埔頂一路５００號六樓之２,住宅大樓(11層含以上有電梯),房地(土地+建物)+車位,六層/十五層,3房2廳2衛,60.4,3518,67.2,-1.7,2025-11-20,坡道平面,預售屋、或土地及建物分件登記案件；
光埔重劃區,113S3,2024-03-13,慈雲路,RPPNMLTKNHJGFAO56DA,慈雲路１１９號,新竹市新竹市慈雲路１１９號十樓之１,住宅大樓(11層含以上有電梯),房地(土地+建物)+車位,十層/二十八層,2房2廳2衛,55.0,3288,59.8,8.2,2016-01-25,坡道平面,陽台加窗其他增建；
光埔重劃區,113S3,2024-03-27,慈雲路,RPOOMLNJOHJGFAO58DA,慈雲路８６號,新竹市新竹市慈雲路８６號十樓之１,住宅大樓(11層含以上有電梯),房地(土地+建物)+車位,十層/二十九層,3房2廳2衛,53.6,2870,53.6,4.9,2019-04-25,坡道平面,
光埔重劃區,113S3,2024-03-30,埔頂一路,RPVNMLSLNHJGFAO17DA,埔頂一路１０１號,新竹市新竹市埔頂一路１０１號三樓之１５,住宅大樓(11層含以上有電梯),房地(土地+建物)+車位,三層/二十一層,1房1廳1衛,38.5,2083,54.1,3.8,2020-05-12,坡道平面,夾層；
光埔重劃區,113S4,2024-03-30,埔頂二路,RPTNMLNLRHJGFAO86DA,埔頂二路３０號,新竹市新竹市埔頂二路３０號二十二樓,住宅大樓(11層含以上有電梯),房地(土地+建物)+車位,二十二層/二十四層,2房2廳1衛,34.6,2028,58.7,3.2,2021-01-04,坡道平面,
光埔重劃區,113S3,2024-04-02,埔頂三路,RPSNMLNJRHJGFAO56DA,埔頂三路３０號,新竹市新竹市埔頂三路３０號二十九樓之３,住宅大樓(11層含以上有電梯),房地(土地+建物)+車位,二十九層/二十九層,3房1廳2衛,42.7,1920,44.9,0.9,2023-05-30,坡道平面,
光埔重劃區,113S3,2024-04-03,埔頂三路,RPVPMLOJPHJGFAO96DA,埔頂三路３２號,新竹市新竹市埔頂三路３２號十二樓之１,住宅大樓(11層含以上有電梯),房地(土地+建物)+車位,十二層/二十九層,2房2廳1衛,32.3,1900,58.8,0.9,2023-05-30,坡道平面,
光埔重劃區,113S3,2024-04-09,慈雲路,RPQNMLLKPHJGFAO78EA,慈雲路１３５號,新竹市新竹市慈雲路１３５號二十一樓之７,住宅大樓(11層含以上有電梯),房地(土地+建物)+車位,二十一層/二十八層,3房2廳2衛,55.2,3170,57.4,9.3,2014-12-08,坡道平面,
光埔重劃區,115S1,2024-04-10,埔頂一路,RPRNMLLLKIKGFAO58DA,埔頂一路５０２號,新竹市新竹市埔頂一路５０２號九樓之１,住宅大樓(11層含以上有電梯),房地(土地+建物)+車位,九層/十五層,3房2廳2衛,57.7,3510,69.4,-1.6,2025-11-20,坡道平面,預售屋、或土地及建物分件登記案件；
光埔重劃區,114S2,2024-04-11,埔頂路,RPQOMLOLMHKGFAO98DA,埔頂路８９號,新竹市新竹市埔頂路８９號四樓之５,住宅大樓(11層含以上有電梯),房地(土地+建物)+車位,四層/十一層,0房0廳0衛,128.1,3650,33.0,-0.8,2025-01-17,坡道平面,預售屋、或土地及建物分件登記案件；
光埔重劃區,114S2,2024-04-11,埔頂路,RPROMLOLMHKGFAO09DA,埔頂路８９號,新竹市新竹市埔頂路８９號四樓之６,住宅大樓(11層含以上有電梯),房地(土地+建物)+車位,四層/十一層,0房0廳0衛,128.4,3650,33.0,-0.8,2025-01-17,坡道平面,預售屋、或土地及建物分件登記案件；
光埔重劃區,115S1,2024-04-14,埔頂一路,RPTNMLLLKIKGFAO78DA,埔頂一路５００號,新竹市新竹市埔頂一路５００號七樓之２,住宅大樓(11層含以上有電梯),房地(土地+建物)+車位,七層/十五層,3房2廳2衛,58.8,3533,67.9,-1.6,2025-11-20,坡道平面,預售屋、或土地及建物分件登記案件；
光埔重劃區,113S3,2024-04-15,慈雲路,RPPOMLMKPHJGFAO78DA,慈雲路８６號,新竹市新竹市慈雲路８６號十六樓之３,住宅大樓(11層含以上有電梯),房地(土地+建物)+車位,十六層/二十九層,3房2廳2衛,49.7,2720,54.7,5.0,2019-04-25,坡道平面,
光埔重劃區,113S3,2024-04-16,埔頂三路,RPUPMLSKOHJGFAO27DA,埔頂三路３２號,新竹市新竹市埔頂三路３２號二十四樓之７,住宅大樓(11層含以上有電梯),房地(土地+建物)+車位,二十四層/二十九層,3房2廳2衛,45.2,2588,57.2,0.9,2023-05-30,坡道平面,
光埔重劃區,113S3,2024-04-17,慈雲路,RPRNMLQKPHJGFAO66DA,慈雲路８５號,新竹市新竹市慈雲路８５號十八樓之１,住宅大樓(11層含以上有電梯),房地(土地+建物)+車位,十八層/二十七層,3房2廳2衛,56.9,3230,56.8,8.3,2015-12-08,坡道平面,
光埔重劃區,113S3,2024-04-19,慈雲路,RPQNMLSJPHJGFAO76EA,慈雲路８２號,新竹市新竹市慈雲路８２號十四樓之１,住宅大樓(11層含以上有電梯),房地(土地+建物)+車位,十四層/二十九層,3房2廳2衛,53.6,2890,53.9,5.0,2019-04-25,坡道平面,
光埔重劃區,113S3,2024-04-21,慈雲路,RPTPMLMJPHJGFAO56DA,慈雲路６７號,新竹市新竹市慈雲路６７號,住宅大樓(11層含以上有電梯),房地(土地+建物)+車位,一層，二層，騎樓，見其他登記事項/二十七層,0房0廳0衛,111.0,4666,46.9,8.3,2015-12-08,坡道平面,
光埔重劃區,113S3,2024-04-25,慈雲路,RPRPMLSKOHJGFAO96DA,慈雲路１２１號,新竹市新竹市慈雲路１２１號十樓之１,住宅大樓(11層含以上有電梯),房地(土地+建物)+車位,十層/二十八層,4房2廳2衛,68.3,3800,55.6,8.2,2016-01-25,坡道平面,
光埔重劃區,115S1,2024-04-27,埔頂一路,RPROMLLLKIKGFAO68DA,埔頂一路５０２號,新竹市新竹市埔頂一路５０２號八樓之１,住宅大樓(11層含以上有電梯),房地(土地+建物)+車位,八層/十五層,3房2廳2衛,57.3,3515,69.1,-1.6,2025-11-20,坡道平面,預售屋、或土地及建物分件登記案件；
光埔重劃區,115S1,2024-04-27,埔頂一路,RPRNMLMLKIKGFAO68DA,埔頂一路５００號,新竹市新竹市埔頂一路５００號三樓之２,住宅大樓(11層含以上有電梯),房地(土地+建物)+車位,三層/十五層,3房2廳2衛,58.8,3478,66.9,-1.6,2025-11-20,坡道平面,預售屋、或土地及建物分件登記案件；
光埔重劃區,115S1,2024-04-27,埔頂一路,RPQNMLRLJHLGFAO98DA,埔頂一路５００號,新竹市新竹市埔頂一路５００號十樓之２,住宅大樓(11層含以上有電梯),房地(土地+建物)+車位,十層/十五層,3房2廳2衛,60.4,3600,68.9,-1.6,2025-11-20,坡道平面,預售屋、或土地及建物分件登記案件；
光埔重劃區,113S3,2024-04-28,東光路,RPQQMLKMMHJGFAO78DA,東光路３９號,新竹市新竹市東光路３９號十三樓,住宅大樓(11層含以上有電梯),房地(土地+建物)+車位,十三層/十四層,3房2廳2衛,51.5,2900,56.4,11.8,2012-06-25,坡道平面,其他增建；
光埔重劃區,113S3,2024-04-28,慈雲路,RPPQMLTLMHJGFAO86DA,慈雲路８９號,新竹市新竹市慈雲路８９號十九樓之５,住宅大樓(11層含以上有電梯),房地(土地+建物)+車位,十九層/二十七層,3房2廳2衛,59.6,3300,55.3,8.3,2015-12-08,坡道平面,
光埔重劃區,113S3,2024-04-28,埔頂一路,RPUSMLSKOHJGFAO57DA,埔頂一路１０１號,新竹市新竹市埔頂一路１０１號十樓之６,住宅大樓(11層含以上有電梯),房地(土地+建物)+車位,十層/二十一層,1房1廳1衛,32.5,1680,51.6,3.9,2020-05-12,坡道平面,
光埔重劃區,115S1,2024-04-29,埔頂一路,RPSOMLLLKIKGFAO78DA,埔頂一路５００號,新竹市新竹市埔頂一路５００號八樓之２,住宅大樓(11層含以上有電梯),房地(土地+建物)+車位,八層/十五層,3房2廳2衛,70.0,3815,68.2,-1.6,2025-11-20,坡道平面,預售屋、或土地及建物分件登記案件；
光埔重劃區,115S1,2024-05-06,埔頂一路,RPSNMLLLKIKGFAO68DA,埔頂一路５０２號,新竹市新竹市埔頂一路５０２號七樓之１,住宅大樓(11層含以上有電梯),房地(土地+建物)+車位,七層/十五層,3房2廳2衛,57.7,3465,68.6,-1.5,2025-11-20,坡道平面,預售屋、或土地及建物分件登記案件；
光埔重劃區,115S1,2024-05-07,埔頂一路,RPOPMLNLKIKGFAO68DA,埔頂一路５０２號,新竹市新竹市埔頂一路５０２號十四樓之１,住宅大樓(11層含以上有電梯),房地(土地+建物)+車位,十四層/十五層,3房2廳2衛,57.3,3595,71.3,-1.5,2025-11-20,坡道平面,預售屋、或土地及建物分件登記案件；
光埔重劃區,113S3,2024-05-11,慈雲路,RPOSMLPLOHJGFAO76DA,慈雲路８６號,新竹市新竹市慈雲路８６號七樓之１,住宅大樓(11層含以上有電梯),房地(土地+建物)+車位,七層/二十九層,3房2廳2衛,53.6,2798,52.2,5.1,2019-04-25,坡道平面,
光埔重劃區,113S3,2024-05-12,慈雲路,RPXPMLSLNHJGFAO57DA,慈雲路１２１號,新竹市新竹市慈雲路１２１號十七樓之３,住宅大樓(11層含以上有電梯),房地(土地+建物)+車位,十七層/二十八層,3房2廳2衛,50.7,3188,62.8,8.3,2016-01-25,坡道平面,
光埔重劃區,113S3,2024-05-12,慈雲路,RPUOMLRKOHJGFAO07DA,慈雲路８５號,新竹市新竹市慈雲路８５號十四樓之５,住宅大樓(11層含以上有電梯),房地(土地+建物)+車位,十四層/二十七層,3房2廳2衛,74.9,3590,47.9,8.4,2015-12-08,坡道平面,
光埔重劃區,114S1,2024-05-17,埔頂三路,RPWNMLLLNHJGFAO56DA,埔頂三路１１１號,新竹市新竹市埔頂三路１１１號八樓,住宅大樓(11層含以上有電梯),房地(土地+建物)+車位,八層/十二層,3房2廳2衛,43.9,2235,50.9,13.0,2011-05-01,坡道平面,陽台外推；
光埔重劃區,113S3,2024-05-18,埔頂二路,RPOQMLNJPHJGFAO88DA,埔頂二路３２號,新竹市新竹市埔頂二路３２號二十四樓,住宅大樓(11層含以上有電梯),房地(土地+建物)+車位,二十四層/二十四層,2房2廳1衛,33.2,1950,58.8,3.3,2021-01-04,坡道平面,
光埔重劃區,115S1,2024-05-21,埔頂一路,RPWNMLLLKIKGFAO09DA,埔頂一路５００號,新竹市新竹市埔頂一路５００號九樓之２,住宅大樓(11層含以上有電梯),房地(土地+建物)+車位,九層/十五層,3房2廳2衛,58.8,3570,68.4,-1.5,2025-11-20,坡道平面,預售屋、或土地及建物分件登記案件；
光埔重劃區,113S3,2024-05-24,埔頂一路,RPTPMLOLNHJGFAO76DA,埔頂一路２７６號,新竹市新竹市埔頂一路２７６號八樓,住宅大樓(11層含以上有電梯),房地(土地+建物)+車位,八層/十四層,2房1廳1衛,37.6,1750,46.6,6.1,2018-04-17,坡道平面,親友、員工、共有人或其他特殊關係間之交易；
光埔重劃區,113S3,2024-05-24,埔頂三路,RPUNMLQLQHJGFAO27EA,埔頂三路１６０號,新竹市新竹市埔頂三路１６０號十四樓之３,住宅大樓(11層含以上有電梯),房地(土地+建物)+車位,十四層/十五層,2房2廳1衛,35.7,2080,58.2,12.2,2012-02-29,坡道平面,陽台外推；其他增建；
光埔重劃區,115S1,2024-05-24,埔頂一路,RPQPMLQJJHLGFAO88DA,埔頂一路５００號,新竹市新竹市埔頂一路５００號四樓之１,住宅大樓(11層含以上有電梯),房地(土地+建物)+車位,四層/十五層,3房2廳2衛,59.0,3490,66.7,-1.5,2025-11-20,坡道平面,預售屋、或土地及建物分件登記案件；
光埔重劃區,115S1,2024-05-24,埔頂一路,RPVNMLNKJHLGFAO98DA,埔頂一路５００號,新竹市新竹市埔頂一路５００號五樓之１,住宅大樓(11層含以上有電梯),房地(土地+建物)+車位,五層/十五層,3房2廳2衛,59.0,3527,66.9,-1.5,2025-11-20,坡道平面,預售屋、或土地及建物分件登記案件；
光埔重劃區,113S3,2024-05-26,埔頂一路,RPWOMLLKPHJGFAO76DA,埔頂一路４７６號,新竹市新竹市埔頂一路４７６號十三樓,住宅大樓(11層含以上有電梯),房地(土地+建物)+車位,十三層/二十層,2房2廳2衛,51.1,2600,50.9,12.6,2011-10-01,坡道平面,陽台加窗土地2200萬 建物325萬其他增建；
光埔重劃區,114S2,2024-05-28,埔頂路,RPWNMLOLMHKGFAO86DA,埔頂路８９號,新竹市新竹市埔頂路８９號六樓之７,住宅大樓(11層含以上有電梯),房地(土地+建物)+車位,六層/十一層,0房0廳0衛,138.5,4338,34.4,-0.7,2025-01-17,坡道平面,預售屋、或土地及建物分件登記案件；
光埔重劃區,113S3,2024-06-08,埔頂三路,RPTNMLTKPHJGFAO27EA,埔頂三路３８號,新竹市新竹市埔頂三路３８號十一樓之６,住宅大樓(11層含以上有電梯),房地(土地+建物)+車位,十一層/二十九層,2房2廳1衛,35.4,1750,49.4,1.1,2023-05-30,坡道平面,
光埔重劃區,113S4,2024-06-10,埔頂二路,RPUNMLTJRHJGFAO37DA,埔頂二路５２號,新竹市新竹市埔頂二路５２號,住宅大樓(11層含以上有電梯),房地(土地+建物),一層，二層/二十四層,0房0廳0衛,35.2,2692,76.4,3.4,2021-01-04,,親友、員工、共有人或其他特殊關係間之交易；
光埔重劃區,114S2,2024-06-10,慈雲路,RPVNMLTLNHKGFAO37DA,慈雲路８２號,新竹市新竹市慈雲路８２號九樓之１,住宅大樓(11層含以上有電梯),房地(土地+建物)+車位,九層/二十九層,3房2廳2衛,53.6,2780,51.9,5.2,2019-04-25,坡道平面,
光埔重劃區,113S3,2024-06-11,埔頂三路,RPQNMLLLQHJGFAO98EA,埔頂三路３６號,新竹市新竹市埔頂三路３６號二十四樓之１,住宅大樓(11層含以上有電梯),房地(土地+建物)+車位,二十四層/二十九層,2房2廳1衛,42.1,1790,42.5,1.1,2023-05-30,坡道平面,
光埔重劃區,115S1,2024-06-11,埔頂一路,RPRNMLRLJHLGFAO09DA,埔頂一路５００號,新竹市新竹市埔頂一路５００號十三樓之１,住宅大樓(11層含以上有電梯),房地(土地+建物)+車位,十三層/十五層,3房2廳2衛,64.5,3890,70.2,-1.4,2025-11-20,坡道平面,預售屋、或土地及建物分件登記案件；
光埔重劃區,113S3,2024-06-12,慈雲路,RPWOMLMJPHJGFAO76DA,慈雲路１１８號,新竹市新竹市慈雲路１１８號十五樓之１,住宅大樓(11層含以上有電梯),房地(土地+建物)+車位,十五層/三十層,0房0廳0衛,102.0,4467,52.0,7.7,2016-10-04,坡道平面,含裝潢費480000元；
光埔重劃區,113S3,2024-06-12,慈雲路,RPXOMLMJPHJGFAO86DA,慈雲路１１８號,新竹市新竹市慈雲路１１８號十五樓之２,住宅大樓(11層含以上有電梯),房地(土地+建物)+車位,十五層/三十層,0房0廳0衛,125.4,5545,52.0,7.7,2016-10-04,坡道平面,含裝潢費540000元；
光埔重劃區,113S3,2024-06-12,慈雲路,RPOPMLMJPHJGFAO68DA,慈雲路１１８號,新竹市新竹市慈雲路１１８號十五樓之３,住宅大樓(11層含以上有電梯),房地(土地+建物)+車位,十五層/三十層,0房0廳0衛,49.7,2428,52.0,7.7,2016-10-04,坡道機械,含裝潢費290000元；
光埔重劃區,113S3,2024-06-13,埔頂二路,RPVOMLMJPHJGFAO66DA,埔頂二路１３１號,新竹市新竹市埔頂二路１３１號五樓之８,華廈(10層含以下有電梯),房地(土地+建物)+車位,五層/七層,2房2廳2衛,41.8,2430,58.1,2.2,2022-03-30,坡道平面,
光埔重劃區,114S2,2024-06-14,慈雲路,RPSNMLOLLHKGFAO09EA,慈雲路８０號,新竹市新竹市慈雲路８０號二十三樓之６,住宅大樓(11層含以上有電梯),房地(土地+建物)+車位,二十三層/二十九層,3房2廳2衛,53.7,3125,58.2,5.2,2019-04-25,坡道平面,
光埔重劃區,113S3,2024-06-15,慈雲路,RPTPMLQLOHJGFAO07DA,慈雲路８６號,新竹市新竹市慈雲路８６號七樓之６,住宅大樓(11層含以上有電梯),房地(土地+建物)+車位,七層/二十九層,3房2廳2衛,53.0,2880,54.4,5.2,2019-04-25,坡道平面,
光埔重劃區,115S1,2024-06-15,埔頂一路,RPWPMLNLKIKGFAO86DA,埔頂一路５００號,新竹市新竹市埔頂一路５００號十三樓之２,住宅大樓(11層含以上有電梯),房地(土地+建物)+車位,十三層/十五層,3房2廳2衛,68.8,3945,70.9,-1.4,2025-11-20,坡道平面,預售屋、或土地及建物分件登記案件；
光埔重劃區,113S4,2024-06-22,埔頂三路,RPQNMLRJIIJGFAO68EA,埔頂三路９７號,新竹市新竹市埔頂三路９７號九樓,住宅大樓(11層含以上有電梯),房地(土地+建物)+車位,九層/十四層,4房2廳2衛,52.8,2622,49.6,13.1,2011-05-01,坡道平面,陽台外推；
光埔重劃區,115S1,2024-06-22,埔頂一路,RPVNMLLLKIKGFAO98DA,埔頂一路５００號,新竹市新竹市埔頂一路５００號六樓之１,住宅大樓(11層含以上有電梯),房地(土地+建物)+車位,六層/十五層,3房2廳2衛,59.4,3580,68.3,-1.4,2025-11-20,坡道平面,預售屋、或土地及建物分件登記案件；
光埔重劃區,115S1,2024-06-22,埔頂一路,RPUPMLNLKIKGFAO66DA,埔頂一路５００號,新竹市新竹市埔頂一路５００號十一樓之１,住宅大樓(11層含以上有電梯),房地(土地+建物)+車位,十一層/十五層,3房2廳2衛,59.0,3630,69.6,-1.4,2025-11-20,坡道平面,預售屋、或土地及建物分件登記案件；
光埔重劃區,115S1,2024-06-22,埔頂一路,RPVOMLNLKIKGFAO66DA,埔頂一路５０２號,新竹市新竹市埔頂一路５０２號八樓之２,住宅大樓(11層含以上有電梯),房地(土地+建物)+車位,八層/十五層,3房2廳2衛,57.5,3538,69.9,-1.4,2025-11-20,坡道平面,預售屋、或土地及建物分件登記案件；
光埔重劃區,113S3,2024-06-23,慈雲路,RPQNMLQJQHJGFAO66EA,慈雲路８２號,新竹市新竹市慈雲路８２號二十七樓之３,住宅大樓(11層含以上有電梯),房地(土地+建物)+車位,二十七層/二十九層,3房2廳2衛,49.7,3186,64.0,5.2,2019-04-25,坡道平面,
光埔重劃區,113S3,2024-06-24,埔頂二路,RPRPMLSJPHJGFAO96DA,埔頂二路３２號,新竹市新竹市埔頂二路３２號六樓,住宅大樓(11層含以上有電梯),房地(土地+建物)+車位,六層/二十四層,2房1廳1衛,32.5,1800,55.4,3.4,2021-01-04,坡道平面,
光埔重劃區,113S3,2024-06-27,慈雲路,RPWNMLOKQHJGFAO07DA,慈雲路８９號,新竹市新竹市慈雲路８９號十四樓之５,住宅大樓(11層含以上有電梯),房地(土地+建物)+車位,十四層/二十七層,3房2廳2衛,59.6,3488,58.5,8.5,2015-12-08,坡道平面,
光埔重劃區,113S3,2024-06-28,埔頂一路,RPUOMLMLPHJGFAO76DA,埔頂一路４３８號,新竹市新竹市埔頂一路４３８號六樓,住宅大樓(11層含以上有電梯),房地(土地+建物)+車位,六層/十四層,3房2廳2衛,52.0,3050,58.7,11.2,2013-04-08,坡道平面,
光埔重劃區,113S3,2024-07-06,埔頂三路,RPVOMLLJQHJGFAO66DA,埔頂三路１１１號,新竹市新竹市埔頂三路１１１號十樓,住宅大樓(11層含以上有電梯),房地(土地+建物)+車位,十層/十二層,3房2廳2衛,43.8,2680,61.1,13.2,2011-05-01,坡道平面,陽台外推；
光埔重劃區,113S3,2024-07-07,慈雲路,RPVOMLQKPHJGFAO17DA,慈雲路１２１號,新竹市新竹市慈雲路１２１號十七樓之５,住宅大樓(11層含以上有電梯),房地(土地+建物)+車位,十七層/二十八層,3房2廳2衛,50.7,3250,64.1,8.5,2016-01-25,坡道平面,
光埔重劃區,113S3,2024-07-07,埔頂二路,RPUOMLPJQHJGFAO96DA,埔頂二路６０號,新竹市新竹市埔頂二路６０號十七樓,住宅大樓(11層含以上有電梯),房地(土地+建物),十七層/二十四層,2房2廳1衛,24.5,1950,79.5,3.5,2021-01-04,,
光埔重劃區,115S1,2024-07-13,埔頂一路,RPPOMLLLKIKGFAO48DA,埔頂一路５０２號,新竹市新竹市埔頂一路５０２號十一樓之２,住宅大樓(11層含以上有電梯),房地(土地+建物)+車位,十一層/十五層,3房2廳2衛,57.6,3830,75.1,-1.3,2025-11-20,坡道平面,預售屋、或土地及建物分件登記案件；
光埔重劃區,115S1,2024-07-13,埔頂一路,RPVPMLNLKIKGFAO76DA,埔頂一路５００號,新竹市新竹市埔頂一路５００號十二樓之１,住宅大樓(11層含以上有電梯),房地(土地+建物)+車位,十二層/十五層,3房2廳2衛,62.2,3923,74.1,-1.3,2025-11-20,坡道平面,預售屋、或土地及建物分件登記案件；
光埔重劃區,113S4,2024-07-14,埔頂三路,RPSNMLKKRHJGFAO98DA,埔頂三路１２３號,新竹市新竹市埔頂三路１２３號十樓,住宅大樓(11層含以上有電梯),房地(土地+建物)+車位,十層/十二層,3房2廳2衛,45.6,2880,63.2,13.2,2011-05-01,坡道平面,陽台外推；
光埔重劃區,113S4,2024-07-16,埔頂一路,RPSNMLTKRHJGFAO37EA,埔頂一路２６２號,新竹市新竹市埔頂一路２６２號三樓,住宅大樓(11層含以上有電梯),房地(土地+建物)+車位,三層/十四層,2房2廳1衛,41.3,2780,67.3,6.2,2018-04-17,坡道平面,
光埔重劃區,113S3,2024-07-18,埔頂二路,RPRNMLSLQHJGFAO17EA,埔頂二路３６號,新竹市新竹市埔頂二路３６號六樓,住宅大樓(11層含以上有電梯),房地(土地+建物)+車位,六層/二十四層,2房2廳1衛,32.7,2010,61.4,3.5,2021-01-04,坡道平面,
光埔重劃區,115S1,2024-07-20,埔頂一路,RPTPMLNLKIKGFAO56DA,埔頂一路５０２號,新竹市新竹市埔頂一路５０２號十三樓之２,住宅大樓(11層含以上有電梯),房地(土地+建物)+車位,十三層/十五層,3房2廳2衛,57.9,3855,75.5,-1.3,2025-11-20,坡道平面,預售屋、或土地及建物分件登記案件；
光埔重劃區,113S3,2024-07-21,埔頂三路,RPVNMLMJRHJGFAO86EA,埔頂三路３２號,新竹市新竹市埔頂三路３２號二十九樓之６,住宅大樓(11層含以上有電梯),房地(土地+建物)+車位,二十九層/二十九層,3房2廳2衛,44.0,2788,63.4,1.2,2023-05-30,坡道平面,
光埔重劃區,113S4,2024-07-24,慈雲路,RPVNMLKLRHJGFAO76DA,慈雲路８６號,新竹市新竹市慈雲路８６號四樓之３,住宅大樓(11層含以上有電梯),房地(土地+建物)+車位,四層/二十九層,3房2廳2衛,49.7,3120,62.7,5.2,2019-04-25,坡道平面,
光埔重劃區,113S4,2024-07-31,慈雲路,RPQOMLNKQHJGFAO09DA,慈雲路９２號,新竹市新竹市慈雲路９２號,住宅大樓(11層含以上有電梯),房地(土地+建物)+車位,一層，二層/二十九層,0房0廳0衛,149.3,9428,68.5,1.2,2023-05-30,坡道平面,
光埔重劃區,113S4,2024-08-02,光復路一段,RPPNMLRLQHJGFAO76DA,光復路一段３３５巷３６號,新竹市新竹市光復路一段３３５巷３６號五樓,華廈(10層含以下有電梯),房地(土地+建物)+車位,五層/七層,2房2廳2衛,28.7,1710,59.6,7.7,2016-12-22,坡道機械,
光埔重劃區,113S4,2024-08-04,慈雲路,RPSQNLPKIIJGFAO09DA,慈雲路８２號,新竹市新竹市慈雲路８２號十二樓之１,住宅大樓(11層含以上有電梯),房地(土地+建物)+車位,十二層/二十九層,3房2廳2衛,53.6,3288,61.4,5.3,2019-04-25,坡道平面,
光埔重劃區,113S4,2024-08-10,慈雲路,RPWNMLOJRHJGFAO07DA,慈雲路１２１號,新竹市新竹市慈雲路１２１號三樓之５,住宅大樓(11層含以上有電梯),房地(土地+建物)+車位,三層/二十八層,3房1廳2衛,50.7,1690,33.3,8.6,2016-01-25,坡道平面,親友、員工、共有人或其他特殊關係間之交易；
光埔重劃區,114S1,2024-08-10,慈雲路,RPTNMLTJIIJGFAO09DA,慈雲路８５號,新竹市新竹市慈雲路８５號十八樓之６,住宅大樓(11層含以上有電梯),房地(土地+建物)+車位,十八層/二十七層,2房2廳2衛,46.8,2760,59.0,8.7,2015-12-08,坡道平面,
光埔重劃區,113S4,2024-08-11,光復路一段,RPRPMLMKQHJGFAO56DA,光復路一段３３５巷３２號,新竹市新竹市光復路一段３３５巷３２號七樓,華廈(10層含以下有電梯),房地(土地+建物)+車位,七層/七層,2房2廳2衛,28.1,1830,65.1,7.7,2016-12-22,坡道機械,
光埔重劃區,114S1,2024-08-11,埔頂路,RPVNMLTJJHKGFAO76DA,埔頂路５１６號,新竹市新竹市埔頂路５１６號二十一樓之１,住宅大樓(11層含以上有電梯),房地(土地+建物)+車位,二十一層/二十二層,3房2廳2衛,70.6,3925,55.6,10.9,2013-09-10,坡道平面,
光埔重劃區,113S4,2024-08-16,光復路一段,RPQNMLPKRHJGFAO66DA,光復路一段３３５巷３０號,新竹市新竹市光復路一段３３５巷３０號六樓,華廈(10層含以下有電梯),房地(土地+建物)+車位,六層/七層,2房2廳2衛,28.5,1680,59.0,7.7,2016-12-22,坡道平面,
光埔重劃區,113S4,2024-08-21,埔頂一路,RPOOMLPJRHJGFAO09DA,埔頂一路１８７號,新竹市新竹市埔頂一路１８７號十樓,住宅大樓(11層含以上有電梯),房地(土地+建物)+車位,十層/十七層,3房2廳2衛,56.8,3550,62.5,10.2,2014-06-25,坡道平面,其他增建；
光埔重劃區,115S1,2024-08-26,埔頂一路,RPQOMLLLKIKGFAO58DA,埔頂一路５００號,新竹市新竹市埔頂一路５００號九樓之１,住宅大樓(11層含以上有電梯),房地(土地+建物)+車位,九層/十五層,3房2廳2衛,61.7,3998,75.6,-1.2,2025-11-20,坡道平面,預售屋、或土地及建物分件登記案件；
光埔重劃區,113S4,2024-09-01,埔頂三路,RPWOMLKLRHJGFAO96DA,埔頂三路３８號,新竹市新竹市埔頂三路３８號二十七樓之６,住宅大樓(11層含以上有電梯),房地(土地+建物)+車位,二十七層/二十九層,2房2廳1衛,35.4,2100,59.3,1.3,2023-05-30,坡道平面,
光埔重劃區,114S1,2024-09-03,慈雲路,RPSNMLKKKIJGFAO48EA,慈雲路８０號,新竹市新竹市慈雲路８０號五樓之７,住宅大樓(11層含以上有電梯),房地(土地+建物)+車位,五層/二十九層,2房2廳2衛,50.7,2920,57.6,5.4,2019-04-25,坡道平面,
光埔重劃區,113S4,2024-09-06,埔頂三路,RPSQMLQJJIJGFAO09DA,埔頂三路１６２號,新竹市新竹市埔頂三路１６２號三樓之２,住宅大樓(11層含以上有電梯),房地(土地+建物),三層/十五層,2房1廳1衛,18.1,1100,60.8,12.6,2012-02-29,,
光埔重劃區,113S4,2024-09-08,慈雲路,RPPOMLOJIIJGFAO28DA,慈雲路１１９號,新竹市新竹市慈雲路１１９號十六樓之１,住宅大樓(11層含以上有電梯),房地(土地+建物)+車位,十六層/二十八層,3房2廳2衛,55.0,3386,61.6,8.7,2016-01-25,坡道平面,
光埔重劃區,113S4,2024-09-12,慈雲路,RPPOMLOLIIJGFAO48DA,慈雲路８２號,新竹市新竹市慈雲路８２號十八樓之７,住宅大樓(11層含以上有電梯),房地(土地+建物)+車位,十八層/二十九層,3房2廳2衛,51.0,2850,55.9,5.4,2019-04-25,坡道平面,
光埔重劃區,114S1,2024-09-14,埔頂一路,RPUOMLTLJIJGFAO96DA,埔頂一路２６０號,新竹市新竹市埔頂一路２６０號三樓,住宅大樓(11層含以上有電梯),房地(土地+建物)+車位,三層/十四層,3房2廳2衛,50.3,2400,47.7,6.4,2018-04-17,坡道平面,親友、員工、共有人或其他特殊關係間之交易；
光埔重劃區,113S4,2024-09-15,東光路,RPUOMLPKIIJGFAO98DA,東光路３７號,新竹市新竹市東光路３７號十三樓,住宅大樓(11層含以上有電梯),房地(土地+建物)+車位,十三層/十四層,3房2廳2衛,63.0,3380,53.7,12.2,2012-06-25,坡道平面,
光埔重劃區,114S1,2024-09-16,埔頂三路,RPROMLTLJIJGFAO66DA,埔頂三路３８號,新竹市新竹市埔頂三路３８號五樓之８,住宅大樓(11層含以上有電梯),房地(土地+建物)+車位,五層/二十九層,2房1廳1衛,33.0,2150,65.2,1.3,2023-05-30,坡道平面,
光埔重劃區,113S4,2024-09-28,埔頂一路,RPTOMLOKIIJGFAO78DA,埔頂一路４６０號,新竹市新竹市埔頂一路４６０號,其他,車位,一層/十五層,0房0廳0衛,10.0,170,,12.9,2011-10-01,坡道平面,僅車位交易；
光埔重劃區,113S4,2024-10-08,埔頂一路,RPWNMLSJIIJGFAO66DA,埔頂一路１０１號,新竹市新竹市埔頂一路１０１號等,住宅大樓(11層含以上有電梯),房地(土地+建物)+車位,一層，二層/二十一層,0房0廳0衛,6090.3,216888,35.6,4.4,2020-05-12,坡道平面,其他；
光埔重劃區,113S4,2024-10-11,埔頂三路,RPOQMLNLIIJGFAO48DA,埔頂三路３６號,新竹市新竹市埔頂三路３６號二十九樓之６,住宅大樓(11層含以上有電梯),房地(土地+建物)+車位,二十九層/二十九層,3房2廳2衛,44.0,2560,58.2,1.4,2023-05-30,坡道平面,
光埔重劃區,113S4,2024-10-15,慈雲路,RPPNMLPKJIJGFAO48DA,慈雲路８０號,新竹市新竹市慈雲路８０號六樓之７,住宅大樓(11層含以上有電梯),房地(土地+建物)+車位,六層/二十九層,3房2廳2衛,50.7,2906,57.3,5.5,2019-04-25,坡道平面,陽台加窗其他增建；
光埔重劃區,113S4,2024-10-19,埔頂三路,RPXNMLTKJIJGFAO07DA,埔頂三路３６號,新竹市新竹市埔頂三路３６號二十樓之１,住宅大樓(11層含以上有電梯),房地(土地+建物)+車位,二十層/二十九層,2房2廳1衛,33.4,2130,63.8,1.4,2023-05-30,坡道平面,
光埔重劃區,114S1,2024-10-27,埔頂一路,RPTQMLSJJIJGFAO76DA,埔頂一路２６０號,新竹市新竹市埔頂一路２６０號十四樓,住宅大樓(11層含以上有電梯),房地(土地+建物)+車位,十四層/十四層,2房2廳2衛,50.3,3400,67.6,6.5,2018-04-17,坡道平面,
光埔重劃區,113S4,2024-10-28,埔頂一路,RPWOMLTLIIJGFAO07DA,埔頂一路４６０號,新竹市新竹市埔頂一路４６０號,其他,車位,一層/十五層,0房0廳0衛,10.0,120,,13.0,2011-10-01,坡道平面,僅車位交易；
光埔重劃區,114S2,2024-11-12,慈雲路,RPXNMLMJKIJGFAO98DA,慈雲路８２號,新竹市新竹市慈雲路８２號八樓之６,住宅大樓(11層含以上有電梯),房地(土地+建物)+車位,八層/二十九層,3房2廳2衛,53.0,2910,54.9,5.6,2019-04-25,坡道平面,
光埔重劃區,114S1,2024-11-15,慈雲路,RPVNMLNLKIJGFAO09DA,慈雲路８２號,新竹市新竹市慈雲路８２號二十八樓之１,住宅大樓(11層含以上有電梯),房地(土地+建物)+車位,二十八層/二十九層,3房2廳2衛,53.6,3188,59.5,5.6,2019-04-25,坡道平面,
光埔重劃區,114S1,2024-11-17,光復路一段,RPPNMLSKJIJGFAO78DA,光復路一段５４４巷１１８號,新竹市新竹市光復路一段５４４巷１１８號,其他,車位,一層/十四層,0房0廳0衛,12.0,210,,12.1,2012-10-29,坡道平面,僅車位交易；
光埔重劃區,114S1,2024-11-17,埔頂三路,RPSNMLKKKIJGFAO38DA,埔頂三路３８號,新竹市新竹市埔頂三路３８號十樓之６,住宅大樓(11層含以上有電梯),房地(土地+建物)+車位,十層/二十九層,2房1廳1衛,34.2,2160,63.1,1.5,2023-05-30,坡道平面,
光埔重劃區,114S1,2024-11-23,慈雲路,RPQOMLMKKHKGFAO48DA,慈雲路１１８號,新竹市新竹市慈雲路１１８號十樓之３,住宅大樓(11層含以上有電梯),房地(土地+建物)+車位,十層/三十層,0房0廳0衛,49.7,2300,46.3,8.1,2016-10-04,坡道機械,
光埔重劃區,114S1,2024-11-30,慈雲路,RPSOMLKKKHKGFAO48DA,慈雲路８５號,新竹市新竹市慈雲路８５號七樓之６,住宅大樓(11層含以上有電梯),房地(土地+建物)+車位,七層/二十七層,2房2廳2衛,46.8,2600,55.6,8.9,2015-12-08,坡道平面,
光埔重劃區,114S1,2024-11-30,埔頂一路,RPOPMLQJJHKGFAO58DA,埔頂一路４７８號,新竹市新竹市埔頂一路４７８號九樓,住宅大樓(11層含以上有電梯),房地(土地+建物)+車位,九層/二十層,2房2廳2衛,61.9,2666,43.1,13.1,2011-10-01,坡道平面,
光埔重劃區,114S1,2024-12-05,埔頂一路,RPPOMLLMKIJGFAO48DA,埔頂一路１０１號,新竹市新竹市埔頂一路１０１號十樓之１,住宅大樓(11層含以上有電梯),房地(土地+建物)+車位,十層/二十一層,1房1廳1衛,33.9,2000,58.9,4.6,2020-05-12,坡道平面,
光埔重劃區,114S2,2024-12-07,慈雲路,RPRNMLLMLHKGFAO78EA,慈雲路１１８號,新竹市新竹市慈雲路１１８號八樓之７,住宅大樓(11層含以上有電梯),房地(土地+建物)+車位,八層/三十層,0房0廳0衛,49.7,2175,43.8,8.2,2016-10-04,坡道機械,
光埔重劃區,114S2,2024-12-15,埔頂三路,RPROMLPLKIJGFAO98DA,埔頂三路３６號,新竹市新竹市埔頂三路３６號四樓之３,住宅大樓(11層含以上有電梯),房地(土地+建物)+車位,四層/二十九層,3房2廳2衛,44.8,2780,62.0,1.6,2023-05-30,坡道平面,
光埔重劃區,114S1,2024-12-21,慈雲路,RPQNMLTKJHKGFAO98DA,慈雲路１２１號,新竹市新竹市慈雲路１２１號十二樓之５,住宅大樓(11層含以上有電梯),房地(土地+建物)+車位,十二層/二十八層,3房2廳2衛,50.7,3250,64.1,8.9,2016-01-25,坡道平面,陽台加窗其他增建；
光埔重劃區,114S1,2024-12-21,埔頂二路,RPQNMLRLKHKGFAO98DA,埔頂二路３２號,新竹市新竹市埔頂二路３２號十二樓,住宅大樓(11層含以上有電梯),房地(土地+建物)+車位,十二層/二十四層,2房2廳1衛,32.5,2000,61.5,3.9,2021-01-04,坡道平面,
光埔重劃區,114S1,2024-12-26,光復路一段,RPWNMLKKKHKGFAO78DA,光復路一段５７６巷１６弄１１號,新竹市新竹市光復路一段５７６巷１６弄１１號三樓之１,華廈(10層含以下有電梯),房地(土地+建物),三層/五層,1房0廳1衛,13.5,765,56.7,3.0,2021-12-06,,其他增建部分為增建鋁門窗其他增建；
光埔重劃區,114S2,2024-12-28,慈雲路,RPUPMLSJJHKGFAO76DA,慈雲路８６號,新竹市新竹市慈雲路８６號四樓之７,住宅大樓(11層含以上有電梯),房地(土地+建物)+車位,四層/二十九層,3房2廳2衛,51.0,2968,58.2,5.7,2019-04-25,坡道平面,
光埔重劃區,114S1,2024-12-29,埔頂三路,RPQPNLOKJHKGFAO78DA,埔頂三路５０號,新竹市新竹市埔頂三路５０號,住宅大樓(11層含以上有電梯),房地(土地+建物)+車位,一層，二層/二十九層,0房2廳2衛,64.2,3688,72.5,1.6,2023-05-30,坡道平面,
光埔重劃區,114S1,2024-12-30,光復路二段,RPRNMLQKJHKGFAO88EA,光復路二段１７５號,新竹市新竹市光復路二段１７５號,透天厝,房地(土地+建物)+車位,全/五層,17房0廳13衛,294.8,12700,43.1,7.4,2017-07-03,一樓平面,
光埔重劃區,114S2,2025-01-03,埔頂路,RPSNMLLKKHKGFAO48DA,埔頂路５１８號,新竹市新竹市埔頂路５１８號十八樓之３,住宅大樓(11層含以上有電梯),房地(土地+建物)+車位,十八層/二十二層,3房2廳2衛,53.7,2850,53.1,11.3,2013-09-10,坡道平面,親友、員工、共有人或其他特殊關係間之交易；
光埔重劃區,114S2,2025-01-10,慈雲路,RPRNMLOKLHKGFAO78DA,慈雲路１１８號,新竹市新竹市慈雲路１１８號十七樓之７,住宅大樓(11層含以上有電梯),房地(土地+建物)+車位,十七層/三十層,0房0廳0衛,49.7,2300,46.3,8.2,2016-10-04,坡道機械,親友、員工、共有人或其他特殊關係間之交易；
光埔重劃區,114S2,2025-01-14,慈雲路,RPRNMLOJLHKGFAO68DA,慈雲路１１８號,新竹市新竹市慈雲路１１８號九樓之９,住宅大樓(11層含以上有電梯),房地(土地+建物)+車位,九層/三十層,0房0廳0衛,49.0,2128,43.4,8.2,2016-10-04,坡道機械,
光埔重劃區,114S1,2025-01-15,埔頂三路,RPWNMLRLKHKGFAO07EA,埔頂三路１２３號,新竹市新竹市埔頂三路１２３號七樓,住宅大樓(11層含以上有電梯),房地(土地+建物)+車位,七層/十二層,3房2廳2衛,45.4,2825,62.3,13.7,2011-05-01,坡道平面,陽台外推；
光埔重劃區,114S1,2025-01-16,光復路一段,RPVOMLLLJHKGFAO88DA,光復路一段４０３巷８弄１２號,新竹市新竹市光復路一段４０３巷８弄１２號三樓之５,華廈(10層含以下有電梯),房地(土地+建物)+車位,三層/五層,2房2廳2衛,27.8,1560,56.1,9.6,2015-06-23,升降機械,
光埔重劃區,114S2,2025-01-25,光復路一段,RPXNMLRLLHKGFAO17DA,光復路一段４５９巷２０號,新竹市新竹市光復路一段４５９巷２０號,華廈(10層含以下有電梯),房地(土地+建物),一層/七層,3房2廳2衛,22.9,1560,68.1,9.8,2015-04-22,,壹樓空地占用.採光罩增建機車位固定使用地下一層22號陽台外推；夾層；其他增建；
光埔重劃區,114S2,2025-02-12,埔頂三路,RPTOMLLKLHKGFAO78DA,埔頂三路１６２號,新竹市新竹市埔頂三路１６２號十樓之２,住宅大樓(11層含以上有電梯),房地(土地+建物)+車位,十層/十五層,1房1廳1衛,27.3,1536,56.2,13.0,2012-02-29,坡道平面,
光埔重劃區,114S2,2025-02-13,埔頂路,RPPOMLOLMHKGFAO88DA,埔頂路８９號,新竹市新竹市埔頂路８９號四樓之３,住宅大樓(11層含以上有電梯),房地(土地+建物)+車位,四層/十一層,0房0廳0衛,146.3,4005,33.9,0.1,2025-01-17,坡道平面,
光埔重劃區,114S2,2025-02-14,埔頂三路,RPQNMLPJLHKGFAO68DA,埔頂三路３８號,新竹市新竹市埔頂三路３８號二十二樓之８,住宅大樓(11層含以上有電梯),房地(土地+建物)+車位,二十二層/二十九層,2房2廳1衛,33.0,1928,58.5,1.8,2023-05-30,坡道平面,
光埔重劃區,114S2,2025-02-23,慈雲路,RPWNMLKLLHKGFAO98DA,慈雲路８０號,新竹市新竹市慈雲路８０號十三樓之５,住宅大樓(11層含以上有電梯),房地(土地+建物)+車位,十三層/二十九層,2房2廳2衛,52.4,3000,57.3,5.8,2019-04-25,坡道平面,
光埔重劃區,114S4,2025-03-01,埔頂三路,RPROMLPJRHKGFAO86DA,埔頂三路３０號,新竹市新竹市埔頂三路３０號九樓之１０,住宅大樓(11層含以上有電梯),房地(土地+建物)+車位,九層/二十九層,2房1廳1衛,34.2,1980,57.9,1.8,2023-05-30,坡道平面,
光埔重劃區,114S2,2025-03-05,慈雲路,RPPOMLPJLHKGFAO68DA,慈雲路７６號,新竹市新竹市慈雲路７６號,其他,車位,一層，騎樓/二十九層,0房0廳0衛,10.0,183,,5.9,2019-04-25,坡道平面,僅車位交易；
光埔重劃區,114S3,2025-03-07,光復路一段,RPPNMLLLPHKGFAO88EA,光復路一段３３５巷１７弄１９號,新竹市新竹市光復路一段３３５巷１７弄１９號五樓,華廈(10層含以下有電梯),房地(土地+建物)+車位,五層/六層,2房2廳1衛,37.3,2011,53.9,6.6,2018-08-07,坡道平面,陽台外推；
光埔重劃區,114S2,2025-03-17,埔頂路,RPXOMLRKLHKGFAO17DA,埔頂路８９號,新竹市新竹市埔頂路８９號六樓之１,住宅大樓(11層含以上有電梯),房地(土地+建物)+車位,六層/十一層,0房0廳0衛,119.3,3606,35.5,0.2,2025-01-17,坡道平面,
光埔重劃區,114S2,2025-03-17,埔頂路,RPOPMLRKLHKGFAO98DA,埔頂路８９號,新竹市新竹市埔頂路８９號六樓之２,住宅大樓(11層含以上有電梯),房地(土地+建物)+車位,六層/十一層,0房0廳0衛,129.9,3992,35.5,0.2,2025-01-17,坡道平面,
光埔重劃區,114S2,2025-03-17,埔頂路,RPPPMLRKLHKGFAO09DA,埔頂路８９號,新竹市新竹市埔頂路８９號六樓之６,住宅大樓(11層含以上有電梯),房地(土地+建物)+車位,六層/十一層,0房0廳0衛,132.9,4205,35.5,0.2,2025-01-17,坡道平面,
光埔重劃區,114S2,2025-04-05,埔頂三路,RPTOMLSKMHKGFAO96DA,埔頂三路３８號,新竹市新竹市埔頂三路３８號二十三樓之７,住宅大樓(11層含以上有電梯),房地(土地+建物)+車位,二十三層/二十九層,2房2廳1衛,32.0,2100,65.7,1.9,2023-05-30,坡道平面,
光埔重劃區,114S2,2025-04-09,埔頂三路,RPUNMLSLMHKGFAO07DA,埔頂三路３８號,新竹市新竹市埔頂三路３８號十四樓之７,住宅大樓(11層含以上有電梯),房地(土地+建物)+車位,十四層/二十九層,2房2廳1衛,33.2,2100,63.3,1.9,2023-05-30,坡道平面,
光埔重劃區,114S3,2025-04-17,埔頂二路,RPROMLLJPHKGFAO88DA,埔頂二路１２３號,新竹市新竹市埔頂二路１２３號十一樓之１３,住宅大樓(11層含以上有電梯),房地(土地+建物)+車位,十一層/十五層,3房2廳2衛,78.5,3978,61.2,13.4,2011-11-30,坡道平面,陽台加窗其他增建；
光埔重劃區,114S2,2025-04-19,埔頂三路,RPWNMLTLNHKGFAO47DA,埔頂三路１６０號,新竹市新竹市埔頂三路１６０號四樓之２,住宅大樓(11層含以上有電梯),房地(土地+建物),四層/十五層,1房2廳1衛,18.1,1289,71.2,13.2,2012-02-29,,
光埔重劃區,114S2,2025-04-20,慈雲路,RPPOMLKMMHKGFAO58DA,慈雲路１１８號,新竹市新竹市慈雲路１１８號六樓之５,住宅大樓(11層含以上有電梯),房地(土地+建物),六層/三十層,1房0廳0衛,41.1,1800,43.8,8.5,2016-10-04,,
光埔重劃區,114S3,2025-04-26,東光路,RPXNMLQLNHKGFAO27DA,東光路３９號,新竹市新竹市東光路３９號八樓,住宅大樓(11層含以上有電梯),房地(土地+建物)+車位,八層/十四層,3房2廳2衛,59.7,2800,46.9,12.8,2012-06-25,坡道平面,其他增建；
光埔重劃區,114S3,2025-04-26,埔頂三路,RPWNMLLJPHKGFAO66DA,埔頂三路８１號,新竹市新竹市埔頂三路８１號六樓,住宅大樓(11層含以上有電梯),房地(土地+建物)+車位,六層/十四層,4房2廳2衛,53.4,2706,50.7,13.9,2011-05-01,坡道平面,
光埔重劃區,114S3,2025-05-14,埔頂一路,RPTOMLOJPHKGFAO76DA,埔頂一路２７２號,新竹市新竹市埔頂一路２７２號八樓,住宅大樓(11層含以上有電梯),房地(土地+建物)+車位,八層/十四層,2房2廳1衛,40.8,2570,63.1,7.1,2018-04-17,坡道平面,
光埔重劃區,114S4,2025-06-01,埔頂二路,RPOPMLMJOHKGFAO68DA,埔頂二路４０號,新竹市新竹市埔頂二路４０號十九樓,住宅大樓(11層含以上有電梯),房地(土地+建物)+車位,十九層/二十四層,2房2廳1衛,32.9,2138,65.1,4.4,2021-01-04,坡道平面,
光埔重劃區,114S3,2025-06-02,埔頂一路,RPUNMLNJOHKGFAO56DA,埔頂一路１０１號,新竹市新竹市埔頂一路１０１號十五樓之１０,住宅大樓(11層含以上有電梯),房地(土地+建物)+車位,十五層/二十一層,1房1廳1衛,32.6,1693,52.0,5.1,2020-05-12,坡道平面,
光埔重劃區,115S1,2025-06-10,埔頂一路,RPPNMLLLKIKGFAO38DA,埔頂一路５００號,新竹市新竹市埔頂一路５００號四樓之２,住宅大樓(11層含以上有電梯),房地(土地+建物)+車位,四層/十五層,3房2廳2衛,64.3,3700,67.0,-0.4,2025-11-20,坡道平面,預售屋、或土地及建物分件登記案件；
光埔重劃區,114S3,2025-06-20,埔頂三路,RPPPMLKLOHKGFAO78DA,埔頂三路８１號,新竹市新竹市埔頂三路８１號十樓,住宅大樓(11層含以上有電梯),房地(土地+建物)+車位,十層/十四層,4房2廳2衛,53.2,2810,52.8,14.1,2011-05-01,坡道平面,陽台外推；
光埔重劃區,114S3,2025-06-26,慈雲路,RPXNMLMLPHKGFAO07DA,慈雲路１１８號,新竹市新竹市慈雲路１１８號十三樓之５,住宅大樓(11層含以上有電梯),房地(土地+建物)+車位,十三層/三十層,0房0廳0衛,47.1,2168,49.0,8.7,2016-10-04,坡道機械,含裝潢費500000元；
光埔重劃區,114S3,2025-06-29,埔頂一路,RPXNMLSJPHKGFAO47DA,埔頂一路３９８號,新竹市新竹市埔頂一路３９８號四樓之２,住宅大樓(11層含以上有電梯),房地(土地+建物)+車位,四層/十三層,3房2廳2衛,51.8,3440,66.4,0.5,2024-12-11,坡道平面,
光埔重劃區,115S1,2025-06-30,埔頂三路,RPTNMLNJKIKGFAO78DA,埔頂三路３２號,新竹市新竹市埔頂三路３２號三樓之１,住宅大樓(11層含以上有電梯),房地(土地+建物)+車位,三層/二十九層,2房2廳1衛,32.3,1710,52.9,2.1,2023-05-30,坡道平面,
光埔重劃區,115S1,2025-06-30,埔頂一路,RPWOMLNLKIKGFAO76DA,埔頂一路５００號,新竹市新竹市埔頂一路５００號十一樓之２,住宅大樓(11層含以上有電梯),房地(土地+建物)+車位,十一層/十五層,3房2廳2衛,61.9,3698,70.1,-0.4,2025-11-20,坡道平面,預售屋、或土地及建物分件登記案件；
光埔重劃區,114S3,2025-07-06,埔頂三路,RPQOMLLJRHKGFAO98DA,埔頂三路３０號,新竹市新竹市埔頂三路３０號十七樓之１,住宅大樓(11層含以上有電梯),房地(土地+建物)+車位,十七層/二十九層,2房1廳1衛,31.7,1930,60.9,2.2,2023-05-30,坡道平面,
光埔重劃區,114S3,2025-07-09,慈雲路,RPPOMLLKPHKGFAO78DA,慈雲路１１８號,新竹市新竹市慈雲路１１８號六樓之８,住宅大樓(11層含以上有電梯),房地(土地+建物)+車位,六層/三十層,4房0廳0衛,87.1,3938,49.2,8.8,2016-10-04,坡道平面,含裝潢費570000元；
光埔重劃區,114S3,2025-07-09,慈雲路,RPTNMLQJQHKGFAO96DA,慈雲路１１８號,新竹市新竹市慈雲路１１８號六樓之９,住宅大樓(11層含以上有電梯),房地(土地+建物)+車位,六層/三十層,0房0廳0衛,61.1,2390,46.2,8.8,2016-10-04,坡道平面,含裝潢費390000元；
光埔重劃區,114S3,2025-07-09,慈雲路,RPUNMLQJQHKGFAO07DA,慈雲路１１８號,新竹市新竹市慈雲路１１８號六樓之１０,住宅大樓(11層含以上有電梯),房地(土地+建物)+車位,六層/三十層,2房0廳0衛,58.0,2681,48.7,8.8,2016-10-04,坡道機械,含裝潢費520000元；
光埔重劃區,114S4,2025-07-17,慈雲路,RPTOMLOJRHKGFAO96DA,慈雲路８９號,新竹市新竹市慈雲路８９號十七樓之３,住宅大樓(11層含以上有電梯),房地(土地+建物)+車位,十七層/二十七層,2房2廳1衛,41.4,2350,56.8,9.6,2015-12-08,坡道平面,
光埔重劃區,114S3,2025-07-19,慈雲路,RPVNMLRLQHKGFAO47DA,慈雲路８９號,新竹市新竹市慈雲路８９號二十四樓之５,住宅大樓(11層含以上有電梯),房地(土地+建物)+車位,二十四層/二十七層,2房2廳1衛,40.9,2338,71.9,9.6,2015-12-08,坡道平面,陽台加欄杆其他增建；
光埔重劃區,114S4,2025-07-20,埔頂三路,RPTNMLRLQHKGFAO27DA,埔頂三路１２５號,新竹市新竹市埔頂三路１２５號九樓,住宅大樓(11層含以上有電梯),房地(土地+建物)+車位,九層/十二層,2房2廳1衛,41.8,2418,57.9,14.2,2011-05-01,坡道平面,陽台外推；
光埔重劃區,115S1,2025-07-22,慈雲路,RPRNMLOLPHKGFAO66DA,慈雲路８２號,新竹市新竹市慈雲路８２號二十三樓之１,住宅大樓(11層含以上有電梯),房地(土地+建物)+車位,二十三層/二十九層,3房2廳2衛,53.6,3000,56.0,6.2,2019-04-25,坡道平面,其他增建為：鐵鋁窗增建。其他增建；
光埔重劃區,114S4,2025-07-23,慈雲路,RPWNMLPJRHKGFAO27DA,慈雲路１１５號,新竹市新竹市慈雲路１１５號九樓之５,住宅大樓(11層含以上有電梯),房地(土地+建物)+車位,九層/二十八層,3房2廳2衛,54.9,2800,51.0,9.5,2016-01-25,坡道平面,
光埔重劃區,115S2,2025-07-25,埔頂二路,RPVQMLMJLHLGFAO66DA,埔頂二路３２號,新竹市新竹市埔頂二路３２號十七樓,住宅大樓(11層含以上有電梯),房地(土地+建物)+車位,十七層/二十四層,2房2廳1衛,32.5,1908,58.7,4.5,2021-01-04,坡道平面,
光埔重劃區,115S1,2025-08-02,埔頂三路,RPPRMLKLJIKGFAO58DA,埔頂三路２０號,新竹市新竹市埔頂三路２０號,住宅大樓(11層含以上有電梯),房地(土地+建物)+車位,一層，二層/二十九層,0房0廳0衛,64.2,4088,63.6,2.2,2023-05-30,坡道平面,
光埔重劃區,114S4,2025-08-03,埔頂一路,RPSOMLSLQHKGFAO37DA,埔頂一路１８３號,新竹市新竹市埔頂一路１８３號十三樓,住宅大樓(11層含以上有電梯),房地(土地+建物)+車位,十三層/十七層,3房2廳2衛,69.1,3610,52.3,11.2,2014-06-25,坡道平面,
光埔重劃區,114S4,2025-08-09,埔頂三路,RPVNMLTJRHKGFAO57DA,埔頂三路３０號,新竹市新竹市埔頂三路３０號二十六樓之９,住宅大樓(11層含以上有電梯),房地(土地+建物)+車位,二十六層/二十九層,2房2廳1衛,34.2,1920,69.9,2.2,2023-05-30,坡道平面,
光埔重劃區,114S4,2025-08-12,慈雲路,RPVOMLNKIIKGFAO98DA,慈雲路８５號,新竹市新竹市慈雲路８５號四樓之３,住宅大樓(11層含以上有電梯),房地(土地+建物)+車位,四層/二十七層,2房2廳1衛,41.4,2280,55.1,9.7,2015-12-08,坡道平面,
光埔重劃區,115S1,2025-08-12,慈雲路,RPTNMLNKQHKGFAO76DA,慈雲路８５號,新竹市新竹市慈雲路８５號十樓之６,住宅大樓(11層含以上有電梯),房地(土地+建物)+車位,十層/二十七層,2房2廳2衛,46.8,2555,54.6,9.7,2015-12-08,坡道平面,
光埔重劃區,114S3,2025-08-14,埔頂一路,RPTOMLMJRHKGFAO76DA,埔頂一路１７７號,新竹市新竹市埔頂一路１７７號十五樓,住宅大樓(11層含以上有電梯),房地(土地+建物)+車位,十五層/十七層,3房2廳2衛,59.5,3460,58.2,11.2,2014-06-25,坡道平面,其他增建；
光埔重劃區,114S4,2025-08-21,慈雲路,RPQNMLMLIIKGFAO48EA,慈雲路１２１號,新竹市新竹市慈雲路１２１號六樓之１,住宅大樓(11層含以上有電梯),房地(土地+建物)+車位,六層/二十八層,4房2廳2衛,68.3,3330,48.7,9.6,2016-01-25,坡道平面,
光埔重劃區,114S4,2025-08-26,埔頂一路,RPSOMLNKIIKGFAO68DA,埔頂一路３９８號,新竹市新竹市埔頂一路３９８號九樓之１,住宅大樓(11層含以上有電梯),房地(土地+建物)+車位,九層/十三層,2房2廳2衛,43.1,2780,64.6,0.7,2024-12-11,坡道平面,
光埔重劃區,114S4,2025-09-01,埔頂一路,RPVNMLPKRHKGFAO27DA,埔頂一路４６０號,新竹市新竹市埔頂一路４６０號,其他,車位,一層/十五層,0房0廳0衛,10.0,120,,13.9,2011-10-01,坡道平面,僅車位交易；
光埔重劃區,114S4,2025-09-07,埔頂路,RPOOMLRLIIKGFAO78DA,埔頂路２８號,新竹市新竹市埔頂路２８號七樓之１,華廈(10層含以下有電梯),房地(土地+建物)+車位,七層/十層,2房2廳1衛,39.5,1500,38.0,10.1,2015-08-05,坡道平面,陽台外推；
光埔重劃區,114S4,2025-09-12,埔頂一路,RPUNMLPKRHKGFAO17DA,埔頂一路４６０號,新竹市新竹市埔頂一路４６０號,其他,車位,一層/十五層,0房0廳0衛,10.0,120,,13.9,2011-10-01,坡道平面,僅車位交易；
光埔重劃區,115S1,2025-09-13,埔頂一路,RPQNMLSJJIKGFAO88DA,埔頂一路１７９號,新竹市新竹市埔頂一路１７９號九樓,住宅大樓(11層含以上有電梯),房地(土地+建物)+車位,九層/十七層,3房2廳2衛,57.9,3588,71.2,11.2,2014-06-25,坡道平面,陽台加窗其他增建；
光埔重劃區,114S4,2025-09-15,埔頂一路,RPXOMLQLRHKGFAO77DA,埔頂一路２６０號,新竹市新竹市埔頂一路２６０號八樓,住宅大樓(11層含以上有電梯),房地(土地+建物)+車位,八層/十四層,3房2廳2衛,50.3,3100,72.2,7.4,2018-04-17,坡道平面,
光埔重劃區,115S1,2025-09-18,埔頂三路,RPPNMLRKKIKGFAO98EA,埔頂三路９３號,新竹市新竹市埔頂三路９３號十四樓,住宅大樓(11層含以上有電梯),房地(土地+建物)+車位,十四層/十四層,3房2廳2衛,48.7,2398,49.2,14.3,2011-05-01,坡道平面,陽台外推；
光埔重劃區,114S4,2025-09-20,慈雲路,RPQOMLNKJIKGFAO58DA,慈雲路１１９號,新竹市新竹市慈雲路１１９號二十一樓之３,住宅大樓(11層含以上有電梯),房地(土地+建物)+車位,二十一層/二十八層,3房2廳2衛,50.8,3200,62.9,9.7,2016-01-25,坡道平面,其他增建為後陽台加窗。其他增建；
光埔重劃區,114S4,2025-09-20,埔頂一路,RPTOMLKLJIKGFAO68DA,埔頂一路４３０號,新竹市新竹市埔頂一路４３０號三樓,住宅大樓(11層含以上有電梯),房地(土地+建物)+車位,三層/十四層,2房2廳1衛,39.7,2258,56.8,12.4,2013-04-08,坡道平面,陽台加窗其他增建；
光埔重劃區,114S4,2025-09-21,慈雲路,RPSNMLSLIIKGFAO66EA,慈雲路８２號,新竹市新竹市慈雲路８２號二十八樓之３,住宅大樓(11層含以上有電梯),房地(土地+建物)+車位,二十八層/二十九層,3房2廳2衛,59.8,2820,47.2,6.4,2019-04-25,坡道平面,
光埔重劃區,115S1,2025-09-22,慈雲路,RPQNMLNLRHKGFAO66DA,慈雲路１１５號,新竹市新竹市慈雲路１１５號十樓之５,住宅大樓(11層含以上有電梯),房地(土地+建物)+車位,十層/二十八層,3房2廳2衛,54.9,2988,54.5,9.7,2016-01-25,坡道平面,其他增建為：陽台加窗。其他增建；
光埔重劃區,114S4,2025-09-23,埔頂三路,RPRNMLLLIIKGFAO38DA,埔頂三路１６２號,新竹市新竹市埔頂三路１６２號八樓之１,住宅大樓(11層含以上有電梯),房地(土地+建物)+車位,八層/十五層,2房2廳1衛,35.4,1900,53.7,13.6,2012-02-29,坡道平面,其他增建包含後陽台增建、前陽台外推、鐵鋁窗增建其他增建；
光埔重劃區,114S4,2025-09-26,慈雲路,RPPNMLOLIIKGFAO48DA,慈雲路１１７號,新竹市新竹市慈雲路１１７號二十六樓之２,住宅大樓(11層含以上有電梯),房地(土地+建物)+車位,二十六層/二十八層,3房2廳3衛,83.8,3980,47.5,9.7,2016-01-25,坡道平面,陽台加窗其他增建；
光埔重劃區,114S4,2025-09-29,埔頂一路,RPPNMLKKJIKGFAO18EA,埔頂一路１０１號,新竹市新竹市埔頂一路１０１號十四樓之３,住宅大樓(11層含以上有電梯),房地(土地+建物)+車位,十四層/二十一層,2房0廳2衛,32.8,1670,51.0,5.3,2020-05-12,坡道平面,
光埔重劃區,114S4,2025-10-10,慈雲路,RPUOMLMLIIKGFAO88DA,慈雲路８２號,新竹市新竹市慈雲路８２號十八樓之２,住宅大樓(11層含以上有電梯),房地(土地+建物)+車位,十八層/二十九層,3房2廳2衛,53.8,2600,48.3,6.5,2019-04-25,坡道平面,
光埔重劃區,114S4,2025-10-19,埔頂一路,RPXOMLNLIIKGFAO66DA,埔頂一路４７０號,新竹市新竹市埔頂一路４７０號五樓,住宅大樓(11層含以上有電梯),房地(土地+建物)+車位,五層/二十層,3房2廳2衛,57.5,2726,47.4,14.0,2011-10-01,坡道平面,陽台加窗其他增建；
光埔重劃區,115S1,2025-10-22,埔頂三路,RPPNMLSJKIKGFAO88DA,埔頂三路３８號,新竹市新竹市埔頂三路３８號二十四樓之９,住宅大樓(11層含以上有電梯),房地(土地+建物)+車位,二十四層/二十九層,3房2廳2衛,43.9,2500,56.9,2.4,2023-05-30,坡道平面,
光埔重劃區,115S1,2025-10-26,埔頂三路,RPVOMLPJJIKGFAO56DA,埔頂三路３０號,新竹市新竹市埔頂三路３０號三樓之１,住宅大樓(11層含以上有電梯),房地(土地+建物)+車位,三層/二十九層,2房2廳1衛,32.1,1718,53.6,2.4,2023-05-30,坡道平面,
光埔重劃區,115S1,2025-10-26,埔頂三路,RPQNMLRJJHLGFAO88EA,埔頂三路３２號,新竹市新竹市埔頂三路３２號十五樓之１,住宅大樓(11層含以上有電梯),房地(土地+建物)+車位,十五層/二十九層,2房2廳1衛,32.3,1835,56.8,2.4,2023-05-30,坡道平面,
光埔重劃區,115S1,2025-10-26,埔頂三路,RPUNMLLLJHLGFAO78DA,埔頂三路３２號,新竹市新竹市埔頂三路３２號十一樓之６,住宅大樓(11層含以上有電梯),房地(土地+建物)+車位,十一層/二十九層,3房2廳2衛,44.0,2485,66.2,2.4,2023-05-30,坡道平面,
光埔重劃區,115S1,2025-10-26,慈雲路,RPXNMLOLKHLGFAO96EA,慈雲路１１５號,新竹市新竹市慈雲路１１５號二十六樓之２,住宅大樓(11層含以上有電梯),房地(土地+建物)+車位,二十六層/二十八層,4房2廳2衛,83.8,3920,46.8,9.8,2016-01-25,坡道平面,
光埔重劃區,114S4,2025-11-07,埔頂三路,RPVPMLOLJIKGFAO76DA,埔頂三路３８號,新竹市新竹市埔頂三路３８號二十九樓之６,住宅大樓(11層含以上有電梯),房地(土地+建物)+車位,二十九層/二十九層,2房2廳1衛,35.4,2288,64.6,2.5,2023-05-30,坡道平面,
光埔重劃區,114S4,2025-11-08,埔頂二路,RPWPMLKKJIKGFAO98DA,埔頂二路１３１號,新竹市新竹市埔頂二路１３１號七樓之６,華廈(10層含以下有電梯),房地(土地+建物),七層/七層,2房2廳2衛,20.0,1317,66.0,3.7,2022-03-30,,
光埔重劃區,115S1,2025-11-09,慈雲路,RPSNMLSJJHLGFAO09DA,慈雲路８０號,新竹市新竹市慈雲路８０號二十樓之１,住宅大樓(11層含以上有電梯),房地(土地+建物)+車位,二十層/二十九層,3房2廳2衛,53.4,2800,52.4,6.6,2019-04-25,坡道平面,
光埔重劃區,115S1,2025-11-19,埔頂一路,RPRPMLNLKIKGFAO98DA,埔頂一路５００號,新竹市新竹市埔頂一路５００號二樓之１,住宅大樓(11層含以上有電梯),房地(土地+建物)+車位,二層/十五層,3房2廳2衛,59.0,3500,66.9,0.0,2025-11-20,坡道平面,預售屋、或土地及建物分件登記案件；
光埔重劃區,115S1,2025-11-19,慈雲路,RPPNMLLKKHLGFAO38EA,慈雲路１１７號,新竹市新竹市慈雲路１１７號十樓之５,住宅大樓(11層含以上有電梯),房地(土地+建物)+車位,十層/二十八層,3房2廳2衛,55.0,2658,48.4,9.8,2016-01-25,坡道平面,
光埔重劃區,115S1,2025-11-21,埔頂一路,RPSOMLTKKIKGFAO86DA,埔頂一路３９８號,新竹市新竹市埔頂一路３９８號五樓之１,住宅大樓(11層含以上有電梯),房地(土地+建物)+車位,五層/十三層,2房2廳2衛,43.1,2780,64.6,0.9,2024-12-11,坡道平面,
光埔重劃區,115S1,2025-11-23,光復路一段,RPRNMLOJKIKGFAO68DA,光復路一段５４４巷１１８號,新竹市新竹市光復路一段５４４巷１１８號十二樓,住宅大樓(11層含以上有電梯),房地(土地+建物)+車位,十二層/十四層,3房2廳2衛,53.7,2538,47.2,13.1,2012-10-29,坡道機械,
光埔重劃區,115S1,2025-12-02,埔頂二路,RPWOMLLKKIKGFAO09DA,埔頂二路５０號,新竹市新竹市埔頂二路５０號十一樓,住宅大樓(11層含以上有電梯),房地(土地+建物)+車位,十一層/二十四層,2房2廳1衛,32.2,1930,59.9,4.9,2021-01-04,坡道平面,
光埔重劃區,115S1,2025-12-05,埔頂二路,RPOOMLTJJHLGFAO88DA,埔頂二路１２３號,新竹市新竹市埔頂二路１２３號十一樓之１２,住宅大樓(11層含以上有電梯),房地(土地+建物)+車位,十一層/十五層,4房2廳2衛,84.8,3988,56.1,14.1,2011-11-30,坡道平面,
光埔重劃區,115S1,2025-12-06,埔頂三路,RPUOMLOJKHLGFAO09DA,埔頂三路３０號,新竹市新竹市埔頂三路３０號十樓之１０,住宅大樓(11層含以上有電梯),房地(土地+建物)+車位,十層/二十九層,2房2廳1衛,34.2,1900,55.6,2.6,2023-05-30,坡道平面,
光埔重劃區,115S1,2025-12-07,埔頂三路,RPOOMLNKJHLGFAO38DA,埔頂三路３０號,新竹市新竹市埔頂三路３０號十八樓之１１,住宅大樓(11層含以上有電梯),房地(土地+建物)+車位,十八層/二十九層,2房2廳1衛,33.7,1910,56.7,2.6,2023-05-30,坡道平面,
光埔重劃區,115S1,2025-12-08,埔頂一路,RPXOMLMLKIKGFAO76DA,埔頂一路４６０號,新竹市新竹市埔頂一路４６０號,其他,車位,一層/十五層,0房0廳0衛,10.0,215,,14.2,2011-10-01,坡道平面,僅車位交易；
光埔重劃區,115S1,2025-12-09,埔頂二路,RPWQMLTLKIKGFAO57DA,埔頂二路８１號,新竹市新竹市埔頂二路８１號,住宅大樓(11層含以上有電梯),房地(土地+建物)+車位,一層，二層/三十層,0房0廳0衛,439.1,34944,89.0,9.2,2016-10-04,坡道平面,
光埔重劃區,115S1,2025-12-10,埔頂三路,RPQNMLNLKHLGFAO78EA,埔頂三路３８號,新竹市新竹市埔頂三路３８號二十八樓之１１,住宅大樓(11層含以上有電梯),房地(土地+建物)+車位,二十八層/二十九層,2房2廳1衛,32.5,1780,54.8,2.6,2023-05-30,坡道平面,
光埔重劃區,115S1,2025-12-16,埔頂一路,RPWNMLMLJHLGFAO09DA,埔頂一路４８０號,新竹市新竹市埔頂一路４８０號十三樓,住宅大樓(11層含以上有電梯),房地(土地+建物)+車位,十三層/二十層,3房2廳2衛,50.2,2536,50.5,14.2,2011-10-01,坡道平面,
光埔重劃區,115S1,2025-12-19,埔頂二路,RPWOMLRLJHLGFAO07DA,埔頂二路５號,新竹市新竹市埔頂二路５號二樓,華廈(10層含以下有電梯),房地(土地+建物)+車位,二層/九層,3房2廳2衛,44.8,2000,44.6,11.9,2014-01-25,一樓平面,其他增建；
光埔重劃區,115S1,2025-12-21,慈雲路,RPWOMLMLKIKGFAO66DA,慈雲路８０號,新竹市新竹市慈雲路８０號十一樓之３,住宅大樓(11層含以上有電梯),房地(土地+建物)+車位,十一層/二十九層,3房2廳2衛,53.2,2800,52.6,6.7,2019-04-25,坡道平面,其他增建包含陽台加窗其他增建；
光埔重劃區,115S2,2025-12-30,埔頂二路,RPVNMLKMLHLGFAO09DA,埔頂二路１２３號,新竹市新竹市埔頂二路１２３號五樓之１５,住宅大樓(11層含以上有電梯),房地(土地+建物)+車位,五層/十五層,2房2廳2衛,73.6,3688,50.1,14.1,2011-11-30,坡道平面,其他增建；
光埔重劃區,115S2,2025-12-31,埔頂三路,RPUOMLTKJHLGFAO96DA,埔頂三路３８號,新竹市新竹市埔頂三路３８號十四樓之９,住宅大樓(11層含以上有電梯),房地(土地+建物)+車位,十四層/二十九層,3房2廳2衛,43.9,1918,43.7,2.6,2023-05-30,坡道平面,親友、員工、共有人或其他特殊關係間之交易；
光埔重劃區,115S1,2026-01-05,埔頂三路,RPQOMLQJJHLGFAO78DA,埔頂三路３８號,新竹市新竹市埔頂三路３８號二十二樓之１,住宅大樓(11層含以上有電梯),房地(土地+建物)+車位,二十二層/二十九層,2房2廳1衛,33.3,1900,57.0,2.7,2023-05-30,坡道平面,
光埔重劃區,115S2,2026-01-06,慈雲路,RPPRMLKLNHLGFAO98DA,慈雲路８７號,新竹市新竹市慈雲路８７號九樓之１,住宅大樓(11層含以上有電梯),房地(土地+建物)+車位,九層/二十七層,2房2廳1衛,46.8,2545,54.4,10.1,2015-12-08,坡道平面,
光埔重劃區,115S2,2026-01-09,埔頂路,RPQPMLNKMHLGFAO98DA,埔頂路５１８號,新竹市新竹市埔頂路５１８號十七樓之５,住宅大樓(11層含以上有電梯),房地(土地+建物)+車位,十七層/二十二層,3房2廳2衛,55.8,3088,59.9,12.3,2013-09-10,坡道平面,
光埔重劃區,115S1,2026-01-10,埔頂一路,RPPNMLRLJHLGFAO88DA,埔頂一路５００號,新竹市新竹市埔頂一路５００號十四樓之２,住宅大樓(11層含以上有電梯),房地(土地+建物)+車位,十四層/十五層,3房2廳2衛,58.8,3765,73.0,0.2,2025-11-20,坡道平面,土地申報價格:18840000元整
光埔重劃區,115S2,2026-01-13,埔頂二路,RPPNMLRLLHLGFAO56EA,埔頂二路５２號,新竹市新竹市埔頂二路５２號十三樓,住宅大樓(11層含以上有電梯),房地(土地+建物)+車位,十三層/二十四層,2房2廳1衛,33.2,1900,57.3,5.0,2021-01-04,坡道平面,
光埔重劃區,115S2,2026-01-16,埔頂一路,RPSOMLKKLHLGFAO68DA,埔頂一路１０１號,新竹市新竹市埔頂一路１０１號十五樓之１,住宅大樓(11層含以上有電梯),房地(土地+建物)+車位,十五層/二十一層,1房1廳1衛,33.9,1538,45.3,5.7,2020-05-12,坡道平面,
光埔重劃區,115S3,2026-01-16,埔頂一路,RPWNMLRJPHLGFAO37DA,埔頂一路１８３號,新竹市新竹市埔頂一路１８３號六樓,住宅大樓(11層含以上有電梯),房地(土地+建物)+車位,六層/十七層,3房2廳2衛,58.9,3588,61.0,11.6,2014-06-25,坡道平面,陽台加窗。買賣總價：3588萬元（土地：2660萬元、建物：928萬元）其他增建；
光埔重劃區,115S2,2026-01-22,慈雲路,RPPNMLNLMHLGFAO88EA,慈雲路１２１號,新竹市新竹市慈雲路１２１號十四樓之５,住宅大樓(11層含以上有電梯),房地(土地+建物)+車位,十四層/二十八層,3房2廳2衛,50.7,2580,50.9,10.0,2016-01-25,坡道平面,親友、員工、共有人或其他特殊關係間之交易；
光埔重劃區,115S2,2026-01-25,慈雲路,RPXOMLTJLHLGFAO37DA,慈雲路１２１號,新竹市新竹市慈雲路１２１號十四樓之２,住宅大樓(11層含以上有電梯),房地(土地+建物)+車位,十四層/二十八層,3房2廳2衛,59.8,3330,55.7,10.0,2016-01-25,坡道平面,
光埔重劃區,115S3,2026-01-27,慈雲路,RPUNMLMKOHLGFAO66DA,慈雲路８０號,新竹市新竹市慈雲路８０號二十九樓之１,住宅大樓(11層含以上有電梯),房地(土地+建物)+車位,二十九層/二十九層,3房2廳2衛,53.5,2628,49.1,6.8,2019-04-25,坡道平面,
光埔重劃區,115S2,2026-01-28,慈雲路,RPXOMLLKLHLGFAO66DA,慈雲路８５號,新竹市新竹市慈雲路８５號十九樓之６,住宅大樓(11層含以上有電梯),房地(土地+建物)+車位,十九層/二十七層,2房2廳2衛,46.8,2600,55.6,10.1,2015-12-08,坡道平面,
光埔重劃區,115S2,2026-02-01,埔頂三路,RPRPMLMKLHLGFAO88DA,埔頂三路１０１號,新竹市新竹市埔頂三路１０１號十三樓,住宅大樓(11層含以上有電梯),房地(土地+建物)+車位,十三層/十四層,3房2廳2衛,42.7,2190,51.3,14.8,2011-05-01,坡道平面,陽台外推；
光埔重劃區,115S2,2026-02-07,埔頂三路,RPSNMLOLLHLGFAO09DA,埔頂三路３８號,新竹市新竹市埔頂三路３８號五樓之２,住宅大樓(11層含以上有電梯),房地(土地+建物)+車位,五層/二十九層,2房2廳1衛,33.9,1850,54.6,2.8,2023-05-30,坡道平面,
光埔重劃區,115S3,2026-02-07,光復路一段,RPQNMLRJRHLGFAO07EA,光復路一段５３１巷１弄２５號,新竹市新竹市光復路一段５３１巷１弄２５號,透天厝,房地(土地+建物)+車位,全/五層,9房0廳9衛,101.2,2990,29.6,10.8,2015-05-26,其他,
光埔重劃區,115S2,2026-02-11,慈雲路,RPVNMLNKKHLGFAO09DA,慈雲路８６號,新竹市新竹市慈雲路８６號二十六樓之３,住宅大樓(11層含以上有電梯),房地(土地+建物)+車位,二十六層/二十九層,3房2廳2衛,49.7,2608,52.4,6.8,2019-04-25,坡道平面,
光埔重劃區,115S2,2026-03-02,埔頂二路,RPQOMLNLMHLGFAO98DA,埔頂二路１６６號,新竹市新竹市埔頂二路１６６號六樓,華廈(10層含以下有電梯),房地(土地+建物),六層/六層,5房5廳5衛,24.5,1814,74.1,4.2,2022-01-19,,其他增建: 頂樓、天井、懸空增建。其他增建；
光埔重劃區,115S3,2026-03-15,埔頂三路,RPROMLLJMHLGFAO68DA,埔頂三路３８號,新竹市新竹市埔頂三路３８號十七樓之１０,住宅大樓(11層含以上有電梯),房地(土地+建物)+車位,十七層/二十九層,3房2廳2衛,44.5,2518,56.5,2.8,2023-05-30,坡道平面,
光埔重劃區,115S2,2026-03-20,光復路一段,RPXOMLOJNHLGFAO07DA,光復路一段４５９巷３９之２號,新竹市新竹市光復路一段４５９巷３９之２號六樓,華廈(10層含以下有電梯),房地(土地+建物),六層/六層,2房1廳1衛,15.7,948,60.4,3.8,2022-06-23,,
光埔重劃區,115S2,2026-03-29,埔頂路,RPUOMLTLNHLGFAO47DA,埔頂路２８號,新竹市新竹市埔頂路２８號九樓之２,華廈(10層含以下有電梯),房地(土地+建物)+車位,九層/十層,2房2廳1衛,40.7,1500,36.8,10.6,2015-08-05,坡道平面,陽台外移其他增建；
光埔重劃區,115S3,2026-03-29,埔頂二路,RPXOMLLJMHLGFAO66DA,埔頂二路１２３號,新竹市新竹市埔頂二路１２３號三樓之１３,住宅大樓(11層含以上有電梯),房地(土地+建物)+車位,三層/十五層,4房2廳2衛,77.4,3800,59.0,14.3,2011-11-30,坡道平面,陽台加窗其他增建；
光埔重劃區,115S2,2026-03-30,埔頂一路,RPQOMLQKMHLGFAO56DA,埔頂一路５０２號,新竹市新竹市埔頂一路５０２號九樓之２,住宅大樓(11層含以上有電梯),房地(土地+建物)+車位,九層/十五層,3房2廳2衛,57.6,3660,72.4,0.3,2025-11-20,坡道平面,
光埔重劃區,115S3,2026-04-03,慈雲路,RPPNMLMJNHLGFAO58DA,慈雲路８０號,新竹市新竹市慈雲路８０號五樓之１,住宅大樓(11層含以上有電梯),房地(土地+建物)+車位,五層/二十九層,3房2廳2衛,53.4,2690,50.4,7.0,2019-04-25,坡道平面,
光埔重劃區,115S2,2026-04-05,埔頂三路,RPROMLRLMHLGFAO86DA,埔頂三路３８號,新竹市新竹市埔頂三路３８號二十一樓之６,住宅大樓(11層含以上有電梯),房地(土地+建物)+車位,二十一層/二十九層,2房2廳1衛,35.4,2000,56.5,2.9,2023-05-30,坡道平面,
光埔重劃區,115S3,2026-04-12,埔頂一路,RPROMLNLMHLGFAO09DA,埔頂一路５０２號,新竹市新竹市埔頂一路５０２號七樓之２,住宅大樓(11層含以上有電梯),房地(土地+建物)+車位,七層/十五層,3房2廳2衛,57.0,3550,70.3,0.4,2025-11-20,坡道平面,
光埔重劃區,115S3,2026-04-14,慈雲路,RPXNMLPKPHLGFAO37DA,慈雲路８０號,新竹市新竹市慈雲路８０號十六樓之６,住宅大樓(11層含以上有電梯),房地(土地+建物)+車位,十六層/二十九層,3房2廳2衛,53.7,3088,57.5,7.0,2019-04-25,坡道平面,
光埔重劃區,115S2,2026-04-18,慈雲路,RPPNMLQKNHLGFAO09DA,慈雲路１２１號,新竹市新竹市慈雲路１２１號三樓之３,住宅大樓(11層含以上有電梯),房地(土地+建物)+車位,三層/二十八層,3房2廳2衛,59.6,2930,49.2,10.2,2016-01-25,坡道平面,
光埔重劃區,115S3,2026-04-19,埔頂三路,RPPTMLPLNHLGFAO07DA,埔頂三路１６２號,新竹市新竹市埔頂三路１６２號七樓之６,住宅大樓(11層含以上有電梯),房地(土地+建物)+車位,七層/十五層,3房2廳2衛,45.5,2188,48.0,14.2,2012-02-29,坡道平面,陽台外推；
光埔重劃區,115S2,2026-04-21,埔頂一路,RPQOMLTKNHLGFAO96DA,埔頂一路４６２號,新竹市新竹市埔頂一路４６２號十五樓,住宅大樓(11層含以上有電梯),房地(土地+建物)+車位,十五層/十五層,4房2廳2衛,67.9,2970,43.7,14.5,2011-10-01,坡道平面,其他增建為後陽台加窗其他增建；
光埔重劃區,115S2,2026-04-24,埔頂一路,RPXNMLRLNHLGFAO47DA,埔頂一路５００號,新竹市新竹市埔頂一路５００號二樓之２,住宅大樓(11層含以上有電梯),房地(土地+建物)+車位,二層/十五層,3房2廳2衛,58.8,3536,67.0,0.4,2025-11-20,坡道平面,有露台
光埔重劃區,115S3,2026-04-24,埔頂二路,RPXNMLTLNHLGFAO67DA,埔頂二路５０號,新竹市新竹市埔頂二路５０號十四樓,住宅大樓(11層含以上有電梯),房地(土地+建物)+車位,十四層/二十四層,2房2廳1衛,32.2,2000,62.1,5.2,2021-01-04,坡道平面,
光埔重劃區,115S2,2026-04-25,慈雲路,RPTNMLPJNHLGFAO66DA,慈雲路８２號,新竹市新竹市慈雲路８２號二十六樓之７,住宅大樓(11層含以上有電梯),房地(土地+建物)+車位,二十六層/二十九層,3房2廳2衛,51.0,2688,52.7,7.0,2019-04-25,坡道平面,陽台加窗其他增建；
光埔重劃區,115S3,2026-04-26,光復路一段,RPTOMLNJPHLGFAO76DA,光復路一段５４４巷１２６號,新竹市新竹市光復路一段５４４巷１２６號九樓,住宅大樓(11層含以上有電梯),房地(土地+建物)+車位,九層/十四層,3房2廳2衛,57.4,2600,45.3,13.5,2012-10-29,坡道機械,
光埔重劃區,115S2,2026-04-30,慈雲路,RPROMLOJNHLGFAO09DA,慈雲路１１８號,新竹市新竹市慈雲路１１８號十七樓之９,住宅大樓(11層含以上有電梯),房地(土地+建物)+車位,十七層/三十層,0房0廳0衛,55.6,2500,45.0,9.5,2016-10-04,坡道平面,
光埔重劃區,115S3,2026-05-04,慈雲路,RPSNMLQKOHLGFAO86DA,慈雲路８５號,新竹市新竹市慈雲路８５號五樓之５,住宅大樓(11層含以上有電梯),房地(土地+建物)+車位,五層/二十七層,3房2廳2衛,74.8,3700,49.4,10.4,2015-12-08,坡道平面,
光埔重劃區,115S3,2026-05-07,埔頂二路,RPOOMLTJPHLGFAO86DA,埔頂二路１２３號,新竹市新竹市埔頂二路１２３號十三樓之３,住宅大樓(11層含以上有電梯),房地(土地+建物)+車位,十三層/十五層,3房2廳2衛,66.2,3325,50.2,14.5,2011-11-30,坡道平面,
光埔重劃區,115S3,2026-05-08,埔頂一路,RPWNMLSKQHLGFAO67DA,埔頂一路２５８號,新竹市新竹市埔頂一路２５８號十三樓,住宅大樓(11層含以上有電梯),房地(土地+建物)+車位,十三層/十四層,3房2廳2衛,50.3,3068,61.0,8.1,2018-04-17,坡道平面,
光埔重劃區,115S3,2026-05-09,慈雲路,RPWNMLTLNHLGFAO57DA,慈雲路８２號,新竹市新竹市慈雲路８２號二十三樓之３,住宅大樓(11層含以上有電梯),房地(土地+建物)+車位,二十三層/二十九層,3房2廳2衛,49.7,2700,54.3,7.1,2019-04-25,坡道平面,
光埔重劃區,115S3,2026-05-10,慈雲路,RPQNMLPJOHLGFAO09DA,慈雲路１１７號,新竹市新竹市慈雲路１１７號二十七樓之５,住宅大樓(11層含以上有電梯),房地(土地+建物)+車位,二十七層/二十八層,3房2廳1衛,49.0,2398,48.9,10.3,2016-01-25,坡道平面,陽台加窗其他增建；
光埔重劃區,115S3,2026-05-13,埔頂三路,RPQNMLRLQHLGFAO07DA,埔頂三路１０７號,新竹市新竹市埔頂三路１０７號八樓,住宅大樓(11層含以上有電梯),房地(土地+建物)+車位,八層/十二層,3房2廳2衛,43.0,2176,50.6,15.0,2011-05-01,坡道平面,增建：陽台加窗陽台外推；其他增建；
光埔重劃區,115S3,2026-05-17,埔頂三路,RPSNMLSKNHLGFAO96DA,埔頂三路９５號,新竹市新竹市埔頂三路９５號十一樓,住宅大樓(11層含以上有電梯),房地(土地+建物)+車位,十一層/十四層,3房2廳2衛,74.4,3488,46.9,15.0,2011-05-01,坡道平面,
光埔重劃區,115S2,2026-05-18,埔頂一路,RPSNMLTLNHLGFAO17DA,埔頂一路５００號,新竹市新竹市埔頂一路５００號三樓之１,住宅大樓(11層含以上有電梯),房地(土地+建物)+車位,三層/十五層,3房2廳2衛,59.0,3498,67.0,0.5,2025-11-20,坡道平面,
光埔重劃區,115S3,2026-05-19,埔頂二路,RPTNMLNJPHLGFAO66DA,埔頂二路４０號,新竹市新竹市埔頂二路４０號二十二樓,住宅大樓(11層含以上有電梯),房地(土地+建物)+車位,二十二層/二十四層,2房2廳1衛,32.2,2008,62.3,5.3,2021-01-04,坡道平面,
光埔重劃區,115S3,2026-05-22,埔頂三路,RPXNMLSJPHLGFAO57DA,埔頂三路３０號,新竹市新竹市埔頂三路３０號二十二樓之１１,住宅大樓(11層含以上有電梯),房地(土地+建物)+車位,二十二層/二十九層,2房2廳1衛,33.7,1850,54.9,3.0,2023-05-30,坡道平面,
光埔重劃區,115S3,2026-05-26,埔頂三路,RPTOMLLMPHLGFAO86DA,埔頂三路３２號,新竹市新竹市埔頂三路３２號五樓之３,住宅大樓(11層含以上有電梯),房地(土地+建物)+車位,五層/二十九層,3房2廳2衛,45.2,2300,50.8,3.0,2023-05-30,坡道平面,
光埔重劃區,115S3,2026-05-26,慈雲路,RPSNMLKLQHLGFAO56DA,慈雲路８２號,新竹市新竹市慈雲路８２號十五樓之５,住宅大樓(11層含以上有電梯),房地(土地+建物)+車位,十五層/二十九層,3房2廳2衛,52.0,2740,52.7,7.1,2019-04-25,坡道平面,其他增建:陽台加窗
光埔重劃區,115S3,2026-05-31,慈雲路,RPPNMLOKOHLGFAO98DA,慈雲路１２１號,新竹市新竹市慈雲路１２１號二十一樓之３,住宅大樓(11層含以上有電梯),房地(土地+建物)+車位,二十一層/二十八層,3房2廳2衛,59.6,3108,52.2,10.3,2016-01-25,坡道平面,
光埔重劃區,115S3,2026-06-04,埔頂一路,RPVOMLRJPHLGFAO37DA,埔頂一路１０１號,新竹市新竹市埔頂一路１０１號六樓之６,住宅大樓(11層含以上有電梯),房地(土地+建物)+車位,六層/二十一層,1房1廳1衛,32.5,1530,47.0,6.1,2020-05-12,坡道平面,
光埔重劃區,115S3,2026-06-07,埔頂一路,RPTNMLMLOHLGFAO66DA,埔頂一路５０２號,新竹市新竹市埔頂一路５０２號六樓之２,住宅大樓(11層含以上有電梯),房地(土地+建物)+車位,六層/十五層,3房2廳2衛,57.6,3500,69.0,0.6,2025-11-20,坡道平面,
光埔重劃區,115S3,2026-06-11,埔頂二路,RPQQMLNKOHLGFAO66DA,埔頂二路３號,新竹市新竹市埔頂二路３號五樓,華廈(10層含以下有電梯),房地(土地+建物)+車位,五層/九層,3房2廳2衛,48.9,2500,51.1,12.4,2014-01-25,坡道平面,部分面積登記為雨遮但現況變更為陽台使用其他增建；
光埔重劃區,115S3,2026-06-14,埔頂一路,RPPNMLKMOHLGFAO78DA,埔頂一路２６６號,新竹市新竹市埔頂一路２６６號六樓,住宅大樓(11層含以上有電梯),房地(土地+建物)+車位,六層/十四層,2房2廳1衛,41.3,2500,60.5,8.2,2018-04-17,坡道平面,鐵鋁窗增建其他增建；
光埔重劃區,115S3,2026-06-14,慈雲路,RPTNMLLLPHLGFAO66DA,慈雲路８６號,新竹市新竹市慈雲路８６號二十五樓之１,住宅大樓(11層含以上有電梯),房地(土地+建物)+車位,二十五層/二十九層,3房2廳2衛,53.6,2690,50.2,7.2,2019-04-25,坡道平面,
光埔重劃區,115S3,2026-06-14,埔頂三路,RPWOMLSLPHLGFAO77DA,埔頂三路３８號,新竹市新竹市埔頂三路３８號六樓之８,住宅大樓(11層含以上有電梯),房地(土地+建物)+車位,六層/二十九層,2房2廳1衛,33.0,1800,54.6,3.1,2023-05-30,坡道平面,
光埔重劃區,115S3,2026-06-16,慈雲路,RPPNMLSKPHLGFAO86DA,慈雲路１２１號,新竹市新竹市慈雲路１２１號四樓之３,住宅大樓(11層含以上有電梯),房地(土地+建物)+車位,四層/二十八層,3房2廳2衛,50.7,2758,54.4,10.4,2016-01-25,坡道平面,
光埔重劃區,115S3,2026-06-16,埔頂二路,RPTNMLMKQHLGFAO76DA,埔頂二路２６號,新竹市新竹市埔頂二路２６號二十三樓,住宅大樓(11層含以上有電梯),房地(土地+建物)+車位,二十三層/二十四層,2房2廳2衛,46.2,2610,56.5,5.4,2021-01-04,坡道平面,
光埔重劃區,115S3,2026-06-21,慈雲路,RPPNMLPLQHLGFAO76DA,慈雲路１３９號,新竹市新竹市慈雲路１３９號二十五樓之２,住宅大樓(11層含以上有電梯),房地(土地+建物)+車位,二十五層/二十八層,4房2廳2衛,70.5,3525,50.0,11.5,2014-12-08,坡道平面,
光埔重劃區,115S3,2026-06-27,埔頂二路,RPXNMLRJQHLGFAO57DA,埔頂二路３２號,新竹市新竹市埔頂二路３２號二十樓,住宅大樓(11層含以上有電梯),房地(土地+建物)+車位,二十層/二十四層,2房1廳1衛,33.2,1900,57.3,5.4,2021-01-04,坡道平面,
光埔重劃區,115S3,2026-06-30,埔頂三路,RPROMLNJQHLGFAO66DA,埔頂三路３０號,新竹市新竹市埔頂三路３０號二十樓之７,住宅大樓(11層含以上有電梯),房地(土地+建物)+車位,二十層/二十九層,2房2廳1衛,35.4,1930,54.5,3.1,2023-05-30,坡道平面,
光埔重劃區,115S3,2026-07-05,埔頂三路,RPWOMLKMPHLGFAO07DA,埔頂三路１６０號,新竹市新竹市埔頂三路１６０號七樓之２,住宅大樓(11層含以上有電梯),房地(土地+建物),七層/十五層,2房1廳1衛,18.1,1315,72.7,14.4,2012-02-29,,
光埔重劃區,115S3,2026-07-05,埔頂三路,RPRNMLLLQHLGFAO56DA,埔頂三路３６號,新竹市新竹市埔頂三路３６號十四樓之３,住宅大樓(11層含以上有電梯),房地(土地+建物)+車位,十四層/二十九層,3房2廳2衛,43.6,2265,51.9,3.2,2023-05-30,坡道平面,
光埔重劃區,115S3,2026-07-09,埔頂三路,RPOOMLRKQHLGFAO86DA,埔頂三路３０號,新竹市新竹市埔頂三路３０號二十三樓之６,住宅大樓(11層含以上有電梯),房地(土地+建物)+車位,二十三層/二十九層,2房2廳1衛,33.2,1950,58.7,3.2,2023-05-30,坡道平面,
光埔重劃區,115S4,2026-07-19,埔頂路,RPROMLRJRHLGFAO17DA,埔頂路８９號,新竹市新竹市埔頂路８９號三樓之６,住宅大樓(11層含以上有電梯),房地(土地+建物)+車位,三層/十一層,0房0廳0衛,122.5,3900,31.8,1.5,2025-01-17,坡道平面,
光埔重劃區,115S4,2026-07-20,埔頂路,RPOOMLLMPHLGFAO98DA,埔頂路１００巷３２之１７號,新竹市新竹市埔頂路１００巷３２之１７號,華廈(10層含以下有電梯),房地(土地+建物)+車位,一層/五層,0房0廳0衛,32.9,2180,66.4,0.4,2026-02-12,一樓平面,
光埔重劃區,115S4,2026-07-20,埔頂路,RPWNMLLKRHLGFAO07DA,埔頂路１００巷３２之１７號,新竹市新竹市埔頂路１００巷３２之１７號五樓,華廈(10層含以下有電梯),房地(土地+建物),五層，見其他登記事項/五層,2房2廳2衛,46.0,2200,47.9,0.4,2026-02-12,,
光埔重劃區,115S4,2026-07-21,埔頂一路,RPVNMLLKRHLGFAO96DA,埔頂一路１０１號,新竹市新竹市埔頂一路１０１號五樓之６,住宅大樓(11層含以上有電梯),房地(土地+建物)+車位,五層/二十一層,1房1廳1衛,32.5,1600,49.2,6.2,2020-05-12,坡道平面,
光埔重劃區,115S4,2026-07-31,埔頂一路,RPUNMLOJQHLGFAO96DA,埔頂一路４３０號,新竹市新竹市埔頂一路４３０號十二樓,住宅大樓(11層含以上有電梯),房地(土地+建物)+車位,十二層/十四層,2房2廳1衛,39.7,2208,55.6,13.2,2013-04-08,坡道平面,
光埔重劃區,115S4,2026-08-08,慈雲路,RPQOMLKKQHLGFAO98DA,慈雲路８７號,新竹市新竹市慈雲路８７號二十五樓之１,住宅大樓(11層含以上有電梯),房地(土地+建物)+車位,二十五層/二十七層,2房2廳1衛,46.2,2430,52.6,10.7,2015-12-08,坡道平面,
公道五沿線,114S1,2021-12-03,竹光路,RPQNMLLKJHKGFAO18DA,竹光路２５０號,新竹市新竹市竹光路２５０號九樓之１,華廈(10層含以下有電梯),房地(土地+建物)+車位,九層/十層,3房2廳2衛,49.4,1608,40.5,-2.9,2024-11-05,坡道平面,預售屋、或土地及建物分件登記案件；
公道五沿線,114S1,2021-12-07,竹光路,RPTPMLKMKIJGFAO88DA,竹光路２５０號,新竹市新竹市竹光路２５０號九樓之２,華廈(10層含以下有電梯),房地(土地+建物)+車位,九層/十層,3房2廳2衛,48.7,1645,42.7,-2.9,2024-11-05,坡道平面,土地買賣價款新台幣642萬元建物買賣價款新台幣838萬元車位買賣價款新台幣165萬元.112.03.30轉讓買賣價款18
公道五沿線,114S1,2021-12-07,竹光路,RPUPMLKMKIJGFAO98DA,竹光路２５０號,新竹市新竹市竹光路２５０號十樓之２,華廈(10層含以下有電梯),房地(土地+建物)+車位,十層/十層,3房2廳2衛,48.7,1636,42.0,-2.9,2024-11-05,坡道平面,預售屋、或土地及建物分件登記案件；
公道五沿線,114S1,2021-12-07,竹光路,RPSRMLKMKIJGFAO98DA,竹光路２５０號,新竹市新竹市竹光路２５０號十樓之１,華廈(10層含以下有電梯),房地(土地+建物)+車位,十層/十層,3房2廳2衛,49.4,1641,41.8,-2.9,2024-11-05,坡道平面,土地買賣價款新台幣640萬元建物買賣價款新台幣841萬元車位買賣價款新台幣160萬元112.07.21轉讓買賣價款新台幣
公道五沿線,114S1,2021-12-08,竹光路,RPQSMLKMKIJGFAO88DA,竹光路２５０號,新竹市新竹市竹光路２５０號七樓之３,華廈(10層含以下有電梯),房地(土地+建物)+車位,七層/十層,3房2廳2衛,49.5,1622,40.9,-2.9,2024-11-05,坡道平面,土地買賣價款新台幣633萬元建物買賣價款新台幣819萬元車位買賣價款新台幣170萬元111.09.23轉讓買賣價款新台幣
公道五沿線,114S1,2021-12-08,竹光路,RPTNMLLKJHKGFAO48DA,竹光路２５０號,新竹市新竹市竹光路２５０號八樓之３,華廈(10層含以下有電梯),房地(土地+建物)+車位,八層/十層,3房2廳2衛,49.5,1595,39.8,-2.9,2024-11-05,坡道平面,預售屋、或土地及建物分件登記案件；
公道五沿線,114S1,2021-12-09,竹光路,RPWOMLKMKIJGFAO09DA,竹光路２５０號,新竹市新竹市竹光路２５０號三樓之２,華廈(10層含以下有電梯),房地(土地+建物)+車位,三層/十層,3房2廳2衛,48.7,1494,37.9,-2.9,2024-11-05,坡道平面,預售屋、或土地及建物分件登記案件；
公道五沿線,114S1,2021-12-09,竹光路,RPTRMLKMKIJGFAO09DA,竹光路２５０號,新竹市新竹市竹光路２５０號八樓之２,華廈(10層含以下有電梯),房地(土地+建物)+車位,八層/十層,3房2廳2衛,48.7,1530,38.8,-2.9,2024-11-05,坡道平面,土地買賣價款新台幣597萬元建物買賣價款新台幣748萬元車位買賣價款新台幣185萬元111.06.01轉讓買賣價款新台幣
公道五沿線,114S1,2021-12-10,竹光路,RPXOMLKMKIJGFAO56DA,竹光路２５０號,新竹市新竹市竹光路２５０號四樓之２,華廈(10層含以下有電梯),房地(土地+建物)+車位,四層/十層,3房2廳2衛,48.7,1478,37.7,-2.9,2024-11-05,坡道平面,預售屋、或土地及建物分件登記案件；
公道五沿線,114S1,2021-12-10,竹光路,RPRNMLLKJHKGFAO28DA,竹光路２５０號,新竹市新竹市竹光路２５０號二樓之３,華廈(10層含以下有電梯),房地(土地+建物)+車位,二層/十層,3房2廳2衛,63.5,1690,37.5,-2.9,2024-11-05,坡道平面,預售屋、或土地及建物分件登記案件；
公道五沿線,114S1,2021-12-13,竹光路,RPQPMLKMKIJGFAO58DA,竹光路２５０號,新竹市新竹市竹光路２５０號七樓之２,華廈(10層含以下有電梯),房地(土地+建物)+車位,七層/十層,3房2廳2衛,48.7,1516,39.0,-2.9,2024-11-05,坡道平面,預售屋、或土地及建物分件登記案件；
公道五沿線,114S1,2021-12-13,竹光路,RPORMLKMKIJGFAO58DA,竹光路２５０號,新竹市新竹市竹光路２５０號三樓之１,華廈(10層含以下有電梯),房地(土地+建物)+車位,三層/十層,3房2廳2衛,49.4,1522,38.3,-2.9,2024-11-05,坡道平面,土地買賣價款新台幣594萬元建物買賣價款新台幣763萬元車位買賣價款新台幣165萬元111.01.20轉讓買賣價款新台幣
公道五沿線,114S1,2021-12-13,竹光路,RPOSMLKMKIJGFAO68DA,竹光路２５０號,新竹市新竹市竹光路２５０號五樓之３,華廈(10層含以下有電梯),房地(土地+建物)+車位,五層/十層,3房2廳2衛,49.5,1518,38.0,-2.9,2024-11-05,坡道平面,預售屋、或土地及建物分件登記案件；
公道五沿線,114S1,2021-12-14,竹光路,RPPNMLTLKIJGFAO09DA,竹光路２５０號,新竹市新竹市竹光路２５０號四樓之１,華廈(10層含以下有電梯),房地(土地+建物)+車位,四層/十層,3房2廳2衛,49.4,1545,39.1,-2.9,2024-11-05,坡道平面,預售屋、或土地及建物分件登記案件；
公道五沿線,114S1,2021-12-14,竹光路,RPWRMLKMKIJGFAO76DA,竹光路２５０號,新竹市新竹市竹光路２５０號三樓之３,華廈(10層含以下有電梯),房地(土地+建物)+車位,三層/十層,3房2廳2衛,49.5,1546,38.9,-2.9,2024-11-05,坡道平面,土地買賣價款新台幣603萬元建物買賣價款新台幣778萬元車位買賣價款新台幣165萬元112.10.23轉讓買賣價款新台幣
公道五沿線,114S1,2021-12-15,竹光路,RPRNMLLMKIJGFAO58DA,竹光路２５０號,新竹市新竹市竹光路２５０號十樓之３,華廈(10層含以下有電梯),房地(土地+建物)+車位,十層/十層,3房2廳2衛,49.5,1601,40.3,-2.9,2024-11-05,坡道平面,土地買賣價款新台幣624萬元建物買賣價款新台幣807萬元車位買賣價款新台幣170萬元.111.03.13轉讓新台幣160
公道五沿線,114S1,2021-12-15,竹光路,RPQNMLLJJHKGFAO08DA,竹光路２５０號,新竹市新竹市竹光路２５０號九樓之３,華廈(10層含以下有電梯),房地(土地+建物)+車位,九層/十層,3房2廳2衛,49.5,1615,41.0,-2.9,2024-11-05,坡道平面,土地買賣價款新台幣630萬元建物買賣價款新台幣825萬元車位買賣價款新台幣160萬元111.03.13轉讓112.10.
公道五沿線,114S1,2021-12-15,竹光路,RPSNMLLKJHKGFAO38DA,竹光路２５０號,新竹市新竹市竹光路２５０號六樓之２,華廈(10層含以下有電梯),房地(土地+建物)+車位,六層/十層,3房2廳2衛,48.7,1482,37.7,-2.9,2024-11-05,坡道平面,預售屋、或土地及建物分件登記案件；
公道五沿線,114S1,2021-12-16,竹光路,RPPRMLKMKIJGFAO68DA,竹光路２５０號,新竹市新竹市竹光路２５０號五樓之１,華廈(10層含以下有電梯),房地(土地+建物)+車位,五層/十層,3房2廳2衛,49.4,1488,37.7,-2.9,2024-11-05,坡道平面,土地買賣價款新台幣580萬元建物買賣價款新台幣753萬元車位買賣價款新台幣155萬元111.10.19轉讓買賣價款新台幣
公道五沿線,114S1,2021-12-16,竹光路,RPQRMLKMKIJGFAO78DA,竹光路２５０號,新竹市新竹市竹光路２５０號七樓之１,華廈(10層含以下有電梯),房地(土地+建物)+車位,七層/十層,3房2廳2衛,49.4,1530,38.8,-2.9,2024-11-05,坡道平面,土地買賣價款新台幣597萬元建物買賣價款新台幣778萬元車位買賣價款新台幣155萬元112.04.08轉讓買賣價款新台幣
公道五沿線,114S1,2021-12-16,竹光路,RPPSMLKMKIJGFAO78DA,竹光路２５０號,新竹市新竹市竹光路２５０號六樓之３,華廈(10層含以下有電梯),房地(土地+建物)+車位,六層/十層,3房2廳2衛,49.5,1458,36.6,-2.9,2024-11-05,坡道平面,預售屋、或土地及建物分件登記案件；
公道五沿線,114S1,2021-12-21,竹光路,RPRRMLKMKIJGFAO88DA,竹光路２５０號,新竹市新竹市竹光路２５０號八樓之１,華廈(10層含以下有電梯),房地(土地+建物)+車位,八層/十層,3房2廳2衛,49.4,1529,38.0,-2.9,2024-11-05,坡道平面,土地買賣價款新台幣596萬元建物買賣價款新台幣748萬元車位買賣價款新台幣185萬元112.07.18轉讓買賣價款新台幣
公道五沿線,114S1,2021-12-22,竹光路,RPOPMLKMKIJGFAO38DA,竹光路２５０號,新竹市新竹市竹光路２５０號五樓之２,華廈(10層含以下有電梯),房地(土地+建物)+車位,五層/十層,3房2廳2衛,48.7,1455,36.9,-2.9,2024-11-05,坡道平面,預售屋、或土地及建物分件登記案件；
公道五沿線,114S1,2021-12-27,竹光路,RPWNMLSLKIJGFAO07DA,竹光路２５０號,新竹市新竹市竹光路２５０號二樓之１,華廈(10層含以下有電梯),房地(土地+建物)+車位,二層/十層,3房2廳2衛,49.4,1548,38.9,-2.9,2024-11-05,坡道平面,預售屋、或土地及建物分件登記案件；
公道五沿線,114S1,2021-12-29,竹光路,RPXRMLKMKIJGFAO86DA,竹光路２５０號,新竹市新竹市竹光路２５０號四樓之３,華廈(10層含以下有電梯),房地(土地+建物)+車位,四層/十層,3房2廳2衛,49.5,1564,39.2,-2.9,2024-11-05,坡道平面,土地買賣價款新台幣610萬元建物買賣價款新台幣779萬元車位買賣價款新台幣175萬元112.07.21轉讓買賣價款新台幣
公道五沿線,114S1,2021-12-30,竹光路,RPSNMLTLKIJGFAO76DA,竹光路２５０號,新竹市新竹市竹光路２５０號六樓之１,華廈(10層含以下有電梯),房地(土地+建物)+車位,六層/十層,3房2廳2衛,49.4,1611,40.6,-2.9,2024-11-05,坡道平面,預售屋、或土地及建物分件登記案件；
公道五沿線,114S1,2021-12-30,竹光路,RPSNMLLJJHKGFAO28DA,竹光路２５０號,新竹市新竹市竹光路２５０號二樓之２,華廈(10層含以下有電梯),房地(土地+建物)+車位,二層/十層,3房2廳2衛,48.7,1413,35.4,-2.9,2024-11-05,坡道平面,預售屋、或土地及建物分件登記案件；
公道五沿線,114S1,2022-04-26,竹光路,RPTNMLSLKIJGFAO76DA,竹光路２５０號,新竹市新竹市竹光路２５０號,華廈(10層含以下有電梯),房地(土地+建物)+車位,一層，見其他登記事項/十層,0房0廳0衛,48.8,2486,66.3,-2.6,2024-11-05,坡道平面,預售屋、或土地及建物分件登記案件；
公道五沿線,114S1,2022-12-06,竹光路,RPUOMLKMKIJGFAO88DA,竹光路２５２號,新竹市新竹市竹光路２５２號,華廈(10層含以下有電梯),房地(土地+建物)+車位,一層，見其他登記事項/十層,0房0廳0衛,40.2,1720,59.8,-1.9,2024-11-05,坡道平面,預售屋、或土地及建物分件登記案件；
公道五沿線,115S3,2023-01-14,千甲路,RPRPMLKKPHLGFAO09DA,千甲路２９４巷１８號,新竹市新竹市千甲路２９４巷１８號十樓之１,住宅大樓(11層含以上有電梯),房地(土地+建物)+車位,十層/十一層,3房2廳2衛,37.8,1858,52.7,-3.3,2026-05-13,坡道平面,預售屋、或土地及建物分件登記案件；
公道五沿線,115S3,2023-07-17,千甲路,RPOPMLKKPHLGFAO78DA,千甲路２９４巷１８號,新竹市新竹市千甲路２９４巷１８號九樓之１,住宅大樓(11層含以上有電梯),房地(土地+建物)+車位,九層/十一層,3房2廳2衛,37.2,1833,49.3,-2.8,2026-05-13,一樓平面,預售屋、或土地及建物分件登記案件；
公道五沿線,115S3,2023-10-01,千甲路,RPPPMLKKPHLGFAO88DA,千甲路２９４巷１８號,新竹市新竹市千甲路２９４巷１８號九樓之２,住宅大樓(11層含以上有電梯),房地(土地+建物)+車位,九層/十一層,3房2廳2衛,38.0,1868,53.1,-2.6,2026-05-13,坡道平面,預售屋、或土地及建物分件登記案件；
公道五沿線,115S3,2023-12-09,千甲路,RPTOMLKKPHLGFAO56DA,千甲路２９４巷１８號,新竹市新竹市千甲路２９４巷１８號七樓之１,住宅大樓(11層含以上有電梯),房地(土地+建物)+車位,七層/十一層,3房2廳2衛,37.8,1829,51.8,-2.4,2026-05-13,坡道平面,預售屋、或土地及建物分件登記案件；
公道五沿線,115S3,2024-01-06,千甲路,RPUOMLKKPHLGFAO66DA,千甲路２９４巷１８號,新竹市新竹市千甲路２９４巷１８號七樓之２,住宅大樓(11層含以上有電梯),房地(土地+建物)+車位,七層/十一層,3房2廳2衛,38.0,1868,52.6,-2.3,2026-05-13,坡道平面,預售屋、或土地及建物分件登記案件；
公道五沿線,115S3,2024-01-06,千甲路,RPWOMLKKPHLGFAO86DA,千甲路２９４巷１８號,新竹市新竹市千甲路２９４巷１８號八樓之２,住宅大樓(11層含以上有電梯),房地(土地+建物)+車位,八層/十一層,3房2廳2衛,38.0,1888,52.9,-2.3,2026-05-13,一樓平面,預售屋、或土地及建物分件登記案件；
公道五沿線,115S3,2024-01-30,千甲路,RPQOMLKKPHLGFAO88DA,千甲路２９４巷１８號,新竹市新竹市千甲路２９４巷１８號六樓之１,住宅大樓(11層含以上有電梯),房地(土地+建物)+車位,六層/十一層,3房2廳2衛,37.8,1820,51.5,-2.3,2026-05-13,坡道平面,預售屋、或土地及建物分件登記案件；
公道五沿線,115S3,2024-02-17,千甲路,RPXNMLKKPHLGFAO86DA,千甲路２９４巷１８號,新竹市新竹市千甲路２９４巷１８號五樓之１,住宅大樓(11層含以上有電梯),房地(土地+建物)+車位,五層/十一層,3房2廳2衛,37.8,1820,51.2,-2.2,2026-05-13,一樓平面,預售屋、或土地及建物分件登記案件；
公道五沿線,115S3,2024-02-17,千甲路,RPXOMLKKPHLGFAO96DA,千甲路２９４巷１８號,新竹市新竹市千甲路２９４巷１８號八樓之３,住宅大樓(11層含以上有電梯),房地(土地+建物)+車位,八層/十一層,3房2廳2衛,37.9,1868,52.5,-2.2,2026-05-13,一樓平面,預售屋、或土地及建物分件登記案件；
公道五沿線,115S3,2024-02-18,千甲路,RPQQMLKKPHLGFAO09DA,千甲路２９４巷１８號,新竹市新竹市千甲路２９４巷１８號六樓之２,住宅大樓(11層含以上有電梯),房地(土地+建物)+車位,六層/十一層,3房2廳2衛,38.0,1858,52.2,-2.2,2026-05-13,坡道平面,預售屋、或土地及建物分件登記案件；
公道五沿線,115S3,2024-02-24,千甲路,RPOOMLKKPHLGFAO68DA,千甲路２９４巷１８號,新竹市新竹市千甲路２９４巷１８號五樓之２,住宅大樓(11層含以上有電梯),房地(土地+建物)+車位,五層/十一層,3房2廳2衛,38.0,1861,52.0,-2.2,2026-05-13,一樓平面,預售屋、或土地及建物分件登記案件；
公道五沿線,115S3,2024-02-26,千甲路,RPWPMLNKPHLGFAO27DA,千甲路２９４巷１８號,新竹市新竹市千甲路２９４巷１８號四樓之１,住宅大樓(11層含以上有電梯),房地(土地+建物)+車位,四層/十一層,3房2廳2衛,37.8,1790,51.1,-2.2,2026-05-13,坡道平面,預售屋、或土地及建物分件登記案件；
公道五沿線,115S3,2024-03-05,千甲路,RPRPMLRLPHLGFAO27DA,千甲路２９４巷１８號,新竹市新竹市千甲路２９４巷１８號七樓之３,住宅大樓(11層含以上有電梯),房地(土地+建物)+車位,七層/十一層,3房2廳2衛,37.9,1858,49.1,-2.2,2026-05-13,一樓平面,預售屋、或土地及建物分件登記案件；
公道五沿線,115S3,2024-03-08,千甲路,RPSOMLKKPHLGFAO09DA,千甲路２９４巷１８號,新竹市新竹市千甲路２９４巷１８號六樓之３,住宅大樓(11層含以上有電梯),房地(土地+建物)+車位,六層/十一層,3房2廳2衛,37.9,1858,52.2,-2.2,2026-05-13,一樓平面,預售屋、或土地及建物分件登記案件；
公道五沿線,115S3,2024-03-08,千甲路,RPQPMLKKPHLGFAO98DA,千甲路２９４巷１８號,新竹市新竹市千甲路２９４巷１８號九樓之３,住宅大樓(11層含以上有電梯),房地(土地+建物)+車位,九層/十一層,3房2廳2衛,37.2,1869,53.2,-2.2,2026-05-13,坡道平面,預售屋、或土地及建物分件登記案件；
公道五沿線,113S3,2024-03-21,竹光路,RPXNMLTJQHJGFAO57DA,竹光路１３２號,新竹市新竹市竹光路１３２號,透天厝,房地(土地+建物),全/四層,5房2廳6衛,86.8,3900,44.9,1.5,2022-09-22,,壹樓空地、頂樓增建拆價：土地1950萬、建物1950萬陽台外推；其他增建；
公道五沿線,115S3,2024-03-23,千甲路,RPPQMLKKPHLGFAO98DA,千甲路２９４巷１８號,新竹市新竹市千甲路２９４巷１８號五樓之３,住宅大樓(11層含以上有電梯),房地(土地+建物)+車位,五層/十一層,3房2廳2衛,37.9,1855,52.1,-2.2,2026-05-13,一樓平面,預售屋、或土地及建物分件登記案件；
公道五沿線,115S3,2024-03-27,千甲路,RPXOMLPJQHLGFAO47DA,千甲路２９４巷１８號,新竹市新竹市千甲路２９４巷１８號四樓之３,住宅大樓(11層含以上有電梯),房地(土地+建物)+車位,四層/十一層,3房2廳2衛,37.9,1808,51.0,-2.2,2026-05-13,坡道平面,預售屋、或土地及建物分件登記案件；
公道五沿線,113S3,2024-04-11,竹光路,RPVQMLSKOHJGFAO47DA,竹光路８３號,新竹市新竹市竹光路８３號七樓,住宅大樓(11層含以上有電梯),房地(土地+建物)+車位,七層/十五層,3房2廳3衛,74.6,3320,44.5,8.3,2015-12-26,坡道平面,
公道五沿線,115S3,2024-04-13,千甲路,RPQPMLRLPHLGFAO17DA,千甲路２９４巷１８號,新竹市新竹市千甲路２９４巷１８號十樓之２,住宅大樓(11層含以上有電梯),房地(土地+建物)+車位,十層/十一層,3房2廳2衛,38.0,1925,54.4,-2.1,2026-05-13,坡道平面,預售屋、或土地及建物分件登記案件；
公道五沿線,113S4,2024-04-21,竹光路,RPQNMLPJRHJGFAO56DA,竹光路３５巷５０號,新竹市新竹市竹光路３５巷５０號六樓,華廈(10層含以下有電梯),房地(土地+建物)+車位,/十層,3房2廳2衛,71.3,2620,36.7,9.5,2014-10-30,坡道平面,
公道五沿線,115S3,2024-04-21,千甲路,RPPPMLRLPHLGFAO07DA,千甲路２９４巷１８號,新竹市新竹市千甲路２９４巷１８號三樓之２,住宅大樓(11層含以上有電梯),房地(土地+建物)+車位,三層/十一層,3房2廳2衛,37.4,1841,49.2,-2.1,2026-05-13,一樓平面,預售屋、或土地及建物分件登記案件；
公道五沿線,115S3,2024-04-22,千甲路,RPUPMLKKPHLGFAO76DA,千甲路２９４巷１８號,新竹市新竹市千甲路２９４巷１８號十樓之３,住宅大樓(11層含以上有電梯),房地(土地+建物)+車位,十層/十一層,3房2廳2衛,37.9,1900,54.0,-2.1,2026-05-13,坡道平面,預售屋、或土地及建物分件登記案件；
公道五沿線,115S3,2024-04-23,千甲路,RPPNMLKKPHLGFAO68DA,千甲路２９４巷１８號,新竹市新竹市千甲路２９４巷１８號二樓之１,住宅大樓(11層含以上有電梯),房地(土地+建物)+車位,二層/十一層,3房2廳2衛,37.8,1882,53.1,-2.1,2026-05-13,一樓平面,預售屋、或土地及建物分件登記案件；
公道五沿線,115S3,2024-05-04,千甲路,RPUNMLKKPHLGFAO56DA,千甲路２９４巷１８號,新竹市新竹市千甲路２９４巷１８號三樓之３,住宅大樓(11層含以上有電梯),房地(土地+建物)+車位,三層/十一層,3房2廳2衛,37.9,1830,51.3,-2.0,2026-05-13,一樓平面,預售屋、或土地及建物分件登記案件；
公道五沿線,115S3,2024-05-05,千甲路,RPRNMLKKPHLGFAO88DA,千甲路２９４巷１８號,新竹市新竹市千甲路２９４巷１８號二樓之３,住宅大樓(11層含以上有電梯),房地(土地+建物)+車位,二層/十一層,3房2廳2衛,37.9,1920,54.2,-2.0,2026-05-13,一樓平面,預售屋、或土地及建物分件登記案件；
公道五沿線,115S3,2024-05-05,千甲路,RPXPMLKKPHLGFAO07DA,千甲路２９４巷１８號,新竹市新竹市千甲路２９４巷１８號三樓之１,住宅大樓(11層含以上有電梯),房地(土地+建物)+車位,三層/十一層,3房2廳2衛,37.8,1812,51.0,-2.0,2026-05-13,一樓平面,預售屋、或土地及建物分件登記案件；
公道五沿線,115S3,2024-05-07,千甲路,RPQNMLKKPHLGFAO78DA,千甲路２９４巷１８號,新竹市新竹市千甲路２９４巷１８號二樓之２,住宅大樓(11層含以上有電梯),房地(土地+建物)+車位,二層/十一層,3房2廳2衛,37.4,1905,50.9,-2.0,2026-05-13,一樓平面,預售屋、或土地及建物分件登記案件；
公道五沿線,113S3,2024-05-19,公道五路四段,RPRNMLKLOHJGFAO78EA,公道五路四段４３１號,新竹市新竹市公道五路四段４３１號五樓之２,住宅大樓(11層含以上有電梯),房地(土地+建物)+車位,五層/十四層,2房2廳1衛,36.3,1240,34.1,1.7,2022-09-07,坡道平面,
公道五沿線,113S3,2024-06-11,公道五路二段,RPVOMLKKPHJGFAO56DA,公道五路二段３２９號,新竹市新竹市公道五路二段３２９號八樓,住宅大樓(11層含以上有電梯),房地(土地+建物)+車位,八層/十四層,4房2廳2衛,83.0,3930,47.3,14.8,2009-09-22,坡道平面,
公道五沿線,113S4,2024-07-01,公道五路二段,RPPPMLSKPHJGFAO86DA,公道五路二段５３８號,新竹市新竹市公道五路二段５３８號,透天厝,房地(土地+建物),全/三層,0房0廳0衛,246.5,23000,93.3,7.0,2017-07-17,,
公道五沿線,113S4,2024-09-07,公道五路二段,RPQNMLLKIIJGFAO08DA,公道五路二段３２７號,新竹市新竹市公道五路二段３２７號十四樓,住宅大樓(11層含以上有電梯),房地(土地+建物)+車位,十四層/十四層,4房2廳2衛,81.3,3888,47.8,15.0,2009-09-22,坡道平面,增建：陽台加窗陽台外推；其他增建；
公道五沿線,114S2,2024-12-28,公道五路四段,RPXNMLSKLHKGFAO17DA,公道五路四段４３１號,新竹市新竹市公道五路四段４３１號三樓之１,住宅大樓(11層含以上有電梯),房地(土地+建物)+車位,三層/十四層,2房2廳1衛,36.3,1520,41.8,2.2,2022-09-07,坡道平面,
公道五沿線,114S3,2025-05-05,竹光路,RPQOMLRJNHKGFAO56DA,竹光路２５０號,新竹市新竹市竹光路２５０號八樓之１,華廈(10層含以下有電梯),房地(土地+建物)+車位,八層/十層,3房2廳2衛,49.4,2238,45.3,0.5,2024-11-05,坡道平面,
公道五沿線,114S3,2025-08-12,公道五路四段,RPSOMLMJRHKGFAO66DA,公道五路四段５４５號,新竹市新竹市公道五路四段５４５號二樓之２,華廈(10層含以下有電梯),房地(土地+建物)+車位,二層/五層,2房2廳2衛,26.7,1490,55.7,3.7,2021-12-07,一樓平面,陽台外推，陽台鐵鋁窗
公道五沿線,114S4,2025-09-03,竹光路,RPQPMLNLRHKGFAO86DA,竹光路２５０號,新竹市新竹市竹光路２５０號十樓之２,華廈(10層含以下有電梯),房地(土地+建物)+車位,十層/十層,3房2廳2衛,48.7,2189,44.9,0.8,2024-11-05,坡道平面,
公道五沿線,115S3,2026-05-01,公道五路四段,RPWPMLPLNHLGFAO37DA,公道五路四段４３１號,新竹市新竹市公道五路四段４３１號十樓之１,住宅大樓(11層含以上有電梯),房地(土地+建物)+車位,十層/十四層,2房2廳1衛,36.3,1570,43.2,3.7,2022-09-07,坡道平面,後陽台加窗其他增建；
公道五沿線,115S4,2026-08-27,千甲路,RPPNMLOJRHLGFAO56DA,千甲路２９４巷１８號,新竹市新竹市千甲路２９４巷１８號十一樓之２,住宅大樓(11層含以上有電梯),房地(土地+建物)+車位,十一層，見其他登記事項/十一層,3房2廳2衛,41.8,2353,60.0,0.2,2026-05-13,坡道平面,
關埔重劃區,113S3,2020-03-06,介壽一路,RPRUMLPKLHJGFAO86DA,介壽一路２６號,新竹市新竹市介壽一路２６號二十三樓之１,住宅大樓(11層含以上有電梯),房地(土地+建物)+車位,二十三層/二十六層,3房2廳2衛,51.3,1757,36.5,-4.0,2024-03-05,坡道平面,預售屋、或土地及建物分件登記案件；
關埔重劃區,113S3,2020-03-06,介壽一路,RPXNMLMLLHJGFAO56DA,介壽一路２６號,新竹市新竹市介壽一路２６號二十一樓之２,住宅大樓(11層含以上有電梯),房地(土地+建物)+車位,二十一層/二十六層,4房2廳3衛,70.8,2367,36.5,-4.0,2024-03-05,坡道平面,預售屋、或土地及建物分件登記案件；
關埔重劃區,113S3,2020-03-06,介壽一路,RPVRMLPKLHJGFAO96DA,介壽一路２６號,新竹市新竹市介壽一路２６號十九樓之２,住宅大樓(11層含以上有電梯),房地(土地+建物)+車位,十九層/二十六層,4房2廳3衛,70.8,2312,36.4,-4.0,2024-03-05,坡道平面,預售屋權利轉售，讓渡日期：112年10月25日，權利買賣契約成交價格新台幣2460萬元整。預售屋、或土地及建物分件登記案
關埔重劃區,113S3,2020-03-06,介壽一路,RPQQMLSKLHJGFAO66DA,介壽一路２２號,新竹市新竹市介壽一路２２號二十樓之２,住宅大樓(11層含以上有電梯),房地(土地+建物)+車位,二十層/二十六層,3房2廳2衛,51.3,1748,36.3,-4.0,2024-03-05,坡道平面,預售屋權利轉售，讓渡日期：112年08月18日，權利買賣契約成交價格新台幣1748萬元整。預售屋、或土地及建物分件登記案
關埔重劃區,113S4,2020-03-06,介壽一路,RPTPMLQJQHJGFAO07DA,介壽一路２６號,新竹市新竹市介壽一路２６號二十四樓之２,住宅大樓(11層含以上有電梯),房地(土地+建物)+車位,二十四層/二十六層,4房2廳3衛,70.8,2372,36.6,-4.0,2024-03-05,坡道平面,預售屋權利轉售，讓渡日期：113年07月31日，權利買賣契約成交價格新台幣2372萬元整。預售屋、或土地及建物分件登記案
關埔重劃區,113S3,2020-03-08,介壽一路,RPSRMLPKLHJGFAO66DA,介壽一路２６號,新竹市新竹市介壽一路２６號十五樓之２,住宅大樓(11層含以上有電梯),房地(土地+建物)+車位,十五層/二十六層,4房2廳3衛,70.8,2331,36.2,-4.0,2024-03-05,坡道平面,預售屋權利轉售，讓渡日期：112年05月30日，權利買賣契約成交價格新台幣3550萬元整。預售屋、或土地及建物分件登記案
關埔重劃區,113S3,2020-03-08,介壽一路,RPWOMLNKOHJGFAO86DA,介壽一路２６號,新竹市新竹市介壽一路２６號十九樓之１,住宅大樓(11層含以上有電梯),房地(土地+建物)+車位,十九層/二十六層,3房2廳2衛,51.3,1753,36.8,-4.0,2024-03-05,坡道平面,預售屋權利轉售，讓渡日期：112年11月28日，權利買賣契約成交價格新台幣2919萬元整。預售屋、或土地及建物分件登記案
關埔重劃區,113S3,2020-03-08,介壽一路,RPOPMLNKOHJGFAO78DA,介壽一路２２號,新竹市新竹市介壽一路２２號二十五樓之２,住宅大樓(11層含以上有電梯),房地(土地+建物)+車位,二十五層/二十六層,3房2廳2衛,51.3,1759,36.6,-4.0,2024-03-05,坡道平面,預售屋權利轉售，讓渡日期：110年01月04日，權利買賣契約成交價格新台幣1759萬元整。預售屋、或土地及建物分件登記案
關埔重劃區,113S3,2020-03-08,介壽一路,RPOUMLPLOHJGFAO96DA,介壽一路２２號,新竹市新竹市介壽一路２２號二十三樓之２,住宅大樓(11層含以上有電梯),房地(土地+建物)+車位,二十三層/二十六層,3房2廳2衛,51.3,1742,36.2,-4.0,2024-03-05,坡道平面,預售屋權利轉售，讓渡日期：111年02月19日，權利買賣契約成交價格新台幣2592萬元整。預售屋、或土地及建物分件登記案
關埔重劃區,113S4,2020-03-08,介壽一路,RPUPMLQJQHJGFAO17DA,介壽一路２６號,新竹市新竹市介壽一路２６號二十二樓之１,住宅大樓(11層含以上有電梯),房地(土地+建物)+車位,二十二層/二十六層,3房2廳2衛,51.3,1752,36.4,-4.0,2024-03-05,坡道平面,預售屋權利轉售，讓渡日期：113年07月31日，權利買賣契約成交價格新台幣1752萬元整。預售屋、或土地及建物分件登記案
關埔重劃區,114S1,2020-03-08,介壽一路,RPQOMLTJRHJGFAO07DA,介壽一路２６號,新竹市新竹市介壽一路２６號二十五樓之１,住宅大樓(11層含以上有電梯),房地(土地+建物)+車位,二十五層/二十六層,3房2廳2衛,51.3,1759,36.6,-4.0,2024-03-05,坡道平面,預售屋、或土地及建物分件登記案件；
關埔重劃區,113S3,2020-03-12,介壽一路,RPORMLPKLHJGFAO88DA,介壽一路２６號,新竹市新竹市介壽一路２６號十樓之２,住宅大樓(11層含以上有電梯),房地(土地+建物)+車位,十層/二十六層,4房2廳3衛,70.8,2285,35.9,-4.0,2024-03-05,坡道平面,預售屋、或土地及建物分件登記案件；
關埔重劃區,113S3,2020-03-12,介壽一路,RPPPMLTLNHJGFAO86DA,介壽一路２２號,新竹市新竹市介壽一路２２號十九樓之１,住宅大樓(11層含以上有電梯),房地(土地+建物)+車位,十九層/二十六層,3房2廳2衛,52.4,1774,36.4,-4.0,2024-03-05,坡道平面,預售屋權利轉售，讓渡日期：113年05月27日，權利買賣契約成交價格新台幣1860萬元整。預售屋、或土地及建物分件登記案
關埔重劃區,113S3,2020-03-13,介壽一路,RPSOMLNJMHJGFAO78DA,介壽一路２６號,新竹市新竹市介壽一路２６號十八樓之３,住宅大樓(11層含以上有電梯),房地(土地+建物)+車位,十八層/二十六層,3房2廳3衛,61.7,1828,33.7,-4.0,2024-03-05,坡道平面,預售屋、或土地及建物分件登記案件；
關埔重劃區,113S3,2020-03-27,介壽一路,RPOPMLNJMHJGFAO48DA,介壽一路２２號,新竹市新竹市介壽一路２２號二十二樓之５,住宅大樓(11層含以上有電梯),房地(土地+建物)+車位,二十二層/二十六層,3房2廳2衛,48.5,1534,33.9,-4.0,2024-03-05,坡道平面,預售屋、或土地及建物分件登記案件；
關埔重劃區,113S3,2020-03-30,介壽一路,RPXRMLPKLHJGFAO17DA,介壽一路２６號,新竹市新竹市介壽一路２６號二十二樓之２,住宅大樓(11層含以上有電梯),房地(土地+建物)+車位,二十二層/二十六層,4房2廳3衛,70.8,2347,36.5,-4.0,2024-03-05,坡道平面,預售屋權利轉售，讓渡日期：112年07月14日，權利買賣契約成交價格新台幣2347萬元整。預售屋、或土地及建物分件登記案
關埔重劃區,113S3,2020-03-30,介壽一路,RPTTMLPKLHJGFAO96DA,介壽一路２６號,新竹市新竹市介壽一路２６號十七樓之１,住宅大樓(11層含以上有電梯),房地(土地+建物)+車位,十七層/二十六層,3房2廳2衛,51.3,1714,36.2,-4.0,2024-03-05,坡道平面,預售屋權利轉售，讓渡日期：110年06月07日，權利買賣契約成交價格新台幣1714萬元整。預售屋、或土地及建物分件登記案
關埔重劃區,113S3,2020-04-13,介壽一路,RPSNMLLKOHJGFAO78DA,介壽一路４３號,新竹市新竹市介壽一路４３號十四樓之３,住宅大樓(11層含以上有電梯),房地(土地+建物)+車位,十四層/二十一層,3房2廳2衛,66.6,1902,32.2,-3.7,2023-12-20,坡道平面,預售屋、或土地及建物分件登記案件；
關埔重劃區,113S3,2020-04-13,介壽一路,RPVNMLLKOHJGFAO09DA,介壽一路４５號,新竹市新竹市介壽一路４５號十六樓之２,住宅大樓(11層含以上有電梯),房地(土地+建物)+車位,十六層/二十一層,2房2廳2衛,50.6,1574,32.4,-3.7,2023-12-20,坡道平面,110.05.19預售屋權利轉售，權利買賣契約成交價格新台幣:1980萬元預售屋、或土地及建物分件登記案件；
關埔重劃區,113S3,2020-04-14,介壽一路,RPTNMLLKOHJGFAO88DA,介壽一路４５號,新竹市新竹市介壽一路４５號十四樓之２,住宅大樓(11層含以上有電梯),房地(土地+建物)+車位,十四層/二十一層,2房2廳2衛,50.6,1549,32.3,-3.7,2023-12-20,坡道平面,預售屋、或土地及建物分件登記案件；
關埔重劃區,113S3,2020-04-14,介壽一路,RPXNMLLKOHJGFAO66DA,介壽一路４３號,新竹市新竹市介壽一路４３號十八樓之５,住宅大樓(11層含以上有電梯),房地(土地+建物)+車位,十八層/二十一層,3房2廳2衛,66.6,1934,32.4,-3.7,2023-12-20,坡道平面,112.07.10預售屋權利轉售，權利買賣契約成交價格新台幣:1980萬元預售屋、或土地及建物分件登記案件；
關埔重劃區,113S3,2020-04-14,介壽一路,RPTNMLNKOHJGFAO09DA,介壽一路４３號,新竹市新竹市介壽一路４３號十五樓之５,住宅大樓(11層含以上有電梯),房地(土地+建物)+車位,十五層/二十一層,3房2廳2衛,65.1,1897,32.0,-3.7,2023-12-20,坡道平面,113.01.18預售屋權利轉售，權利買賣契約成交價格新台幣:1897萬元整。預售屋、或土地及建物分件登記案件；
關埔重劃區,113S3,2020-04-14,介壽一路,SPTNMLNKOHJGFAO56DA,介壽一路４５號,新竹市新竹市介壽一路４５號十八樓之２,住宅大樓(11層含以上有電梯),房地(土地+建物)+車位,十八層/二十一層,2房2廳2衛,57.5,1614,32.7,-3.7,2023-12-20,坡道平面,113.01.18預售屋權利轉售，權利買賣契約成交價格新台幣:1660萬元整。預售屋、或土地及建物分件登記案件；
關埔重劃區,113S3,2020-04-16,介壽一路,RPPOMLLKOHJGFAO58DA,介壽一路４５號,新竹市新竹市介壽一路４５號十四樓之１,住宅大樓(11層含以上有電梯),房地(土地+建物)+車位,十四層/二十一層,2房2廳2衛,50.6,1545,32.2,-3.7,2023-12-20,坡道平面,112.09.25預售屋權利轉售，權利買賣契約成交價格維持不變。預售屋、或土地及建物分件登記案件；
關埔重劃區,113S3,2020-04-16,介壽一路,SPPOMLLKOHJGFAO68DA,介壽一路４５號,新竹市新竹市介壽一路４５號十九樓之２,住宅大樓(11層含以上有電梯),房地(土地+建物)+車位,十九層/二十一層,2房2廳2衛,63.2,1619,32.8,-3.7,2023-12-20,坡道平面,預售屋、或土地及建物分件登記案件；
關埔重劃區,113S3,2020-04-21,介壽一路,RPPNMLLKOHJGFAO48DA,介壽一路４５號,新竹市新竹市介壽一路４５號六樓之３,住宅大樓(11層含以上有電梯),房地(土地+建物)+車位,六層/二十一層,2房2廳1衛,37.3,1050,30.5,-3.7,2023-12-20,坡道平面,預售屋、或土地及建物分件登記案件；
關埔重劃區,113S3,2020-04-23,介壽一路,RPVNMLPKPHJGFAO96DA,介壽一路２６號,新竹市新竹市介壽一路２６號十六樓之２,住宅大樓(11層含以上有電梯),房地(土地+建物)+車位,十六層/二十六層,4房2廳3衛,70.8,2301,36.2,-3.9,2024-03-05,坡道平面,預售屋權利轉售，讓渡日期：113年07月12日，權利買賣契約成交價格新台幣2360萬元整。預售屋、或土地及建物分件登記案
關埔重劃區,113S3,2020-04-24,介壽一路,RPUNNLPKLHJGFAO56DA,介壽一路２６號,新竹市新竹市介壽一路２６號八樓之３,住宅大樓(11層含以上有電梯),房地(土地+建物)+車位,八層/二十六層,3房2廳3衛,61.6,1860,33.1,-3.9,2024-03-05,坡道平面,預售屋權利轉售，讓渡日期：112年08月21日，權利買賣契約成交價格新台幣1860萬元整。預售屋、或土地及建物分件登記案
關埔重劃區,113S3,2020-04-25,介壽一路,RPTVMLSKLHJGFAO47DA,介壽一路２２號,新竹市新竹市介壽一路２２號十八樓之５,住宅大樓(11層含以上有電梯),房地(土地+建物)+車位,十八層/二十六層,3房2廳2衛,48.5,1498,33.4,-3.9,2024-03-05,坡道平面,預售屋權利轉售，讓渡日期：112年08月28日，權利買賣契約成交價格新台幣1603萬元整。預售屋、或土地及建物分件登記案
關埔重劃區,113S3,2020-04-25,介壽一路,RPQWMLSKLHJGFAO27DA,介壽一路２２號,新竹市新竹市介壽一路２２號二十六樓之５,住宅大樓(11層含以上有電梯),房地(土地+建物)+車位,二十六層/二十六層,3房2廳2衛,48.4,1545,34.2,-3.9,2024-03-05,坡道平面,預售屋、或土地及建物分件登記案件；
關埔重劃區,113S3,2020-05-03,介壽一路,RPPWMLPKLHJGFAO86DA,介壽一路２６號,新竹市新竹市介壽一路２６號十七樓之５,住宅大樓(11層含以上有電梯),房地(土地+建物)+車位,十七層/二十六層,3房2廳2衛,46.9,1450,33.5,-3.8,2024-03-05,坡道平面,預售屋權利轉售，讓渡日期：113年02月20日，權利買賣契約成交價格新台幣1450萬元整。預售屋、或土地及建物分件登記案
關埔重劃區,113S3,2020-05-07,介壽一路,RPOVMLSKLHJGFAO96DA,介壽一路２２號,新竹市新竹市介壽一路２２號十三樓之５,住宅大樓(11層含以上有電梯),房地(土地+建物)+車位,十三層/二十六層,3房2廳2衛,48.5,1515,33.4,-3.8,2024-03-05,坡道平面,預售屋、或土地及建物分件登記案件；
關埔重劃區,113S3,2020-05-18,介壽一路,RPUOMLLKOHJGFAO09DA,介壽一路４３號,新竹市新竹市介壽一路４３號十二樓之２,住宅大樓(11層含以上有電梯),房地(土地+建物)+車位,十二層/二十一層,2房2廳2衛,49.0,1482,32.0,-3.6,2023-12-20,坡道平面,112.11.24配偶間預售屋權利轉售，權利買賣契約成交價格維持不變。預售屋、或土地及建物分件登記案件；
關埔重劃區,113S3,2020-05-20,介壽一路,RPUPNLPKLHJGFAO76DA,介壽一路２６號,新竹市新竹市介壽一路２６號二十六樓之３,住宅大樓(11層含以上有電梯),房地(土地+建物)+車位,二十六層/二十六層,3房2廳3衛,61.7,1920,34.4,-3.8,2024-03-05,坡道平面,預售屋權利轉售，讓渡日期：112年08月04日，權利買賣契約成交價格新台幣1920萬元整。預售屋、或土地及建物分件登記案
關埔重劃區,113S3,2020-05-22,介壽一路,RPPTMLPKLHJGFAO56DA,介壽一路２６號,新竹市新竹市介壽一路２６號十三樓之１,住宅大樓(11層含以上有電梯),房地(土地+建物)+車位,十三層/二十六層,3房2廳2衛,51.3,1741,36.5,-3.8,2024-03-05,坡道平面,預售屋、或土地及建物分件登記案件；
關埔重劃區,113S3,2020-05-22,介壽一路,RPQTMLPKLHJGFAO66DA,介壽一路２６號,新竹市新竹市介壽一路２６號十四樓之１,住宅大樓(11層含以上有電梯),房地(土地+建物)+車位,十四層/二十六層,3房2廳2衛,51.3,1741,36.5,-3.8,2024-03-05,坡道平面,預售屋權利轉售，讓渡日期：112年10月11日，權利買賣契約成交價格新台幣1741萬元整。預售屋、或土地及建物分件登記案
關埔重劃區,113S3,2020-05-23,介壽一路,RPWPMLSKLHJGFAO17DA,介壽一路２２號,新竹市新竹市介壽一路２２號十四樓之２,住宅大樓(11層含以上有電梯),房地(土地+建物)+車位,十四層/二十六層,3房2廳2衛,51.3,1726,36.5,-3.8,2024-03-05,坡道平面,預售屋權利轉售，讓渡日期：112年06月17日，權利買賣契約成交價格新台幣2800萬元整。預售屋、或土地及建物分件登記案
關埔重劃區,113S3,2020-05-23,介壽一路,RPRPMLNKOHJGFAO09DA,介壽一路２６號,新竹市新竹市介壽一路２６號十七樓之３,住宅大樓(11層含以上有電梯),房地(土地+建物)+車位,十七層/二十六層,3房2廳3衛,53.2,1688,33.8,-3.8,2024-03-05,坡道平面,預售屋、或土地及建物分件登記案件；
關埔重劃區,113S3,2020-05-24,介壽一路,RPSOMLSKLHJGFAO66DA,介壽一路２６號,新竹市新竹市介壽一路２６號五樓之１,住宅大樓(11層含以上有電梯),房地(土地+建物)+車位,五層/二十六層,3房2廳2衛,51.3,1711,36.2,-3.8,2024-03-05,坡道平面,預售屋、或土地及建物分件登記案件；
關埔重劃區,113S3,2020-05-29,介壽一路,RPWWMLPKLHJGFAO57DA,介壽一路２６號,新竹市新竹市介壽一路２６號二十五樓之５,住宅大樓(11層含以上有電梯),房地(土地+建物)+車位,二十五層/二十六層,3房2廳2衛,46.8,1472,34.2,-3.8,2024-03-05,坡道平面,預售屋、或土地及建物分件登記案件；
關埔重劃區,113S3,2020-05-29,介壽一路,RPQNMLLKOHJGFAO58DA,介壽一路４３號,新竹市新竹市介壽一路４３號四樓之１,住宅大樓(11層含以上有電梯),房地(土地+建物)+車位,四層/二十一層,2房2廳2衛,52.6,1489,29.8,-3.6,2023-12-20,坡道平面,預售屋、或土地及建物分件登記案件；
關埔重劃區,113S3,2020-05-30,介壽一路,RPWQMLPKLHJGFAO96DA,介壽一路２６號,新竹市新竹市介壽一路２６號八樓之２,住宅大樓(11層含以上有電梯),房地(土地+建物)+車位,八層/二十六層,4房2廳3衛,70.8,2300,36.4,-3.8,2024-03-05,坡道平面,預售屋、或土地及建物分件登記案件；
關埔重劃區,113S3,2020-06-02,介壽一路,RPWNMLLKOHJGFAO56DA,介壽一路４３號,新竹市新竹市介壽一路４３號十七樓之３,住宅大樓(11層含以上有電梯),房地(土地+建物)+車位,十七層/二十一層,3房2廳2衛,65.2,1965,33.0,-3.5,2023-12-20,坡道平面,112.11.01預售屋權利轉售，權利買賣契約成交價格新台幣:2060萬元預售屋、或土地及建物分件登記案件；
關埔重劃區,113S3,2020-06-05,介壽一路,RPRSMLSKLHJGFAO96DA,介壽一路２２號,新竹市新竹市介壽一路２２號十九樓之３,住宅大樓(11層含以上有電梯),房地(土地+建物)+車位,十九層/二十六層,3房2廳2衛,46.9,1460,33.8,-3.8,2024-03-05,坡道平面,預售屋、或土地及建物分件登記案件；
關埔重劃區,113S3,2020-06-08,介壽一路,RPVNMLTKLHJGFAO96DA,介壽一路２６號,新竹市新竹市介壽一路２６號十二樓之５,住宅大樓(11層含以上有電梯),房地(土地+建物)+車位,十二層/二十六層,3房2廳2衛,46.9,1430,33.0,-3.8,2024-03-05,坡道平面,預售屋、或土地及建物分件登記案件；
關埔重劃區,113S3,2020-06-09,介壽一路,RPTOMLNJMHJGFAO88DA,介壽一路２２號,新竹市新竹市介壽一路２２號十一樓之１,住宅大樓(11層含以上有電梯),房地(土地+建物)+車位,十一層/二十六層,3房2廳2衛,52.4,1792,36.4,-3.8,2024-03-05,坡道平面,預售屋、或土地及建物分件登記案件；
關埔重劃區,113S3,2020-06-12,介壽一路,RPPPMLSKLHJGFAO09DA,介壽一路２２號,新竹市新竹市介壽一路２２號七樓之２,住宅大樓(11層含以上有電梯),房地(土地+建物)+車位,七層/二十六層,3房2廳2衛,51.3,1716,36.3,-3.8,2024-03-05,坡道平面,預售屋、或土地及建物分件登記案件；
關埔重劃區,113S3,2020-06-14,介壽一路,RPTNMLTKLHJGFAO76DA,介壽一路２６號,新竹市新竹市介壽一路２６號十二樓之２,住宅大樓(11層含以上有電梯),房地(土地+建物)+車位,十二層/二十六層,4房2廳3衛,70.8,2290,36.5,-3.8,2024-03-05,坡道平面,預售屋權利轉售，讓渡日期：111年06月27日，權利買賣契約成交價格新台幣3200萬元整。預售屋、或土地及建物分件登記案
關埔重劃區,113S3,2020-06-15,介壽一路,RPQVMLPKLHJGFAO86DA,介壽一路２６號,新竹市新竹市介壽一路２６號七樓之５,住宅大樓(11層含以上有電梯),房地(土地+建物)+車位,七層/二十六層,3房2廳2衛,46.9,1437,33.2,-3.8,2024-03-05,坡道平面,預售屋權利轉售，讓渡日期：110年02月05日，權利買賣契約成交價格新台幣1550萬元整。預售屋、或土地及建物分件登記案
關埔重劃區,113S3,2020-06-24,介壽一路,RPWRNLPKLHJGFAO17DA,介壽一路２２號,新竹市新竹市介壽一路２２號二十六樓之１,住宅大樓(11層含以上有電梯),房地(土地+建物)+車位,二十六層/二十六層,3房2廳2衛,60.8,2000,36.9,-3.8,2024-03-05,坡道平面,預售屋、或土地及建物分件登記案件；
關埔重劃區,113S3,2020-06-24,介壽一路,RPRPMLNJOHJGFAO98DA,介壽一路２２號,新竹市新竹市介壽一路２２號三樓之２,住宅大樓(11層含以上有電梯),房地(土地+建物)+車位,三層/二十六層,3房2廳2衛,51.3,1704,36.0,-3.8,2024-03-05,坡道平面,預售屋權利轉售，讓渡日期：112年12月05日，權利買賣契約成交價格新台幣2760萬元整。預售屋、或土地及建物分件登記案
關埔重劃區,113S3,2020-06-28,介壽一路,RPROMLNJMHJGFAO68DA,介壽一路２６號,新竹市新竹市介壽一路２６號四樓之１,住宅大樓(11層含以上有電梯),房地(土地+建物)+車位,四層/二十六層,3房2廳2衛,59.7,1872,36.2,-3.8,2024-03-05,坡道平面,預售屋權利轉售，讓渡日期：111年06月30日，權利買賣契約成交價格新台幣2500萬元整。預售屋、或土地及建物分件登記案
關埔重劃區,113S3,2020-06-28,介壽一路,RPXTMLPLOHJGFAO77DA,介壽一路２６號,新竹市新竹市介壽一路２６號六樓之５,住宅大樓(11層含以上有電梯),房地(土地+建物)+車位,六層/二十六層,3房2廳2衛,55.3,1625,33.2,-3.8,2024-03-05,坡道平面,預售屋權利轉售，讓渡日期：110年03月20日，權利買賣契約成交價格新台幣1760萬元整。預售屋、或土地及建物分件登記案
關埔重劃區,113S3,2020-07-15,介壽一路,RPQOMLKLLHJGFAO38DA,介壽一路２２號,新竹市新竹市介壽一路２２號十七樓之２,住宅大樓(11層含以上有電梯),房地(土地+建物)+車位,十七層/二十六層,3房2廳2衛,59.8,1960,36.9,-3.7,2024-03-05,坡道平面,預售屋、或土地及建物分件登記案件；
關埔重劃區,113S3,2020-07-19,介壽一路,RPXQMLSKLHJGFAO37DA,介壽一路２２號,新竹市新竹市介壽一路２２號三樓之３,住宅大樓(11層含以上有電梯),房地(土地+建物)+車位,三層/二十六層,3房2廳2衛,55.3,1578,32.7,-3.7,2024-03-05,坡道平面,預售屋、或土地及建物分件登記案件；
關埔重劃區,113S3,2020-07-31,介壽一路,RPVTMLPLOHJGFAO57DA,介壽一路２６號,新竹市新竹市介壽一路２６號三樓之２,住宅大樓(11層含以上有電梯),房地(土地+建物)+車位,三層/二十六層,4房2廳3衛,70.8,2358,36.7,-3.7,2024-03-05,坡道平面,預售屋、或土地及建物分件登記案件；
關埔重劃區,113S3,2020-08-06,介壽一路,RPQPMLKLJHJGFAO28DA,介壽一路４５號,新竹市新竹市介壽一路４５號二樓之７,住宅大樓(11層含以上有電梯),房地(土地+建物)+車位,二層/二十一層,2房2廳1衛,38.1,1206,37.0,-3.3,2023-12-20,坡道平面,預售屋、或土地及建物分件登記案件；
關埔重劃區,113S3,2020-08-25,介壽一路,RPQPMLNKOHJGFAO98DA,介壽一路２６號,新竹市新竹市介壽一路２６號二樓之３,住宅大樓(11層含以上有電梯),房地(土地+建物)+車位,二層/二十六層,3房2廳3衛,69.3,2078,34.3,-3.6,2024-03-05,坡道平面,預售屋權利轉售，讓渡日期：112年03月17日，權利買賣契約成交價格新台幣2317萬元整。預售屋、或土地及建物分件登記案
關埔重劃區,113S3,2020-09-22,介壽一路,RPXVMLPKLHJGFAO57DA,介壽一路２６號,新竹市新竹市介壽一路２６號十五樓之５,住宅大樓(11層含以上有電梯),房地(土地+建物)+車位,十五層/二十六層,3房2廳2衛,46.9,1419,32.7,-3.5,2024-03-05,坡道平面,預售屋權利轉售，讓渡日期：112年08月17日，權利買賣契約成交價格新台幣2700萬元整。預售屋、或土地及建物分件登記案
關埔重劃區,113S3,2020-09-24,介壽一路,RPRNMLLKOHJGFAO68DA,介壽一路４５號,新竹市新竹市介壽一路４５號十二樓之６,住宅大樓(11層含以上有電梯),房地(土地+建物)+車位,十二層/二十一層,2房2廳1衛,37.8,1171,32.8,-3.2,2023-12-20,坡道平面,預售屋、或土地及建物分件登記案件；
關埔重劃區,113S3,2020-10-21,介壽一路,RPUNMLLKOHJGFAO98DA,介壽一路４５號,新竹市新竹市介壽一路４５號十五樓之６,住宅大樓(11層含以上有電梯),房地(土地+建物)+車位,十五層/二十一層,2房2廳1衛,37.8,1200,33.6,-3.2,2023-12-20,坡道平面,112.12.07親屬間預售屋權利轉售，權利買賣契約成交價格新台幣:1200萬元預售屋、或土地及建物分件登記案件；
關埔重劃區,113S3,2020-10-26,介壽一路,RPOOMLLKOHJGFAO48DA,介壽一路４５號,新竹市新竹市介壽一路４５號十六樓之６,住宅大樓(11層含以上有電梯),房地(土地+建物)+車位,十六層/二十一層,2房2廳1衛,38.4,1217,33.8,-3.2,2023-12-20,坡道平面,預售屋、或土地及建物分件登記案件；
關埔重劃區,114S1,2021-10-21,關新路,RPRUMLOLJHKGFAO76DA,關新路２４８號,新竹市新竹市關新路２４８號二十二樓之６,住宅大樓(11層含以上有電梯),房地(土地+建物)+車位,二十二層/二十四層,3房2廳2衛,46.4,2376,59.5,-3.2,2025-01-10,坡道平面,預售屋權利轉售，讓售日期111年4月13日，權利買賣契約成交價格：2490萬元整。預售屋、或土地及建物分件登記案件；
關埔重劃區,114S2,2021-10-21,關新路,RPQONLOLJHKGFAO78DA,關新路２４８號,新竹市新竹市關新路２４８號二十二樓之７,住宅大樓(11層含以上有電梯),房地(土地+建物)+車位,二十二層/二十四層,3房2廳2衛,44.9,2276,59.2,-3.2,2025-01-10,坡道平面,預售屋權利轉售，讓售日期112年2月19日，權利買賣契約成交價格：2550萬元整。預售屋、或土地及建物分件登記案件；
關埔重劃區,114S2,2021-10-21,關新路,RPPRMLOKJHKGFAO78DA,關新路２４８號,新竹市新竹市關新路２４８號二十二樓之５,住宅大樓(11層含以上有電梯),房地(土地+建物)+車位,二十二層/二十四層,2房2廳1衛,35.3,1720,59.5,-3.2,2025-01-10,坡道平面,預售屋權利轉售，讓售日期111年3月29日，權利買賣契約成交價格：1770萬元整。預售屋、或土地及建物分件登記案件；
關埔重劃區,114S1,2021-12-10,關新路,RPQRMLOLJHKGFAO98DA,關新路２４８號,新竹市新竹市關新路２４８號十樓之２,住宅大樓(11層含以上有電梯),房地(土地+建物)+車位,十層/二十四層,2房2廳1衛,37.2,1752,57.8,-3.1,2025-01-10,坡道平面,預售屋、或土地及建物分件登記案件；
關埔重劃區,114S1,2021-12-11,關新路,RPWQNLOLJHKGFAO96DA,關新路２４８號,新竹市新竹市關新路２４８號九樓之５,住宅大樓(11層含以上有電梯),房地(土地+建物)+車位,九層/二十四層,2房2廳1衛,35.5,1634,57.1,-3.1,2025-01-10,坡道平面,預售屋、或土地及建物分件登記案件；
關埔重劃區,114S1,2021-12-11,關新路,RPSOMLOLJHKGFAO88DA,關新路２４８號,新竹市新竹市關新路２４８號八樓之１,住宅大樓(11層含以上有電梯),房地(土地+建物)+車位,八層/二十四層,3房2廳2衛,46.9,2283,57.1,-3.1,2025-01-10,坡道平面,預售屋權利轉售，讓售日期110年12月17日，權利買賣契約成交價格：2450萬元整。預售屋、或土地及建物分件登記案件；
關埔重劃區,114S1,2021-12-12,關新路,RPSONLOLJHKGFAO98DA,關新路２４８號,新竹市新竹市關新路２４８號二十三樓之７,住宅大樓(11層含以上有電梯),房地(土地+建物)+車位,二十三層/二十四層,3房2廳2衛,44.9,2300,59.9,-3.1,2025-01-10,坡道平面,預售屋權利轉售，讓售日期111年9月26日，權利買賣契約成交價格：2480萬元整。預售屋、或土地及建物分件登記案件；
關埔重劃區,114S2,2021-12-12,關新路,RPOVMLOLJHKGFAO56DA,關新路２４８號,新竹市新竹市關新路２４８號七樓之７,住宅大樓(11層含以上有電梯),房地(土地+建物)+車位,七層/二十四層,3房2廳2衛,44.7,2153,56.7,-3.1,2025-01-10,坡道平面,預售屋權利轉售，讓售日期111年4月9日，權利買賣契約成交價格：2273萬元整。預售屋、或土地及建物分件登記案件；
關埔重劃區,114S2,2021-12-12,關新路,RPQTNLOLJHKGFAO66DA,關新路２４８號,新竹市新竹市關新路２４８號二十一樓之５,住宅大樓(11層含以上有電梯),房地(土地+建物)+車位,二十一層/二十四層,2房2廳1衛,35.5,1707,59.2,-3.1,2025-01-10,坡道平面,預售屋權利轉售，讓售日期111年9月7日，權利買賣契約成交價格：1785萬元整。預售屋、或土地及建物分件登記案件；
關埔重劃區,114S2,2021-12-12,關新路,RPSTNLOLJHKGFAO86DA,關新路２４８號,新竹市新竹市關新路２４８號二十三樓之５,住宅大樓(11層含以上有電梯),房地(土地+建物)+車位,二十三層/二十四層,2房2廳1衛,35.5,1737,59.9,-3.1,2025-01-10,坡道平面,預售屋權利轉售，讓售日期111年1月30日，權利買賣契約成交價格：1805萬元整。預售屋、或土地及建物分件登記案件；
關埔重劃區,114S2,2021-12-12,關新路,RPWTMLNKJHKGFAO96DA,關新路２４８號,新竹市新竹市關新路２４８號二十一樓之２,住宅大樓(11層含以上有電梯),房地(土地+建物)+車位,二十一層/二十四層,2房2廳1衛,37.2,1818,59.5,-3.1,2025-01-10,坡道平面,預售屋權利轉售，讓售日期113年1月30日，權利買賣契約成交價格：1820萬元整。預售屋、或土地及建物分件登記案件；
關埔重劃區,114S2,2021-12-12,關新路,RPPUMLNKJHKGFAO98DA,關新路２４８號,新竹市新竹市關新路２４８號二十三樓之２,住宅大樓(11層含以上有電梯),房地(土地+建物)+車位,二十三層/二十四層,2房2廳1衛,37.2,1860,60.7,-3.1,2025-01-10,坡道平面,預售屋權利轉售，讓售日期112年12月26日，權利買賣契約成交價格：2250萬元整。預售屋、或土地及建物分件登記案件；
關埔重劃區,114S3,2021-12-12,關新路,RPRPMLNKJHKGFAO68DA,關新路２４０號,新竹市新竹市關新路２４０號,住宅大樓(11層含以上有電梯),房地(土地+建物)+車位,一層，二層/二十四層,0房0廳0衛,44.1,3821,106.7,-3.1,2025-01-10,坡道平面,預售屋權利轉售，讓售日期113年1月17日，權利買賣契約成交價格：3848萬元整。預售屋、或土地及建物分件登記案件；
關埔重劃區,114S3,2021-12-12,關新路,RPSPMLNKJHKGFAO78DA,關新路２４２號,新竹市新竹市關新路２４２號,住宅大樓(11層含以上有電梯),房地(土地+建物)+車位,一層，二層/二十四層,0房0廳0衛,88.0,8917,112.1,-3.1,2025-01-10,坡道平面,預售屋權利轉售，讓售日期113年1月17日，權利買賣契約成交價格：8947萬元整。預售屋、或土地及建物分件登記案件；
關埔重劃區,114S1,2021-12-13,關新路,RPWVMLOLJHKGFAO37DA,關新路２４８號,新竹市新竹市關新路２４８號六樓之３,住宅大樓(11層含以上有電梯),房地(土地+建物)+車位,六層/二十四層,3房2廳2衛,51.6,2545,56.9,-3.1,2025-01-10,坡道平面,預售屋、或土地及建物分件登記案件；
關埔重劃區,114S1,2021-12-13,關新路,RPVNNLOLJHKGFAO56DA,關新路２４８號,新竹市新竹市關新路２４８號二十樓之７,住宅大樓(11層含以上有電梯),房地(土地+建物)+車位,二十層/二十四層,3房2廳2衛,45.2,2314,60.3,-3.1,2025-01-10,坡道平面,預售屋、或土地及建物分件登記案件；
關埔重劃區,114S1,2021-12-13,關新路,RPPQMLOLJHKGFAO78DA,關新路２４８號,新竹市新竹市關新路２４８號二十四樓之１,住宅大樓(11層含以上有電梯),房地(土地+建物)+車位,二十四層/二十四層,3房2廳2衛,46.9,2436,60.7,-3.1,2025-01-10,坡道平面,預售屋、或土地及建物分件登記案件；
關埔重劃區,114S2,2021-12-13,關新路,RPWUMLNKJHKGFAO07DA,關新路２４８號,新竹市新竹市關新路２４８號八樓之３,住宅大樓(11層含以上有電梯),房地(土地+建物)+車位,八層/二十四層,3房2廳2衛,51.6,2562,57.3,-3.1,2025-01-10,坡道平面,預售屋、或土地及建物分件登記案件；
關埔重劃區,114S2,2021-12-13,關新路,RPTNMLOKJHKGFAO78DA,關新路２４８號,新竹市新竹市關新路２４８號十一樓之３,住宅大樓(11層含以上有電梯),房地(土地+建物)+車位,十一層/二十四層,3房2廳2衛,51.6,2604,58.1,-3.1,2025-01-10,坡道平面,預售屋權利轉售，讓售日期113年1月14日，權利買賣契約成交價格：3068萬元整。預售屋、或土地及建物分件登記案件；
關埔重劃區,114S1,2021-12-14,關新路,RPRRMLOLJHKGFAO09DA,關新路２４８號,新竹市新竹市關新路２４８號七樓之６,住宅大樓(11層含以上有電梯),房地(土地+建物)+車位,七層/二十四層,3房2廳2衛,46.4,2253,57.0,-3.1,2025-01-10,坡道平面,預售屋、或土地及建物分件登記案件；
關埔重劃區,114S1,2021-12-14,關新路,RPRTMLOLJHKGFAO66DA,關新路２４８號,新竹市新竹市關新路２４８號十四樓之６,住宅大樓(11層含以上有電梯),房地(土地+建物)+車位,十四層/二十四層,3房2廳2衛,46.4,2327,58.7,-3.1,2025-01-10,坡道平面,預售屋、或土地及建物分件登記案件；
關埔重劃區,114S1,2021-12-14,關新路,RPSWMLOLJHKGFAO07DA,關新路２４８號,新竹市新竹市關新路２４８號十四樓之７,住宅大樓(11層含以上有電梯),房地(土地+建物)+車位,十四層/二十四層,3房2廳2衛,44.9,2229,58.4,-3.1,2025-01-10,坡道平面,預售屋、或土地及建物分件登記案件；
關埔重劃區,114S1,2021-12-14,關新路,RPVQNLOLJHKGFAO86DA,關新路２４８號,新竹市新竹市關新路２４８號十四樓之８,住宅大樓(11層含以上有電梯),房地(土地+建物)+車位,十四層/二十四層,3房2廳2衛,43.8,2146,58.0,-3.1,2025-01-10,坡道平面,預售屋、或土地及建物分件登記案件；
關埔重劃區,114S1,2021-12-14,關新路,RPTRMLOLJHKGFAO66DA,關新路２４８號,新竹市新竹市關新路２４８號十二樓之２,住宅大樓(11層含以上有電梯),房地(土地+建物)+車位,十二層/二十四層,2房2廳1衛,37.2,1773,58.2,-3.1,2025-01-10,坡道平面,預售屋權利轉售，讓售日期113年1月29日，權利買賣契約成交價格：19805730元整。預售屋、或土地及建物分件登記案件
關埔重劃區,114S1,2021-12-14,關新路,RPTPNLOLJHKGFAO56DA,關新路２４８號,新竹市新竹市關新路２４８號八樓之８,住宅大樓(11層含以上有電梯),房地(土地+建物)+車位,八層/二十四層,3房2廳2衛,43.8,2077,56.2,-3.1,2025-01-10,坡道平面,預售屋權利轉售，讓售日期112年12月26日，權利買賣契約成交價格：2077萬元整。預售屋、或土地及建物分件登記案件；
關埔重劃區,114S1,2021-12-14,關新路,RPPOMLOLJHKGFAO58DA,關新路２４８號,新竹市新竹市關新路２４８號五樓之１,住宅大樓(11層含以上有電梯),房地(土地+建物)+車位,五層/二十四層,3房2廳2衛,46.9,2268,56.7,-3.1,2025-01-10,坡道平面,預售屋權利轉售，讓售日期113年5月20日，權利買賣契約成交價格：2318萬元整。預售屋、或土地及建物分件登記案件；
關埔重劃區,114S1,2021-12-14,關新路,RPTRNLOLJHKGFAO76DA,關新路２４８號,新竹市新竹市關新路２４８號十八樓之８,住宅大樓(11層含以上有電梯),房地(土地+建物)+車位,十八層/二十四層,3房2廳2衛,43.8,2206,59.5,-3.1,2025-01-10,坡道平面,預售屋權利轉售，讓售日期112年12月7日，權利買賣契約成交價格：2226萬元整。預售屋、或土地及建物分件登記案件；
關埔重劃區,114S1,2021-12-14,關新路,RPURNLOLJHKGFAO86DA,關新路２４８號,新竹市新竹市關新路２４８號十三樓之５,住宅大樓(11層含以上有電梯),房地(土地+建物)+車位,十三層/二十四層,2房2廳1衛,35.5,1689,58.4,-3.1,2025-01-10,坡道平面,預售屋權利轉售，讓售日期112年3月3日，權利買賣契約成交價格：1689萬元整。預售屋、或土地及建物分件登記案件；
關埔重劃區,114S2,2021-12-14,關新路,RPVPMLOLJHKGFAO66DA,關新路２４８號,新竹市新竹市關新路２４８號二十樓之１,住宅大樓(11層含以上有電梯),房地(土地+建物)+車位,二十層/二十四層,3房2廳2衛,46.9,2446,60.7,-3.1,2025-01-10,坡道平面,預售屋權利轉售，讓售日期111年6月20日，權利買賣契約成交價格：2560萬元整。預售屋、或土地及建物分件登記案件；
關埔重劃區,114S2,2021-12-14,關新路,RPXQNLOLJHKGFAO07DA,關新路２４８號,新竹市新竹市關新路２４８號十五樓之８,住宅大樓(11層含以上有電梯),房地(土地+建物)+車位,十五層/二十四層,3房2廳2衛,43.8,2183,59.1,-3.1,2025-01-10,坡道平面,預售屋權利轉售，讓售日期111年3月24日，權利買賣契約成交價格：2193萬元整。預售屋、或土地及建物分件登記案件；
關埔重劃區,114S2,2021-12-14,關新路,RPTQMLNKJHKGFAO98DA,關新路２４８號,新竹市新竹市關新路２４８號十二樓之１,住宅大樓(11層含以上有電梯),房地(土地+建物)+車位,十二層/二十四層,3房2廳2衛,46.9,2321,57.8,-3.1,2025-01-10,坡道平面,預售屋、或土地及建物分件登記案件；
關埔重劃區,114S2,2021-12-14,關新路,RPVUMLOKJHKGFAO07DA,關新路２４８號,新竹市新竹市關新路２４８號十二樓之７,住宅大樓(11層含以上有電梯),房地(土地+建物)+車位,十二層/二十四層,3房2廳2衛,44.9,2195,57.4,-3.1,2025-01-10,坡道平面,預售屋權利轉售，讓售日期112年1月4日，權利買賣契約成交價格：2450萬元整。預售屋、或土地及建物分件登記案件；
關埔重劃區,114S1,2021-12-15,關新路,RPTOMLOLJHKGFAO98DA,關新路２４８號,新竹市新竹市關新路２４８號九樓之１,住宅大樓(11層含以上有電梯),房地(土地+建物)+車位,九層/二十四層,3房2廳2衛,46.9,2297,57.5,-3.1,2025-01-10,坡道平面,預售屋、或土地及建物分件登記案件；
關埔重劃區,114S1,2021-12-15,關新路,RPVSMLOLJHKGFAO96DA,關新路２４８號,新竹市新竹市關新路２４８號二十樓之２,住宅大樓(11層含以上有電梯),房地(土地+建物)+車位,二十層/二十四層,2房2廳1衛,37.2,1850,60.7,-3.1,2025-01-10,坡道平面,預售屋權利轉售，讓售日期112年6月25日，權利買賣契約成交價格：2010萬元整。預售屋、或土地及建物分件登記案件；
關埔重劃區,114S1,2021-12-15,關新路,RPPVMLOLJHKGFAO66DA,關新路２４８號,新竹市新竹市關新路２４８號八樓之７,住宅大樓(11層含以上有電梯),房地(土地+建物)+車位,八層/二十四層,3房2廳2衛,44.9,2158,56.7,-3.1,2025-01-10,坡道平面,預售屋、或土地及建物分件登記案件；
關埔重劃區,114S1,2021-12-15,關新路,RPQNNLOLJHKGFAO68DA,關新路２４８號,新竹市新竹市關新路２４８號十四樓之３,住宅大樓(11層含以上有電梯),房地(土地+建物)+車位,十四層/二十四層,3房2廳2衛,51.8,2645,59.1,-3.1,2025-01-10,坡道平面,預售屋、或土地及建物分件登記案件；
關埔重劃區,114S1,2021-12-15,關新路,RPTTNLOLJHKGFAO96DA,關新路２４８號,新竹市新竹市關新路２４８號二十四樓之５,住宅大樓(11層含以上有電梯),房地(土地+建物)+車位,二十四層/二十四層,2房2廳1衛,35.5,1737,60.3,-3.1,2025-01-10,坡道平面,預售屋權利轉售，讓售日期111年3月23日，權利買賣契約成交價格：1822萬元整。預售屋、或土地及建物分件登記案件；
關埔重劃區,114S1,2021-12-15,關新路,RPTNMLRJKHKGFAO09DA,關新路２４８號,新竹市新竹市關新路２４８號五樓之２,住宅大樓(11層含以上有電梯),房地(土地+建物)+車位,五層/二十四層,2房2廳1衛,37.2,1731,57.0,-3.1,2025-01-10,坡道平面,預售屋權利轉售，讓售日期112年5月6日，權利買賣契約成交價格：1741萬元整。預售屋、或土地及建物分件登記案件；
關埔重劃區,114S1,2021-12-15,關新路,RPOOMLOLJHKGFAO48DA,關新路２４８號,新竹市新竹市關新路２４８號四樓之１,住宅大樓(11層含以上有電梯),房地(土地+建物)+車位,四層/二十四層,3房2廳2衛,46.9,2254,56.3,-3.1,2025-01-10,坡道平面,預售屋、或土地及建物分件登記案件；
關埔重劃區,114S1,2021-12-15,關新路,RPORMLOLJHKGFAO78DA,關新路２４８號,新竹市新竹市關新路２４８號六樓之６,住宅大樓(11層含以上有電梯),房地(土地+建物)+車位,六層/二十四層,3房2廳2衛,46.4,2238,56.5,-3.1,2025-01-10,坡道平面,預售屋、或土地及建物分件登記案件；
關埔重劃區,114S1,2021-12-15,關新路,RPVRMLOLJHKGFAO86DA,關新路２４８號,新竹市新竹市關新路２４８號十四樓之２,住宅大樓(11層含以上有電梯),房地(土地+建物)+車位,十四層/二十四層,2房2廳1衛,37.0,1795,59.2,-3.1,2025-01-10,坡道平面,預售屋權利轉售，讓售日期113年1月20日，權利買賣契約成交價格：1900萬元整。預售屋、或土地及建物分件登記案件；
關埔重劃區,114S1,2021-12-15,關新路,RPWRMLOLJHKGFAO96DA,關新路２４８號,新竹市新竹市關新路２４８號十五樓之２,住宅大樓(11層含以上有電梯),房地(土地+建物)+車位,十五層/二十四層,2房2廳1衛,37.2,1829,60.3,-3.1,2025-01-10,坡道平面,預售屋、或土地及建物分件登記案件；
關埔重劃區,114S1,2021-12-15,關新路,RPXPNLOLJHKGFAO96DA,關新路２４８號,新竹市新竹市關新路２４８號十樓之８,住宅大樓(11層含以上有電梯),房地(土地+建物)+車位,十層/二十四層,3房2廳2衛,43.8,2090,56.6,-3.1,2025-01-10,坡道平面,預售屋、或土地及建物分件登記案件；
關埔重劃區,114S1,2021-12-15,關新路,RPSQNLOLJHKGFAO56DA,關新路２４８號,新竹市新竹市關新路２４８號七樓之５,住宅大樓(11層含以上有電梯),房地(土地+建物)+車位,七層/二十四層,2房2廳1衛,35.5,1670,58.5,-3.1,2025-01-10,坡道平面,預售屋權利轉售，讓售日期111年4月18日，權利買賣契約成交價格：1800萬元整。預售屋、或土地及建物分件登記案件；
關埔重劃區,114S1,2021-12-15,關新路,RPUQNLOLJHKGFAO76DA,關新路２４８號,新竹市新竹市關新路２４８號八樓之５,住宅大樓(11層含以上有電梯),房地(土地+建物)+車位,八層/二十四層,2房2廳1衛,35.5,1670,58.5,-3.1,2025-01-10,坡道平面,預售屋權利轉售，讓售日期112年8月2日，權利買賣契約成交價格：1690萬元整。預售屋、或土地及建物分件登記案件；
關埔重劃區,114S1,2021-12-15,關新路,RPQRNLOLJHKGFAO09DA,關新路２４８號,新竹市新竹市關新路２４８號十一樓之５,住宅大樓(11層含以上有電梯),房地(土地+建物)+車位,十一層/二十四層,2房2廳1衛,35.5,1650,57.3,-3.1,2025-01-10,坡道平面,預售屋權利轉售，讓售日期111年1月18日，權利買賣契約成交價格：1680萬元整。預售屋、或土地及建物分件登記案件；
關埔重劃區,114S1,2021-12-15,關新路,RPRRNLOLJHKGFAO56DA,關新路２４８號,新竹市新竹市關新路２４８號十七樓之８,住宅大樓(11層含以上有電梯),房地(土地+建物)+車位,十七層/二十四層,3房2廳2衛,43.8,2196,59.5,-3.1,2025-01-10,坡道平面,預售屋、或土地及建物分件登記案件；
關埔重劃區,114S2,2021-12-15,關新路,RPSPMLOLJHKGFAO98DA,關新路２４８號,新竹市新竹市關新路２４８號十七樓之１,住宅大樓(11層含以上有電梯),房地(土地+建物)+車位,十七層/二十四層,3房2廳2衛,46.9,2422,60.3,-3.1,2025-01-10,坡道平面,預售屋權利轉售，讓售日期110年12月17日，權利買賣契約成交價格：2472萬元整。預售屋、或土地及建物分件登記案件；
關埔重劃區,114S2,2021-12-15,關新路,RPRWMLOLJHKGFAO96DA,關新路２４８號,新竹市新竹市關新路２４８號九樓之３,住宅大樓(11層含以上有電梯),房地(土地+建物)+車位,九層/二十四層,3房2廳2衛,51.6,2578,57.7,-3.1,2025-01-10,坡道平面,預售屋權利轉售，讓售日期111年11月23日，權利買賣契約成交價格：2608萬元整。預售屋、或土地及建物分件登記案件；
關埔重劃區,114S2,2021-12-15,關新路,RPSQMLNKJHKGFAO88DA,關新路２４８號,新竹市新竹市關新路２４８號十一樓之１,住宅大樓(11層含以上有電梯),房地(土地+建物)+車位,十一層/二十四層,3房2廳2衛,46.9,2321,57.8,-3.1,2025-01-10,坡道平面,預售屋權利轉售，讓售日期111年3月2日，權利買賣契約成交價格：2361萬元整。預售屋、或土地及建物分件登記案件；
關埔重劃區,114S2,2021-12-15,關新路,RPXQMLNKJHKGFAO76DA,關新路２４８號,新竹市新竹市關新路２４８號十五樓之１,住宅大樓(11層含以上有電梯),房地(土地+建物)+車位,十五層/二十四層,3房2廳2衛,46.9,2397,59.9,-3.1,2025-01-10,坡道平面,預售屋權利轉售，讓售日期113年3月5日，權利買賣契約成交價格：2397萬元整。預售屋、或土地及建物分件登記案件；
關埔重劃區,114S2,2021-12-15,關新路,RPVOMLOKJHKGFAO09DA,關新路２４８號,新竹市新竹市關新路２４８號二十四樓之３,住宅大樓(11層含以上有電梯),房地(土地+建物)+車位,二十四層/二十四層,3房2廳2衛,51.6,2733,61.0,-3.1,2025-01-10,坡道平面,預售屋權利轉售，讓售日期111年12月22日，權利買賣契約成交價格：3000萬元整。預售屋、或土地及建物分件登記案件；
關埔重劃區,114S2,2021-12-15,關新路,RPVSMLOKJHKGFAO86DA,關新路２４８號,新竹市新竹市關新路２４８號十三樓之６,住宅大樓(11層含以上有電梯),房地(土地+建物)+車位,十三層/二十四層,3房2廳2衛,46.4,2327,58.7,-3.1,2025-01-10,坡道平面,預售屋、或土地及建物分件登記案件；
關埔重劃區,114S2,2021-12-15,關新路,RPVTMLOKJHKGFAO96DA,關新路２４８號,新竹市新竹市關新路２４８號二十四樓之６,住宅大樓(11層含以上有電梯),房地(土地+建物)+車位,二十四層/二十四層,3房2廳2衛,46.4,2405,60.6,-3.1,2025-01-10,坡道平面,預售屋權利轉售，讓售日期111年10月2日，權利買賣契約成交價格：2515萬元整。預售屋、或土地及建物分件登記案件；
關埔重劃區,114S2,2021-12-15,關新路,RPUUMLOKJHKGFAO96DA,關新路２４８號,新竹市新竹市關新路２４８號十一樓之７,住宅大樓(11層含以上有電梯),房地(土地+建物)+車位,十一層/二十四層,3房2廳2衛,44.9,2195,57.4,-3.1,2025-01-10,坡道平面,預售屋權利轉售，讓售日期110年12月26日，權利買賣契約成交價格：2235萬元整。預售屋、或土地及建物分件登記案件；
關埔重劃區,114S2,2021-12-15,關新路,RPWQMLOKJHKGFAO76DA,關新路２４８號,新竹市新竹市關新路２４８號二十樓之５,住宅大樓(11層含以上有電梯),房地(土地+建物)+車位,二十層/二十四層,2房2廳1衛,35.8,1717,59.2,-3.1,2025-01-10,坡道平面,預售屋、或土地及建物分件登記案件；
關埔重劃區,114S2,2021-12-15,關新路,RPQSMLNKJHKGFAO88DA,關新路２４８號,新竹市新竹市關新路２４８號六樓之２,住宅大樓(11層含以上有電梯),房地(土地+建物)+車位,六層/二十四層,2房2廳1衛,37.2,1731,57.0,-3.1,2025-01-10,坡道平面,預售屋、或土地及建物分件登記案件；
關埔重劃區,114S3,2021-12-15,關新路,RPOPMLNKJHKGFAO38DA,關新路２３２號,新竹市新竹市關新路２３２號,住宅大樓(11層含以上有電梯),房地(土地+建物)+車位,一層，二層/二十四層,0房0廳0衛,46.1,4014,106.0,-3.1,2025-01-10,坡道平面,預售屋權利轉售，讓售日期113年1月17日，權利買賣契約成交價格：4127萬元整。預售屋、或土地及建物分件登記案件；
關埔重劃區,114S3,2021-12-15,關新路,RPPPMLNKJHKGFAO48DA,關新路２３６號,新竹市新竹市關新路２３６號,住宅大樓(11層含以上有電梯),房地(土地+建物)+車位,一層，二層/二十四層,0房0廳0衛,45.8,4112,109.5,-3.1,2025-01-10,坡道平面,預售屋權利轉售，讓售日期113年1月17日，權利買賣契約成交價格：4225萬元整。預售屋、或土地及建物分件登記案件；
關埔重劃區,114S3,2021-12-15,關新路,RPQPMLNKJHKGFAO58DA,關新路２３８號,新竹市新竹市關新路２３８號,住宅大樓(11層含以上有電梯),房地(土地+建物)+車位,一層，二層/二十四層,0房0廳0衛,48.3,4397,110.1,-3.1,2025-01-10,坡道平面,預售屋權利轉售，讓售日期113年1月17日，權利買賣契約成交價格：4518萬元整。預售屋、或土地及建物分件登記案件；
關埔重劃區,114S3,2021-12-15,關新路,RPVOMLNLNHKGFAO86DA,關新路２４８號,新竹市新竹市關新路２４８號十六樓之２,住宅大樓(11層含以上有電梯),房地(土地+建物)+車位,十六層/二十四層,2房2廳1衛,37.2,1829,60.3,-3.1,2025-01-10,坡道平面,預售屋權利轉售，讓售日期111年4月18日，權利買賣契約成交價格：1930萬元整。本案於114年5月23日簽訂指名登記契
關埔重劃區,114S3,2021-12-15,關新路,RPQQMLOKJHKGFAO78DA,關新路２４８號,新竹市新竹市關新路２４８號十四樓之５,住宅大樓(11層含以上有電梯),房地(土地+建物)+車位,十四層/二十四層,2房2廳1衛,35.3,1674,58.4,-3.1,2025-01-10,坡道平面,預售屋、或土地及建物分件登記案件；
關埔重劃區,114S1,2021-12-16,關新路,RPWQMLOLJHKGFAO86DA,關新路２４８號,新竹市新竹市關新路２４８號七樓之２,住宅大樓(11層含以上有電梯),房地(土地+建物)+車位,七層/二十四層,2房2廳1衛,37.2,1742,57.4,-3.1,2025-01-10,坡道平面,預售屋、或土地及建物分件登記案件；
關埔重劃區,114S1,2021-12-16,關新路,RPUSMLOLJHKGFAO86DA,關新路２４８號,新竹市新竹市關新路２４８號十一樓之６,住宅大樓(11層含以上有電梯),房地(土地+建物)+車位,十一層/二十四層,3房2廳2衛,46.4,2291,57.7,-3.1,2025-01-10,坡道平面,預售屋、或土地及建物分件登記案件；
關埔重劃區,114S1,2021-12-16,關新路,RPUTMLOLJHKGFAO96DA,關新路２４８號,新竹市新竹市關新路２４８號十六樓之６,住宅大樓(11層含以上有電梯),房地(土地+建物)+車位,十六層/二十四層,3房2廳2衛,46.4,2366,59.8,-3.1,2025-01-10,坡道平面,預售屋權利轉售，讓售日期111年4月14日，權利買賣契約成交價格：2580萬元整。預售屋、或土地及建物分件登記案件；
關埔重劃區,114S1,2021-12-16,關新路,RPVTMLOLJHKGFAO07DA,關新路２４８號,新竹市新竹市關新路２４８號十七樓之６,住宅大樓(11層含以上有電梯),房地(土地+建物)+車位,十七層/二十四層,3房2廳2衛,46.4,2391,60.2,-3.1,2025-01-10,坡道平面,預售屋、或土地及建物分件登記案件；
關埔重劃區,114S1,2021-12-16,關新路,RPWUMLOLJHKGFAO27DA,關新路２４８號,新竹市新竹市關新路２４８號五樓之７,住宅大樓(11層含以上有電梯),房地(土地+建物)+車位,五層/二十四層,3房2廳2衛,44.9,2144,56.3,-3.1,2025-01-10,坡道平面,預售屋、或土地及建物分件登記案件；
關埔重劃區,114S1,2021-12-16,關新路,RPOWMLOLJHKGFAO66DA,關新路２４８號,新竹市新竹市關新路２４８號七樓之３,住宅大樓(11層含以上有電梯),房地(土地+建物)+車位,七層/二十四層,3房2廳2衛,51.6,2562,57.3,-3.1,2025-01-10,坡道平面,預售屋、或土地及建物分件登記案件；
關埔重劃區,114S1,2021-12-16,關新路,RPSNNLOLJHKGFAO88DA,關新路２４８號,新竹市新竹市關新路２４８號十五樓之３,住宅大樓(11層含以上有電梯),房地(土地+建物)+車位,十五層/二十四層,3房2廳2衛,51.6,2690,60.2,-3.1,2025-01-10,坡道平面,預售屋、或土地及建物分件登記案件；
關埔重劃區,114S1,2021-12-16,關新路,RPXNNLOLJHKGFAO76DA,關新路２４８號,新竹市新竹市關新路２４８號十八樓之３,住宅大樓(11層含以上有電梯),房地(土地+建物)+車位,十八層/二十四層,3房2廳2衛,51.6,2716,60.5,-3.1,2025-01-10,坡道平面,預售屋、或土地及建物分件登記案件；
關埔重劃區,114S1,2021-12-16,關新路,RPRONLOLJHKGFAO88DA,關新路２４８號,新竹市新竹市關新路２４８號二十樓之３,住宅大樓(11層含以上有電梯),房地(土地+建物)+車位,二十層/二十四層,3房2廳2衛,51.6,2723,60.7,-3.1,2025-01-10,坡道平面,預售屋、或土地及建物分件登記案件；
關埔重劃區,114S1,2021-12-16,關新路,RPTPMLOLJHKGFAO09DA,關新路２４８號,新竹市新竹市關新路２４８號十八樓之１,住宅大樓(11層含以上有電梯),房地(土地+建物)+車位,十八層/二十四層,3房2廳2衛,46.9,2422,60.3,-3.1,2025-01-10,坡道平面,預售屋、或土地及建物分件登記案件；
關埔重劃區,114S2,2021-12-16,關新路,RPROMLOLJHKGFAO78DA,關新路２４８號,新竹市新竹市關新路２４８號七樓之１,住宅大樓(11層含以上有電梯),房地(土地+建物)+車位,七層/二十四層,3房2廳2衛,46.9,2313,57.9,-3.1,2025-01-10,坡道平面,預售屋、或土地及建物分件登記案件；
關埔重劃區,114S2,2021-12-16,關新路,RPRPNLOLJHKGFAO98DA,關新路２４８號,新竹市新竹市關新路２４８號六樓之８,住宅大樓(11層含以上有電梯),房地(土地+建物)+車位,六層/二十四層,3房2廳2衛,43.8,2100,56.9,-3.1,2025-01-10,坡道平面,預售屋權利轉售，讓售日期111年4月6日，權利買賣契約成交價格：2110萬元整。預售屋、或土地及建物分件登記案件；
關埔重劃區,114S2,2021-12-16,關新路,RPOSMLNKJHKGFAO68DA,關新路２４８號,新竹市新竹市關新路２４８號四樓之２,住宅大樓(11層含以上有電梯),房地(土地+建物)+車位,四層/二十四層,2房2廳1衛,37.2,1720,56.6,-3.1,2025-01-10,坡道平面,預售屋、或土地及建物分件登記案件；
關埔重劃區,114S1,2021-12-17,關新路,RPRPMLOLJHKGFAO88DA,關新路２４８號,新竹市新竹市關新路２４８號十六樓之１,住宅大樓(11層含以上有電梯),房地(土地+建物)+車位,十六層/二十四層,3房2廳2衛,46.9,2397,59.9,-3.1,2025-01-10,坡道平面,預售屋權利轉售，讓售日期112年12月24日，權利買賣契約成交價格：2766萬元整。預售屋、或土地及建物分件登記案件；
關埔重劃區,114S1,2021-12-17,關新路,RPTSMLOLJHKGFAO76DA,關新路２４８號,新竹市新竹市關新路２４８號十九樓之２,住宅大樓(11層含以上有電梯),房地(土地+建物)+車位,十九層/二十四層,2房2廳1衛,37.2,1860,61.1,-3.1,2025-01-10,坡道平面,預售屋、或土地及建物分件登記案件；
關埔重劃區,114S1,2021-12-17,關新路,RPWSMLOLJHKGFAO07DA,關新路２４８號,新竹市新竹市關新路２４８號十二樓之６,住宅大樓(11層含以上有電梯),房地(土地+建物)+車位,十二層/二十四層,3房2廳2衛,46.4,2290,57.7,-3.1,2025-01-10,坡道平面,預售屋、或土地及建物分件登記案件；
關埔重劃區,114S1,2021-12-17,關新路,RPTWMLOLJHKGFAO17DA,關新路２４８號,新竹市新竹市關新路２４８號十樓之３,住宅大樓(11層含以上有電梯),房地(土地+建物)+車位,十層/二十四層,3房2廳2衛,51.8,2578,57.7,-3.1,2025-01-10,坡道平面,預售屋、或土地及建物分件登記案件；
關埔重劃區,114S1,2021-12-17,關新路,RPQSNLOLJHKGFAO56DA,關新路２４８號,新竹市新竹市關新路２４８號十六樓之５,住宅大樓(11層含以上有電梯),房地(土地+建物)+車位,十六層/二十四層,2房2廳1衛,35.5,1707,59.5,-3.1,2025-01-10,坡道平面,預售屋、或土地及建物分件登記案件；
關埔重劃區,114S1,2021-12-17,關新路,RPSSMLOLJHKGFAO66DA,關新路２４８號,新竹市新竹市關新路２４８號十八樓之２,住宅大樓(11層含以上有電梯),房地(土地+建物)+車位,十八層/二十四層,2房2廳1衛,37.0,1845,60.7,-3.1,2025-01-10,坡道平面,預售屋權利轉售，讓售日期111年3月3日，權利買賣契約成交價格：1878萬元整。預售屋、或土地及建物分件登記案件；
關埔重劃區,114S1,2021-12-17,關新路,RPOUMLOLJHKGFAO09DA,關新路２４８號,新竹市新竹市關新路２４８號二十樓之６,住宅大樓(11層含以上有電梯),房地(土地+建物)+車位,二十層/二十四層,3房2廳2衛,46.4,2395,60.3,-3.1,2025-01-10,坡道平面,預售屋、或土地及建物分件登記案件；
關埔重劃區,114S1,2021-12-17,關新路,RPRNNLOLJHKGFAO78DA,關新路２４８號,新竹市新竹市關新路２４８號十八樓之７,住宅大樓(11層含以上有電梯),房地(土地+建物)+車位,十八層/二十四層,3房2廳2衛,44.9,2290,59.9,-3.1,2025-01-10,坡道平面,預售屋權利轉售，讓售日期112年1月12日，權利買賣契約成交價格：2500萬元整。預售屋、或土地及建物分件登記案件；
關埔重劃區,114S1,2021-12-17,關新路,RPWSNLOLJHKGFAO17DA,關新路２４８號,新竹市新竹市關新路２４８號十九樓之５,住宅大樓(11層含以上有電梯),房地(土地+建物)+車位,十九層/二十四層,2房2廳1衛,35.5,1737,60.3,-3.1,2025-01-10,坡道平面,預售屋權利轉售，讓售日期113年2月28日，權利買賣契約成交價格：1847萬元整。預售屋、或土地及建物分件登記案件；
關埔重劃區,114S1,2021-12-17,關新路,RPSRMLOLJHKGFAO56DA,關新路２４８號,新竹市新竹市關新路２４８號十一樓之２,住宅大樓(11層含以上有電梯),房地(土地+建物)+車位,十一層/二十四層,2房2廳1衛,37.2,1773,58.2,-3.1,2025-01-10,坡道平面,預售屋權利轉售，讓售日期113年1月29日，權利買賣契約成交價格：1788萬元整。預售屋、或土地及建物分件登記案件；
關埔重劃區,114S1,2021-12-17,關新路,RPSRNLOLJHKGFAO66DA,關新路２４８號,新竹市新竹市關新路２４８號十二樓之５,住宅大樓(11層含以上有電梯),房地(土地+建物)+車位,十二層/二十四層,2房2廳1衛,35.5,1656,57.5,-3.1,2025-01-10,坡道平面,預售屋權利轉售，讓售日期112年12月23日，權利買賣契約成交價格：2082萬元整。預售屋、或土地及建物分件登記案件；
關埔重劃區,114S2,2021-12-17,關新路,RPQOMLOLJHKGFAO68DA,關新路２４８號,新竹市新竹市關新路２４８號六樓之１,住宅大樓(11層含以上有電梯),房地(土地+建物)+車位,六層/二十四層,3房2廳2衛,46.9,2268,56.7,-3.1,2025-01-10,坡道平面,預售屋、或土地及建物分件登記案件；
關埔重劃區,114S2,2021-12-17,關新路,RPWTMLOLJHKGFAO17DA,關新路２４８號,新竹市新竹市關新路２４８號十八樓之６,住宅大樓(11層含以上有電梯),房地(土地+建物)+車位,十八層/二十四層,3房2廳2衛,46.4,2391,60.2,-3.1,2025-01-10,坡道平面,預售屋權利轉售，讓售日期112年12月17日，權利買賣契約成交價格：2700萬元整。預售屋、或土地及建物分件登記案件；
關埔重劃區,114S2,2021-12-17,關新路,RPXTMLOLJHKGFAO27DA,關新路２４８號,新竹市新竹市關新路２４８號十九樓之６,住宅大樓(11層含以上有電梯),房地(土地+建物)+車位,十九層/二十四層,3房2廳2衛,46.4,2405,60.6,-3.1,2025-01-10,坡道平面,預售屋、或土地及建物分件登記案件；
關埔重劃區,114S2,2021-12-17,關新路,RPPONLOLJHKGFAO68DA,關新路２４８號,新竹市新竹市關新路２４８號十九樓之３,住宅大樓(11層含以上有電梯),房地(土地+建物)+車位,十九層/二十四層,3房2廳2衛,51.6,2733,61.0,-3.1,2025-01-10,坡道平面,預售屋、或土地及建物分件登記案件；
關埔重劃區,114S2,2021-12-17,關新路,RPSPNLOLJHKGFAO09DA,關新路２４８號,新竹市新竹市關新路２４８號七樓之８,住宅大樓(11層含以上有電梯),房地(土地+建物)+車位,七層/二十四層,3房2廳2衛,43.8,2077,56.2,-3.1,2025-01-10,坡道平面,預售屋權利轉售，讓售日期112年12月31日，權利買賣契約成交價格：2556萬元整。預售屋、或土地及建物分件登記案件；
關埔重劃區,114S2,2021-12-17,關新路,RPQQNLOLJHKGFAO98DA,關新路２４８號,新竹市新竹市關新路２４８號六樓之５,住宅大樓(11層含以上有電梯),房地(土地+建物)+車位,六層/二十四層,2房2廳1衛,35.5,1616,56.3,-3.1,2025-01-10,坡道平面,預售屋、或土地及建物分件登記案件；
關埔重劃區,114S2,2021-12-17,關新路,RPPRNLOLJHKGFAO98DA,關新路２４８號,新竹市新竹市關新路２４８號十六樓之８,住宅大樓(11層含以上有電梯),房地(土地+建物)+車位,十六層/二十四層,3房2廳2衛,43.8,2193,59.1,-3.1,2025-01-10,坡道平面,預售屋、或土地及建物分件登記案件；
關埔重劃區,114S2,2021-12-17,關新路,RPUOMLKLJHKGFAO68DA,關新路２４８號,新竹市新竹市關新路２４８號六樓之７,住宅大樓(11層含以上有電梯),房地(土地+建物)+車位,六層/二十四層,3房2廳2衛,44.9,2144,56.3,-3.1,2025-01-10,坡道平面,預售屋、或土地及建物分件登記案件；
關埔重劃區,114S2,2021-12-17,關新路,RPOVMLOKJHKGFAO09DA,關新路２４８號,新竹市新竹市關新路２４８號十五樓之７,住宅大樓(11層含以上有電梯),房地(土地+建物)+車位,十五層/二十四層,3房2廳2衛,44.9,2267,59.5,-3.1,2025-01-10,坡道平面,預售屋、或土地及建物分件登記案件；
關埔重劃區,114S2,2021-12-17,關新路,RPPVMLOKJHKGFAO56DA,關新路２４８號,新竹市新竹市關新路２４８號十六樓之７,住宅大樓(11層含以上有電梯),房地(土地+建物)+車位,十六層/二十四層,3房2廳2衛,44.9,2277,59.5,-3.1,2025-01-10,坡道平面,預售屋權利轉售，讓售日期111年12月11日，權利買賣契約成交價格：2423萬元整。預售屋、或土地及建物分件登記案件；
關埔重劃區,114S2,2021-12-17,關新路,RPPNNLOKJHKGFAO48DA,關新路２４８號,新竹市新竹市關新路２４８號十二樓之８,住宅大樓(11層含以上有電梯),房地(土地+建物)+車位,十二層/二十四層,3房2廳2衛,43.8,2114,57.0,-3.1,2025-01-10,坡道平面,預售屋權利轉售，讓售日期112年7月19日，權利買賣契約成交價格：2130萬元整。預售屋、或土地及建物分件登記案件；
關埔重劃區,114S2,2021-12-17,關新路,RPTUMLNKJHKGFAO76DA,關新路２４８號,新竹市新竹市關新路２４８號五樓之３,住宅大樓(11層含以上有電梯),房地(土地+建物)+車位,五層/二十四層,3房2廳2衛,51.6,2545,56.9,-3.1,2025-01-10,坡道平面,預售屋、或土地及建物分件登記案件；
關埔重劃區,114S1,2021-12-18,關新路,RPURMLOLJHKGFAO76DA,關新路２４８號,新竹市新竹市關新路２４８號十三樓之２,住宅大樓(11層含以上有電梯),房地(土地+建物)+車位,十三層/二十四層,2房2廳1衛,37.2,1810,59.2,-3.1,2025-01-10,坡道平面,預售屋、或土地及建物分件登記案件；
關埔重劃區,114S1,2021-12-18,關新路,RPUOMLOLJHKGFAO09DA,關新路２４８號,新竹市新竹市關新路２４８號十樓之１,住宅大樓(11層含以上有電梯),房地(土地+建物)+車位,十層/二十四層,3房2廳2衛,46.9,2307,57.5,-3.1,2025-01-10,坡道平面,預售屋權利轉售，讓售日期112年4月12日，權利買賣契約成交價格：2745萬元整。預售屋、或土地及建物分件登記案件；
關埔重劃區,114S1,2021-12-18,關新路,RPQSMLOLJHKGFAO09DA,關新路２４８號,新竹市新竹市關新路２４８號十七樓之２,住宅大樓(11層含以上有電梯),房地(土地+建物)+車位,十七層/二十四層,2房2廳1衛,37.2,1850,60.7,-3.1,2025-01-10,坡道平面,預售屋權利轉售，讓售日期113年5月15日，權利買賣契約成交價格：1850萬元整。預售屋、或土地及建物分件登記案件；
關埔重劃區,114S1,2021-12-18,關新路,RPTVMLOLJHKGFAO07DA,關新路２４８號,新竹市新竹市關新路２４８號十樓之７,住宅大樓(11層含以上有電梯),房地(土地+建物)+車位,十層/二十四層,3房2廳2衛,44.9,2181,57.0,-3.1,2025-01-10,坡道平面,預售屋、或土地及建物分件登記案件；
關埔重劃區,114S1,2021-12-18,關新路,RPONNLOLJHKGFAO48DA,關新路２４８號,新竹市新竹市關新路２４８號十三樓之３,住宅大樓(11層含以上有電梯),房地(土地+建物)+車位,十三層/二十四層,3房2廳2衛,51.8,2655,59.1,-3.1,2025-01-10,坡道平面,預售屋、或土地及建物分件登記案件；
關埔重劃區,114S1,2021-12-18,關新路,RPPQNLOLJHKGFAO88DA,關新路２４８號,新竹市新竹市關新路２４８號十一樓之８,住宅大樓(11層含以上有電梯),房地(土地+建物)+車位,十一層/二十四層,3房2廳2衛,43.8,2114,57.0,-3.1,2025-01-10,坡道平面,預售屋、或土地及建物分件登記案件；
關埔重劃區,114S1,2021-12-18,關新路,RPSSNLOLJHKGFAO76DA,關新路２４８號,新竹市新竹市關新路２４８號十七樓之５,住宅大樓(11層含以上有電梯),房地(土地+建物)+車位,十七層/二十四層,2房2廳1衛,35.5,1727,59.9,-3.1,2025-01-10,坡道平面,預售屋權利轉售，讓售日期113年5月14日，權利買賣契約成交價格：1727萬元整。預售屋、或土地及建物分件登記案件；
關埔重劃區,114S2,2021-12-18,關新路,RPWNNLOLJHKGFAO66DA,關新路２４８號,新竹市新竹市關新路２４８號十七樓之３,住宅大樓(11層含以上有電梯),房地(土地+建物)+車位,十七層/二十四層,3房2廳2衛,51.6,2716,60.5,-3.1,2025-01-10,坡道平面,預售屋、或土地及建物分件登記案件；
關埔重劃區,114S2,2021-12-18,關新路,RPORNLOLJHKGFAO88DA,關新路２４８號,新竹市新竹市關新路２４８號十樓之５,住宅大樓(11層含以上有電梯),房地(土地+建物)+車位,十層/二十四層,2房2廳1衛,35.5,1646,57.1,-3.1,2025-01-10,坡道平面,預售屋權利轉售，讓售日期112年12月21日，權利買賣契約成交價格：2080萬元整。預售屋、或土地及建物分件登記案件；
關埔重劃區,114S1,2021-12-19,關新路,RPOSNLOLJHKGFAO98DA,關新路２４８號,新竹市新竹市關新路２４８號十五樓之５,住宅大樓(11層含以上有電梯),房地(土地+建物)+車位,十五層/二十四層,2房2廳1衛,35.5,1707,59.5,-3.1,2025-01-10,坡道平面,預售屋、或土地及建物分件登記案件；
關埔重劃區,114S1,2021-12-19,關新路,RPTNNLOLJHKGFAO98DA,關新路２４８號,新竹市新竹市關新路２４８號十九樓之７,住宅大樓(11層含以上有電梯),房地(土地+建物)+車位,十九層/二十四層,3房2廳2衛,44.9,2304,60.3,-3.1,2025-01-10,坡道平面,預售屋、或土地及建物分件登記案件；
關埔重劃區,114S2,2021-12-19,關新路,RPTTMLOLJHKGFAO86DA,關新路２４８號,新竹市新竹市關新路２４８號十五樓之６,住宅大樓(11層含以上有電梯),房地(土地+建物)+車位,十五層/二十四層,3房2廳2衛,46.4,2366,59.8,-3.1,2025-01-10,坡道平面,預售屋權利轉售，讓售日期111年12月17日，權利買賣契約成交價格：2550萬元整。預售屋、或土地及建物分件登記案件；
關埔重劃區,114S1,2021-12-20,關新路,RPPSMLOLJHKGFAO98DA,關新路２４８號,新竹市新竹市關新路２４８號九樓之６,住宅大樓(11層含以上有電梯),房地(土地+建物)+車位,九層/二十四層,3房2廳2衛,46.4,2267,57.3,-3.1,2025-01-10,坡道平面,預售屋、或土地及建物分件登記案件；
關埔重劃區,114S1,2021-12-20,關新路,RPPNNLOLJHKGFAO58DA,關新路２４８號,新竹市新竹市關新路２４８號十七樓之７,住宅大樓(11層含以上有電梯),房地(土地+建物)+車位,十七層/二十四層,3房2廳2衛,44.9,2290,59.9,-3.1,2025-01-10,坡道平面,預售屋權利轉售，讓售日期112年3月6日，權利買賣契約成交價格：2598萬元整。預售屋、或土地及建物分件登記案件；
關埔重劃區,114S1,2023-02-22,關新路,RPOQNLOLJHKGFAO78DA,關新路２４８號,新竹市新竹市關新路２４８號五樓之５,住宅大樓(11層含以上有電梯),房地(土地+建物)+車位,五層/二十四層,2房2廳1衛,35.3,2162,76.5,-1.9,2025-01-10,坡道平面,預售屋權利轉售，讓售日期113年2月16日，權利買賣契約成交價格：2180萬元整。預售屋、或土地及建物分件登記案件；
關埔重劃區,114S1,2023-04-24,關新路,RPRQMLOLJHKGFAO98DA,關新路２４８號,新竹市新竹市關新路２４８號三樓之２,住宅大樓(11層含以上有電梯),房地(土地+建物)+車位,三層/二十四層,2房2廳1衛,37.2,2293,76.3,-1.8,2025-01-10,坡道平面,預售屋、或土地及建物分件登記案件；
關埔重劃區,114S1,2023-05-22,關新路,RPUSNLOLJHKGFAO96DA,關新路２４８號,新竹市新竹市關新路２４８號十八樓之５,住宅大樓(11層含以上有電梯),房地(土地+建物)+車位,十八層/二十四層,2房2廳1衛,35.5,2323,81.5,-1.7,2025-01-10,坡道平面,預售屋、或土地及建物分件登記案件；
關埔重劃區,114S2,2023-05-26,關新路,RPXQMLOLJHKGFAO96DA,關新路２４８號,新竹市新竹市關新路２４８號八樓之２,住宅大樓(11層含以上有電梯),房地(土地+建物)+車位,八層/二十四層,2房2廳1衛,37.2,2300,76.0,-1.7,2025-01-10,坡道平面,預售屋、或土地及建物分件登記案件；
關埔重劃區,114S2,2023-10-06,關新路,RPVSNLOLJHKGFAO07DA,關新路２４８號,新竹市新竹市關新路２４８號二十四樓之８,住宅大樓(11層含以上有電梯),房地(土地+建物)+車位,二十四層/二十四層,3房2廳2衛,44.1,2965,80.6,-1.2,2025-01-10,坡道平面,預售屋、或土地及建物分件登記案件；
關埔重劃區,114S1,2023-10-23,關新路,RPQPNLOLJHKGFAO88DA,關新路２４８號,新竹市新竹市關新路２４８號五樓之８,住宅大樓(11層含以上有電梯),房地(土地+建物)+車位,五層/二十四層,3房2廳2衛,43.8,2760,74.8,-1.2,2025-01-10,坡道平面,預售屋、或土地及建物分件登記案件；
關埔重劃區,114S2,2023-11-29,關新路,RPTSMLNKJHKGFAO56DA,關新路２４８號,新竹市新竹市關新路２４８號九樓之２,住宅大樓(11層含以上有電梯),房地(土地+建物)+車位,九層/二十四層,2房2廳1衛,37.2,2338,77.3,-1.2,2025-01-10,坡道平面,預售屋、或土地及建物分件登記案件；
關埔重劃區,114S1,2023-12-02,關新路,RPWPNLOLJHKGFAO86DA,關新路２４８號,新竹市新竹市關新路２４８號四樓之５,住宅大樓(11層含以上有電梯),房地(土地+建物)+車位,四層/二十四層,2房2廳1衛,35.5,2160,75.5,-1.1,2025-01-10,坡道平面,預售屋、或土地及建物分件登記案件；
關埔重劃區,114S1,2023-12-10,關新路,RPRVMLOLJHKGFAO86DA,關新路２４８號,新竹市新竹市關新路２４８號九樓之７,住宅大樓(11層含以上有電梯),房地(土地+建物)+車位,九層/二十四層,3房2廳2衛,44.9,2905,75.9,-1.1,2025-01-10,坡道平面,預售屋、或土地及建物分件登記案件；
關埔重劃區,114S1,2023-12-18,關新路,RPRSMLOLJHKGFAO56DA,關新路２４８號,新竹市新竹市關新路２４８號十樓之６,住宅大樓(11層含以上有電梯),房地(土地+建物)+車位,十層/二十四層,3房2廳2衛,46.4,3095,78.0,-1.1,2025-01-10,坡道平面,預售屋、或土地及建物分件登記案件；
關埔重劃區,114S2,2023-12-22,關新路,RPQUMLNKJHKGFAO09DA,關新路２４８號,新竹市新竹市關新路２４８號二十四樓之２,住宅大樓(11層含以上有電梯),房地(土地+建物)+車位,二十四層/二十四層,2房2廳1衛,37.0,2525,82.9,-1.1,2025-01-10,坡道平面,預售屋、或土地及建物分件登記案件；
關埔重劃區,113S3,2024-01-03,關新東路,RPRNMLOJOHJGFAO98EA,關新東路１０８號,新竹市新竹市關新東路１０８號七樓,華廈(10層含以下有電梯),房地(土地+建物)+車位,七層/九層,2房2廳2衛,28.7,1775,61.8,9.8,2014-03-12,坡道機械,夾層；
關埔重劃區,114S1,2024-01-06,關新路,RPVPNLOLJHKGFAO76DA,關新路２４８號,新竹市新竹市關新路２４８號九樓之８,住宅大樓(11層含以上有電梯),房地(土地+建物)+車位,九層/二十四層,3房2廳2衛,43.8,2800,76.0,-1.0,2025-01-10,坡道平面,預售屋、或土地及建物分件登記案件；
關埔重劃區,114S1,2024-01-11,關新路,RPUPNLOLJHKGFAO66DA,關新路２４８號,新竹市新竹市關新路２４８號三樓之５,住宅大樓(11層含以上有電梯),房地(土地+建物)+車位,三層/二十四層,2房2廳1衛,35.5,2160,75.5,-1.0,2025-01-10,坡道平面,預售屋、或土地及建物分件登記案件；
關埔重劃區,114S2,2024-01-18,關新路,RPQNNLOKJHKGFAO58DA,關新路２４８號,新竹市新竹市關新路２４８號十三樓之８,住宅大樓(11層含以上有電梯),房地(土地+建物)+車位,十三層/二十四層,3房2廳2衛,43.8,2880,78.3,-1.0,2025-01-10,坡道平面,預售屋、或土地及建物分件登記案件；
關埔重劃區,113S3,2024-01-19,關新東路,RPSOMLRKOHJGFAO86DA,關新東路２６６號,新竹市新竹市關新東路２６６號八樓之２,住宅大樓(11層含以上有電梯),房地(土地+建物)+車位,八層/二十六層,4房2廳3衛,121.0,5200,43.0,10.5,2013-07-10,坡道平面,
關埔重劃區,114S2,2024-02-04,關新路,RPWUMLOKJHKGFAO17DA,關新路２４８號,新竹市新竹市關新路２４８號十三樓之７,住宅大樓(11層含以上有電梯),房地(土地+建物)+車位,十三層/二十四層,3房2廳2衛,44.9,2970,77.7,-0.9,2025-01-10,坡道平面,預售屋、或土地及建物分件登記案件；
關埔重劃區,114S1,2024-02-07,關新路,RPXRMLOLJHKGFAO07DA,關新路２４８號,新竹市新竹市關新路２４８號八樓之６,住宅大樓(11層含以上有電梯),房地(土地+建物)+車位,八層/二十四層,3房2廳2衛,46.4,3045,77.2,-0.9,2025-01-10,坡道平面,預售屋、或土地及建物分件登記案件；
關埔重劃區,114S1,2024-02-24,關新路,RPUQMLOLJHKGFAO66DA,關新路２４８號,新竹市新竹市關新路２４８號五樓之６,住宅大樓(11層含以上有電梯),房地(土地+建物)+車位,五層/二十四層,3房2廳2衛,46.4,2988,75.6,-0.9,2025-01-10,坡道平面,預售屋、或土地及建物分件登記案件；
關埔重劃區,114S1,2024-02-26,關新路,RPPTMLOLJHKGFAO09DA,關新路２４８號,新竹市新竹市關新路２４８號二十二樓之２,住宅大樓(11層含以上有電梯),房地(土地+建物)+車位,二十二層/二十四層,2房2廳1衛,37.2,2498,82.5,-0.9,2025-01-10,坡道平面,預售屋、或土地及建物分件登記案件；
關埔重劃區,114S2,2024-03-05,關新路,RPOONLOKJHKGFAO48DA,關新路２４８號,新竹市新竹市關新路２４８號二十樓之８,住宅大樓(11層含以上有電梯),房地(土地+建物)+車位,二十層/二十四層,3房2廳2衛,43.8,2952,80.5,-0.8,2025-01-10,坡道平面,預售屋、或土地及建物分件登記案件；
關埔重劃區,114S1,2024-03-14,關新路,RPUNMLRJKHKGFAO56DA,關新路２４８號,新竹市新竹市關新路２４８號二十一樓之７,住宅大樓(11層含以上有電梯),房地(土地+建物)+車位,二十一層/二十四層,3房2廳2衛,44.9,3073,80.1,-0.8,2025-01-10,坡道平面,預售屋、或土地及建物分件登記案件；
關埔重劃區,113S4,2024-03-23,關新東路,RPQNMLOJIIJGFAO38EA,關新東路１９２號,新竹市新竹市關新東路１９２號十一樓,住宅大樓(11層含以上有電梯),房地(土地+建物)+車位,十一層/十四層,3房2廳2衛,97.6,4998,51.2,12.2,2011-12-01,坡道平面,
關埔重劃區,114S2,2024-03-23,關新路,RPVQMLNKJHKGFAO56DA,關新路２４８號,新竹市新竹市關新路２４８號十四樓之１,住宅大樓(11層含以上有電梯),房地(土地+建物)+車位,十四層/二十四層,3房2廳2衛,46.9,3170,79.6,-0.8,2025-01-10,坡道平面,預售屋、或土地及建物分件登記案件；
關埔重劃區,114S1,2024-03-27,關新路,RPPSNLOLJHKGFAO09DA,關新路２４８號,新竹市新竹市關新路２４８號二十一樓之８,住宅大樓(11層含以上有電梯),房地(土地+建物)+車位,二十一層/二十四層,3房2廳2衛,43.8,2962,80.8,-0.8,2025-01-10,坡道平面,預售屋、或土地及建物分件登記案件；
關埔重劃區,114S1,2024-04-06,關新路,RPRSNLOLJHKGFAO66DA,關新路２４８號,新竹市新竹市關新路２４８號二十二樓之８,住宅大樓(11層含以上有電梯),房地(土地+建物)+車位,二十二層/二十四層,3房2廳2衛,43.8,2980,81.3,-0.8,2025-01-10,坡道平面,預售屋、或土地及建物分件登記案件；
關埔重劃區,113S3,2024-04-09,關新東路,RPSNMLRLOHJGFAO96EA,關新東路１００號,新竹市新竹市關新東路１００號,透天厝,房地(土地+建物),全/四層,5房2廳7衛,97.9,3400,34.7,9.7,2014-08-19,,親友、員工、共有人或其他特殊關係間之交易；
關埔重劃區,114S1,2024-04-11,關新路,RPSVMLOLJHKGFAO96DA,關新路２４８號,新竹市新竹市關新路２４８號四樓之３,住宅大樓(11層含以上有電梯),房地(土地+建物)+車位,四層/二十四層,3房2廳2衛,51.6,3400,76.1,-0.8,2025-01-10,坡道平面,預售屋、或土地及建物分件登記案件；
關埔重劃區,113S3,2024-04-14,關新路,RPXOMLPLMHJGFAO07DA,關新路１９巷１５號,新竹市新竹市關新路１９巷１５號三樓,住宅大樓(11層含以上有電梯),房地(土地+建物)+車位,三層/十五層,3房2廳2衛,46.7,2750,58.9,14.8,2009-07-21,坡道平面,陽台外推；
關埔重劃區,114S1,2024-04-20,關新路,RPVUMLOLJHKGFAO17DA,關新路２４８號,新竹市新竹市關新路２４８號四樓之７,住宅大樓(11層含以上有電梯),房地(土地+建物)+車位,四層/二十四層,3房2廳2衛,44.9,2865,75.3,-0.8,2025-01-10,坡道平面,預售屋、或土地及建物分件登記案件；
關埔重劃區,114S1,2024-04-20,關新路,RPUONLOLJHKGFAO56DA,關新路２４８號,新竹市新竹市關新路２４８號二十四樓之７,住宅大樓(11層含以上有電梯),房地(土地+建物)+車位,二十四層/二十四層,3房2廳2衛,44.9,3180,83.2,-0.8,2025-01-10,坡道平面,預售屋、或土地及建物分件登記案件；
關埔重劃區,114S1,2024-04-22,關新路,RPTSNLOLJHKGFAO86DA,關新路２４８號,新竹市新竹市關新路２４８號二十三樓之８,住宅大樓(11層含以上有電梯),房地(土地+建物)+車位,二十三層/二十四層,3房2廳2衛,43.8,2985,80.9,-0.8,2025-01-10,坡道平面,預售屋、或土地及建物分件登記案件；
關埔重劃區,113S3,2024-04-27,關新路,RPQNMLPLOHJGFAO56EA,關新路１９巷７號,新竹市新竹市關新路１９巷７號四樓,住宅大樓(11層含以上有電梯),房地(土地+建物)+車位,四層/十五層,4房2廳2衛,58.6,3050,52.1,14.8,2009-07-21,坡道平面,陽台外推；
關埔重劃區,114S1,2024-04-27,關新路,RPSUMLOLJHKGFAO86DA,關新路２４８號,新竹市新竹市關新路２４８號二十三樓之６,住宅大樓(11層含以上有電梯),房地(土地+建物)+車位,二十三層/二十四層,3房2廳2衛,46.4,3255,81.9,-0.8,2025-01-10,坡道平面,預售屋、或土地及建物分件登記案件；
關埔重劃區,114S2,2024-04-29,關新路,RPVRNLOLJHKGFAO96DA,關新路２４８號,新竹市新竹市關新路２４８號十九樓之８,住宅大樓(11層含以上有電梯),房地(土地+建物)+車位,十九層/二十四層,3房2廳2衛,43.8,2952,80.5,-0.8,2025-01-10,坡道平面,預售屋、或土地及建物分件登記案件；
關埔重劃區,114S1,2024-05-06,關新路,RPUPMLOLJHKGFAO56DA,關新路２４８號,新竹市新竹市關新路２４８號十九樓之１,住宅大樓(11層含以上有電梯),房地(土地+建物)+車位,十九層/二十四層,3房2廳2衛,46.9,3260,81.0,-0.7,2025-01-10,坡道平面,預售屋、或土地及建物分件登記案件；
關埔重劃區,114S1,2024-05-06,關新路,RPXPMLOLJHKGFAO86DA,關新路２４８號,新竹市新竹市關新路２４８號二十二樓之１,住宅大樓(11層含以上有電梯),房地(土地+建物)+車位,二十二層/二十四層,3房2廳2衛,46.9,3320,82.1,-0.7,2025-01-10,坡道平面,預售屋、或土地及建物分件登記案件；
關埔重劃區,114S1,2024-05-06,關新路,RPXOMLOLJHKGFAO76DA,關新路２４８號,新竹市新竹市關新路２４８號十三樓之１,住宅大樓(11層含以上有電梯),房地(土地+建物)+車位,十三層/二十四層,3房2廳2衛,46.9,3180,79.4,-0.7,2025-01-10,坡道平面,預售屋、或土地及建物分件登記案件；
關埔重劃區,114S1,2024-05-06,關新路,RPWPMLOLJHKGFAO76DA,關新路２４８號,新竹市新竹市關新路２４８號二十一樓之１,住宅大樓(11層含以上有電梯),房地(土地+建物)+車位,二十一層/二十四層,3房2廳2衛,47.1,3300,81.8,-0.7,2025-01-10,坡道平面,預售屋、或土地及建物分件登記案件；
關埔重劃區,114S3,2024-05-13,關新路,RPTPMLNKJHKGFAO88DA,關新路２４８號,新竹市新竹市關新路２４８號三樓之１,住宅大樓(11層含以上有電梯),房地(土地+建物)+車位,三層/二十四層,3房2廳2衛,46.6,3038,76.5,-0.7,2025-01-10,坡道平面,預售屋、或土地及建物分件登記案件；
關埔重劃區,114S2,2024-05-14,關新路,RPTRMLOKJHKGFAO56DA,關新路２４８號,新竹市新竹市關新路２４８號三樓之６,住宅大樓(11層含以上有電梯),房地(土地+建物)+車位,三層/二十四層,3房2廳2衛,46.4,3030,76.7,-0.7,2025-01-10,坡道平面,預售屋、或土地及建物分件登記案件；
關埔重劃區,113S3,2024-05-20,介壽一路,RPPQMLLJPHJGFAO78DA,介壽一路２號,新竹市新竹市介壽一路２號十九樓之２,住宅大樓(11層含以上有電梯),房地(土地+建物)+車位,十九層/二十層,3房2廳2衛,59.5,3340,56.1,0.9,2023-06-30,坡道平面,
關埔重劃區,113S3,2024-05-20,關新路,RPRNMLLKPHJGFAO88EA,關新路２１１號,新竹市新竹市關新路２１１號四樓之１,住宅大樓(11層含以上有電梯),房地(土地+建物)+車位,四層/二十一層,4房2廳2衛,84.9,3980,46.9,13.8,2010-07-23,坡道平面,其他增建；
關埔重劃區,114S1,2024-05-20,關新路,RPOQMLOLJHKGFAO68DA,關新路２４８號,新竹市新竹市關新路２４８號二十三樓之１,住宅大樓(11層含以上有電梯),房地(土地+建物)+車位,二十三層/二十四層,3房2廳2衛,46.9,3340,82.6,-0.7,2025-01-10,坡道平面,預售屋、或土地及建物分件登記案件；
關埔重劃區,113S3,2024-05-21,關新北路,RPOOMLQKPHJGFAO09DA,關新北路２號,新竹市新竹市關新北路２號二樓之２,住宅大樓(11層含以上有電梯),房地(土地+建物)+車位,二層/十三層,2房2廳2衛,68.1,3948,57.9,9.6,2014-10-31,坡道平面,
關埔重劃區,114S1,2024-05-22,關新路,RPUUMLOLJHKGFAO07DA,關新路２４８號,新竹市新竹市關新路２４８號三樓之７,住宅大樓(11層含以上有電梯),房地(土地+建物)+車位,三層/二十四層,3房2廳2衛,44.9,3180,82.6,-0.7,2025-01-10,坡道平面,預售屋、或土地及建物分件登記案件；
關埔重劃區,114S1,2024-05-24,關新路,RPWWMLOLJHKGFAO47DA,關新路２４８號,新竹市新竹市關新路２４８號十二樓之３,住宅大樓(11層含以上有電梯),房地(土地+建物)+車位,十二層/二十四層,3房2廳2衛,51.6,3600,80.0,-0.7,2025-01-10,坡道平面,預售屋、或土地及建物分件登記案件；
關埔重劃區,113S3,2024-05-25,關新東路,RPPOMLTKOHJGFAO76DA,關新東路１１６號,新竹市新竹市關新東路１１６號八樓,華廈(10層含以下有電梯),房地(土地+建物)+車位,八層，見其他登記事項/九層,3房2廳2衛,32.1,1890,58.9,10.2,2014-03-12,坡道機械,
關埔重劃區,114S1,2024-05-26,關新路,RPPUMLOLJHKGFAO56DA,關新路２４８號,新竹市新竹市關新路２４８號二十一樓之６,住宅大樓(11層含以上有電梯),房地(土地+建物)+車位,二十一層/二十四層,3房2廳2衛,46.4,3210,80.9,-0.7,2025-01-10,坡道平面,預售屋、或土地及建物分件登記案件；
關埔重劃區,114S2,2024-05-26,關新路,RPTONLOLJHKGFAO09DA,關新路２４８號,新竹市新竹市關新路２４８號二十一樓之３,住宅大樓(11層含以上有電梯),房地(土地+建物)+車位,二十一層/二十四層,3房2廳2衛,51.6,3640,81.2,-0.7,2025-01-10,坡道平面,預售屋、或土地及建物分件登記案件；
關埔重劃區,113S3,2024-05-28,關新二街,RPQVMLOKQHJGFAO27DA,關新二街１１３號,新竹市新竹市關新二街１１３號三樓,住宅大樓(11層含以上有電梯),房地(土地+建物)+車位,三層/二十二層,3房2廳2衛,62.7,3436,54.8,9.0,2015-05-25,坡道平面,
關埔重劃區,113S3,2024-05-30,關新路,RPQPMLRKOHJGFAO76DA,關新路２３９號,新竹市新竹市關新路２３９號,住宅大樓(11層含以上有電梯),房地(土地+建物)+車位,一層，二層，三層/十八層,1房4廳3衛,96.6,5725,59.3,11.3,2013-01-02,坡道平面,
關埔重劃區,114S1,2024-05-31,關新路,RPQVMLOLJHKGFAO76DA,關新路２４８號,新竹市新竹市關新路２４８號三樓之３,住宅大樓(11層含以上有電梯),房地(土地+建物)+車位,三層/二十四層,3房2廳2衛,51.3,3418,76.1,-0.7,2025-01-10,坡道平面,預售屋、或土地及建物分件登記案件；
關埔重劃區,113S4,2024-06-01,關新東路,RPXRMLOJRHJGFAO57DA,關新東路２７０號,新竹市新竹市關新東路２７０號八樓之１,住宅大樓(11層含以上有電梯),房地(土地+建物)+車位,八層/二十六層,4房2廳3衛,112.6,5750,51.0,10.9,2013-07-10,坡道平面,
關埔重劃區,113S3,2024-06-02,介壽一路,RPPPMLSJPHJGFAO76DA,介壽一路２號,新竹市新竹市介壽一路２號十九樓之１,住宅大樓(11層含以上有電梯),房地(土地+建物)+車位,十九層/二十層,3房2廳2衛,48.5,2816,58.1,1.0,2023-06-30,坡道平面,
關埔重劃區,113S4,2024-06-09,關新北路,RPTNMLKMQHJGFAO56DA,關新北路１４５號,新竹市新竹市關新北路１４５號五樓,住宅大樓(11層含以上有電梯),房地(土地+建物)+車位,五層/二十四層,4房2廳3衛,105.5,5885,63.8,11.8,2012-09-20,坡道平面,陽台外推；
關埔重劃區,113S3,2024-06-14,關新東路,RPVNMLTKOHJGFAO27DA,關新東路１１８號,新竹市新竹市關新東路１１８號七樓,華廈(10層含以下有電梯),房地(土地+建物)+車位,七層/九層,3房2廳2衛,26.8,1930,72.0,10.2,2014-03-12,坡道機械,夾層；
關埔重劃區,114S1,2024-06-26,關新路,RPUNNLOLJHKGFAO09DA,關新路２４８號,新竹市新竹市關新路２４８號十六樓之３,住宅大樓(11層含以上有電梯),房地(土地+建物)+車位,十六層/二十四層,3房2廳2衛,51.6,3700,81.9,-0.6,2025-01-10,坡道平面,預售屋、或土地及建物分件登記案件；
關埔重劃區,113S3,2024-06-28,關新北路,RPSNMLRKPHJGFAO86DA,關新北路１４５號,新竹市新竹市關新北路１４５號十樓,住宅大樓(11層含以上有電梯),房地(土地+建物)+車位,十層/二十四層,4房2廳2衛,105.5,6138,63.7,11.8,2012-09-20,坡道平面,陽台加窗陽台外推；其他增建；
關埔重劃區,113S3,2024-06-28,關新東路,RPSNMLPJQHJGFAO66DA,關新東路１１６號,新竹市新竹市關新東路１１６號七樓,華廈(10層含以下有電梯),房地(土地+建物)+車位,七層，見其他登記事項/九層,2房2廳2衛,32.1,2099,65.5,10.2,2014-03-12,其他,
關埔重劃區,113S4,2024-06-29,關新東路,RPRNMLPJRHJGFAO76EA,關新東路２６８號,新竹市新竹市關新東路２６８號,其他,車位,一層/二十六層,0房0廳0衛,8.3,135,,10.9,2013-07-10,坡道平面,僅車位交易；
關埔重劃區,113S3,2024-06-30,介壽路,RPUOMLQLPHJGFAO17DA,介壽路２３號,新竹市新竹市介壽路２３號十四樓之８,住宅大樓(11層含以上有電梯),房地(土地+建物)+車位,十四層/二十二層,3房2廳2衛,47.4,3385,71.5,3.8,2020-09-30,坡道平面,
關埔重劃區,113S3,2024-07-04,關新東路,RPOPMLRJQHJGFAO66DA,關新東路１０８號,新竹市新竹市關新東路１０８號三樓,華廈(10層含以下有電梯),房地(土地+建物)+車位,三層/九層,2房2廳2衛,31.2,1900,60.9,10.3,2014-03-12,其他,夾層；
關埔重劃區,113S3,2024-07-04,介壽一路,RPWPMLSKPHJGFAO57DA,介壽一路１８號,新竹市新竹市介壽一路１８號八樓之３,住宅大樓(11層含以上有電梯),房地(土地+建物)+車位,八層/二十四層,3房2廳2衛,48.4,1500,31.0,0.6,2023-12-19,坡道平面,親友、員工、共有人或其他特殊關係間之交易；
關埔重劃區,113S4,2024-07-05,介壽一路,RPWNMLKLQHJGFAO76DA,介壽一路２０號,新竹市新竹市介壽一路２０號,住宅大樓(11層含以上有電梯),房地(土地+建物)+車位,/二十四層,0房2廳2衛,141.5,8665,77.5,0.6,2023-12-19,坡道平面,
關埔重劃區,114S2,2024-07-06,關新路,RPOPNLOLJHKGFAO68DA,關新路２４８號,新竹市新竹市關新路２４８號四樓之８,住宅大樓(11層含以上有電梯),房地(土地+建物)+車位,四層/二十四層,3房2廳2衛,43.8,3090,84.6,-0.5,2025-01-10,坡道平面,含裝潢費2500000元；預售屋、或土地及建物分件登記案件；
關埔重劃區,113S3,2024-07-13,介壽一路,RPSOMLPKPHJGFAO76DA,介壽一路８號,新竹市新竹市介壽一路８號十五樓之６,住宅大樓(11層含以上有電梯),房地(土地+建物)+車位,十五層/二十層,2房2廳1衛,37.5,2200,58.7,1.1,2023-06-30,坡道平面,
關埔重劃區,113S3,2024-07-14,關新北路,RPSOMLTJQHJGFAO17DA,關新北路１４９號,新竹市新竹市關新北路１４９號十三樓,住宅大樓(11層含以上有電梯),房地(土地+建物)+車位,十三層/二十四層,4房2廳5衛,116.4,6600,56.7,11.8,2012-09-20,坡道平面,
關埔重劃區,113S3,2024-07-20,關新路,RPORMLNLQHJGFAO66DA,關新路２１３號,新竹市新竹市關新路２１３號四樓之５,住宅大樓(11層含以上有電梯),房地(土地+建物)+車位,四層/二十一層,5房2廳2衛,94.1,4188,44.5,14.0,2010-07-23,坡道平面,陽台加窗其他增建；
關埔重劃區,114S2,2024-07-22,關新路,RPQQMLOLJHKGFAO88DA,關新路２４８號,新竹市新竹市關新路２４８號四樓之６,住宅大樓(11層含以上有電梯),房地(土地+建物)+車位,四層/二十四層,3房2廳2衛,46.4,3277,82.5,-0.5,2025-01-10,坡道平面,本案轉讓於113年8月3日，金額為3277萬元。含裝潢費2500000元；預售屋、或土地及建物分件登記案件；
關埔重劃區,113S3,2024-07-27,介壽一路,RPPNMLRJQHJGFAO56DA,介壽一路２號,新竹市新竹市介壽一路２號八樓之７,住宅大樓(11層含以上有電梯),房地(土地+建物)+車位,八層/二十層,2房2廳1衛,37.9,2352,62.0,1.1,2023-06-30,坡道平面,
關埔重劃區,113S3,2024-07-28,介壽路,RPSOMLQKQHJGFAO96DA,介壽路２１號,新竹市新竹市介壽路２１號十七樓之７,住宅大樓(11層含以上有電梯),房地(土地+建物)+車位,十七層/二十二層,3房2廳2衛,41.4,2820,68.1,3.8,2020-09-30,坡道平面,
關埔重劃區,113S4,2024-07-28,關新路,RPOQMLKKRHJGFAO88DA,關新路１８８號,新竹市新竹市關新路１８８號十七樓之８,住宅大樓(11層含以上有電梯),房地(土地+建物)+車位,十七層/二十四層,4房2廳2衛,72.6,3990,55.0,12.7,2011-11-21,坡道平面,陽台加窗其他增建；
關埔重劃區,113S4,2024-08-04,關新北路,RPXNMLLJJIJGFAO78DA,關新北路８號,新竹市新竹市關新北路８號十四樓之２,住宅大樓(11層含以上有電梯),房地(土地+建物)+車位,十四層/二十三層,4房2廳2衛,94.4,5898,74.7,9.8,2014-10-31,坡道平面,其他增建；
關埔重劃區,113S4,2024-08-10,關新二街,RPQNMLOKQHJGFAO09DA,關新二街７３號,新竹市新竹市關新二街７３號十一樓,住宅大樓(11層含以上有電梯),房地(土地+建物)+車位,十一層/二十一層,2房2廳2衛,48.6,3219,66.3,5.9,2018-09-21,坡道平面,
關埔重劃區,114S1,2024-08-13,關新路,RPXONLOLJHKGFAO86DA,關新路２４８號,新竹市新竹市關新路２４８號二十三樓之３,住宅大樓(11層含以上有電梯),房地(土地+建物)+車位,二十三層/二十四層,3房2廳2衛,51.6,3820,84.8,-0.4,2025-01-10,坡道平面,預售屋、或土地及建物分件登記案件；
關埔重劃區,113S4,2024-08-18,介壽一路,RPUOMLTKQHJGFAO47DA,介壽一路８號,新竹市新竹市介壽一路８號五樓之３,住宅大樓(11層含以上有電梯),房地(土地+建物)+車位,五層/二十層,3房2廳2衛,44.9,3350,74.6,1.2,2023-06-30,坡道平面,
關埔重劃區,113S4,2024-08-29,關新東路,RPRNMLPJJIJGFAO68EA,關新東路１１８號,新竹市新竹市關新東路１１８號三樓,華廈(10層含以下有電梯),房地(土地+建物)+車位,三層/九層,1房1廳1衛,26.8,1500,55.9,10.4,2014-03-12,坡道機械,
關埔重劃區,113S4,2024-09-07,關新東路,RPOOMLRJIIJGFAO48DA,關新東路１１２號,新竹市新竹市關新東路１１２號八樓,華廈(10層含以下有電梯),房地(土地+建物)+車位,八層，見其他登記事項/九層,2房2廳2衛,32.1,1868,58.3,10.5,2014-03-12,坡道機械,夾層；
關埔重劃區,113S4,2024-09-16,介壽一路,RPTNMLPLJIJGFAO98DA,介壽一路４５號,新竹市新竹市介壽一路４５號十八樓之６,住宅大樓(11層含以上有電梯),房地(土地+建物)+車位,十八層/二十一層,2房2廳1衛,37.8,2620,69.2,0.8,2023-12-20,坡道平面,增建：雨遮改陽台其他增建；
關埔重劃區,113S4,2024-09-26,介壽一路,RPQNMLLLJIJGFAO38EA,介壽一路２０號,新竹市新竹市介壽一路２０號七樓之５,住宅大樓(11層含以上有電梯),房地(土地+建物)+車位,七層/二十四層,3房2廳2衛,56.8,2000,37.8,0.8,2023-12-19,坡道平面,
關埔重劃區,114S1,2024-10-02,關新路,RPSNMLMJKIJGFAO48DA,關新路１８８號,新竹市新竹市關新路１８８號九樓之３,住宅大樓(11層含以上有電梯),房地(土地+建物)+車位,九層/二十四層,4房2廳2衛,73.0,3950,54.1,12.9,2011-11-21,坡道平面,其他增建；
關埔重劃區,114S1,2024-10-11,介壽一路,RPRNMLOKJHKGFAO58DA,介壽一路８號,新竹市新竹市介壽一路８號五樓之７,住宅大樓(11層含以上有電梯),房地(土地+建物)+車位,五層/二十層,3房2廳2衛,44.5,3080,69.2,1.3,2023-06-30,坡道平面,
關埔重劃區,114S1,2024-10-25,關新東路,RPROMLTKKIJGFAO66DA,關新東路１８０號,新竹市新竹市關新東路１８０號八樓,住宅大樓(11層含以上有電梯),房地(土地+建物)+車位,八層/十四層,4房2廳2衛,80.4,4366,65.7,12.8,2011-12-01,坡道平面,陽台加窗其他增建；
關埔重劃區,113S4,2024-11-01,關新東路,RPQNMLNKJIJGFAO48EA,關新東路１０８號,新竹市新竹市關新東路１０８號八樓,華廈(10層含以下有電梯),房地(土地+建物)+車位,八層/九層,2房2廳2衛,31.5,1950,64.6,10.7,2014-03-12,坡道機械,陽台外推；夾層；
關埔重劃區,114S1,2024-11-16,關新路,RPQNMLMLJIJGFAO38DA,關新路２２８號,新竹市新竹市關新路２２８號十七樓,住宅大樓(11層含以上有電梯),房地(土地+建物)+車位,十七層/二十四層,3房2廳2衛,93.3,4398,47.2,11.0,2013-11-15,坡道平面,
關埔重劃區,114S1,2024-11-18,關新北路,RPWOMLKLJIJGFAO88DA,關新北路１８６號,新竹市新竹市關新北路１８６號,住宅大樓(11層含以上有電梯),房地(土地+建物)+車位,一層，見其他登記事項/十四層,0房0廳0衛,85.7,3840,44.8,4.0,2020-11-30,坡道平面,
關埔重劃區,114S1,2024-12-15,關新東路,RPWNMLNJLHKGFAO09DA,關新東路１９０號,新竹市新竹市關新東路１９０號三樓,住宅大樓(11層含以上有電梯),房地(土地+建物)+車位,三層/十四層,4房2廳2衛,87.3,4610,52.8,13.0,2011-12-01,坡道平面,
關埔重劃區,114S1,2024-12-28,關新東路,RPQOMLKLKHKGFAO38DA,關新東路２６６號,新竹市新竹市關新東路２６６號十二樓之１,住宅大樓(11層含以上有電梯),房地(土地+建物)+車位,十二層/二十六層,4房2廳4衛,119.1,6088,51.1,11.4,2013-07-10,坡道平面,
關埔重劃區,114S2,2025-01-07,介壽一路,RPOPMLRKMHKGFAO09DA,介壽一路１８號,新竹市新竹市介壽一路１８號七樓之１,住宅大樓(11層含以上有電梯),房地(土地+建物)+車位,七層/二十四層,2房2廳2衛,44.0,2500,56.9,1.1,2023-12-19,坡道平面,親友、員工、共有人或其他特殊關係間之交易；
關埔重劃區,114S2,2025-02-09,關新路,RPVNMLNKLHKGFAO09DA,關新路１８８號,新竹市新竹市關新路１８８號二十四樓之６,住宅大樓(11層含以上有電梯),房地(土地+建物)+車位,二十四層/二十四層,4房2廳2衛,77.7,4060,52.2,13.2,2011-11-21,坡道平面,
關埔重劃區,114S2,2025-03-15,關新東路,RPUNMLKMMHKGFAO98DA,關新東路１７８號,新竹市新竹市關新東路１７８號六樓,住宅大樓(11層含以上有電梯),房地(土地+建物)+車位,六層/十四層,5房2廳4衛,140.1,6600,52.1,13.2,2011-12-01,坡道平面,
關埔重劃區,114S3,2025-03-15,關新東路,RPWNMLSJPHKGFAO37DA,關新東路１０８號,新竹市新竹市關新東路１０８號四樓,華廈(10層含以下有電梯),房地(土地+建物)+車位,四層/九層,3房2廳2衛,28.7,1770,61.6,11.0,2014-03-12,其他,陽台外推；夾層；其他增建；
關埔重劃區,114S2,2025-03-16,關新北路,RPTQMLMLMHKGFAO66DA,關新北路１８９號,新竹市新竹市關新北路１８９號四樓,住宅大樓(11層含以上有電梯),房地(土地+建物)+車位,四層/十四層,4房2廳2衛,61.6,3800,61.7,14.2,2010-12-06,坡道平面,
關埔重劃區,114S2,2025-03-30,關新路,RPPNMLLJNHKGFAO38DA,關新路１８８號,新竹市新竹市關新路１８８號十二樓之１６,住宅大樓(11層含以上有電梯),房地(土地+建物)+車位,十二層/二十四層,3房2廳2衛,53.3,3250,61.0,13.3,2011-11-21,坡道平面,
關埔重劃區,114S2,2025-04-02,關新北路,RPXOMLPKNHKGFAO17DA,關新北路８號,新竹市新竹市關新北路８號二十樓之３,住宅大樓(11層含以上有電梯),房地(土地+建物)+車位,二十層/二十三層,3房2廳2衛,59.2,3835,73.5,10.5,2014-10-31,坡道平面,鐵鋁窗、後陽台增建車位編號:114其他增建；
關埔重劃區,114S2,2025-04-09,關新路,RPTNMLSLMHKGFAO96DA,關新路２４８號,新竹市新竹市關新路２４８號十三樓之３,住宅大樓(11層含以上有電梯),房地(土地+建物)+車位,十三層/二十四層,3房2廳2衛,51.8,3530,68.1,0.2,2025-01-10,坡道平面,
關埔重劃區,114S2,2025-05-01,介壽一路,RPSOMLSJNHKGFAO86DA,介壽一路２１號,新竹市新竹市介壽一路２１號二十一樓之３,住宅大樓(11層含以上有電梯),房地(土地+建物)+車位,二十一層/二十二層,3房2廳2衛,47.2,1380,29.2,2.0,2023-05-01,坡道平面,親友、員工、共有人或其他特殊關係間之交易；
關埔重劃區,114S3,2025-05-15,關新路,RPROMLQKPHKGFAO86DA,關新路２４８號,新竹市新竹市關新路２４８號十三樓之５,住宅大樓(11層含以上有電梯),房地(土地+建物)+車位,十三層/二十四層,2房1廳1衛,35.5,2310,65.0,0.3,2025-01-10,坡道平面,
關埔重劃區,114S3,2025-05-16,關新路,RPTNMLLKOHKGFAO98DA,關新路２４８號,新竹市新竹市關新路２４８號十樓之８,住宅大樓(11層含以上有電梯),房地(土地+建物)+車位,十層/二十四層,3房2廳2衛,43.8,2765,63.2,0.3,2025-01-10,坡道平面,
關埔重劃區,114S3,2025-05-16,關新北路,RPVNMLOJOHKGFAO76DA,關新北路８號,新竹市新竹市關新北路８號九樓之１,住宅大樓(11層含以上有電梯),房地(土地+建物)+車位,九層/二十三層,3房2廳2衛,93.1,6008,64.5,10.6,2014-10-31,坡道平面,其他增建部分為後陽台加裝氣密窗其他增建；
關埔重劃區,115S1,2025-05-18,介壽路,RPQNMLPLJIKGFAO78DA,介壽路２３號,新竹市新竹市介壽路２３號十八樓之８,住宅大樓(11層含以上有電梯),房地(土地+建物)+車位,十八層/二十二層,2房2廳2衛,47.4,2950,62.3,4.7,2020-09-30,坡道平面,其他增建為陽台增建其他增建；
關埔重劃區,114S3,2025-05-19,關新路,RPQNMLRJOHKGFAO56DA,關新路２１３號,新竹市新竹市關新路２１３號十四樓之５,住宅大樓(11層含以上有電梯),房地(土地+建物)+車位,十四層/二十一層,4房2廳2衛,94.3,4088,43.4,14.8,2010-07-23,坡道平面,
關埔重劃區,114S3,2025-06-06,關新二街,RPPOMLTLPHKGFAO07DA,關新二街１１１號,新竹市新竹市關新二街１１１號十八樓,住宅大樓(11層含以上有電梯),房地(土地+建物)+車位,十八層/二十二層,3房2廳2衛,70.4,3990,65.7,10.1,2015-05-25,坡道平面,陽台加窗其他增建；
關埔重劃區,114S4,2025-06-08,關新二街,RPSNMLLKJIKGFAO58EA,關新二街１１７號,新竹市新竹市關新二街１１７號二十樓,住宅大樓(11層含以上有電梯),房地(土地+建物)+車位,二十層/二十二層,3房2廳2衛,59.3,3180,53.7,10.1,2015-05-25,坡道平面,
關埔重劃區,114S4,2025-06-10,關新北路,RPXNMLKKRHKGFAO96DA,關新北路８號,新竹市新竹市關新北路８號六樓之３,住宅大樓(11層含以上有電梯),房地(土地+建物)+車位,六層/二十三層,3房2廳2衛,59.2,3645,61.6,10.7,2014-10-31,坡道平面,
關埔重劃區,114S4,2025-06-15,關新二街,RPVNMLNJKIKGFAO98DA,關新二街７５號,新竹市新竹市關新二街７５號十四樓,住宅大樓(11層含以上有電梯),房地(土地+建物)+車位,十四層/二十一層,3房2廳2衛,58.0,3980,75.1,6.8,2018-09-21,坡道平面,
關埔重劃區,114S3,2025-06-19,關新北路,RPVNMLNJPHKGFAO76DA,關新北路８號,新竹市新竹市關新北路８號八樓之２,住宅大樓(11層含以上有電梯),房地(土地+建物)+車位,八層/二十三層,4房2廳2衛,94.4,6200,65.7,10.7,2014-10-31,坡道平面,
關埔重劃區,114S4,2025-08-02,介壽一路,RPSNMLKKJIKGFAO38DA,介壽一路２１號,新竹市新竹市介壽一路２１號四樓之５,住宅大樓(11層含以上有電梯),房地(土地+建物)+車位,四層/二十二層,2房2廳1衛,50.1,2400,47.9,2.2,2023-05-01,坡道平面,
關埔重劃區,114S4,2025-08-09,關新二街,RPRNMLQJJIKGFAO78DA,關新二街１１３號,新竹市新竹市關新二街１１３號十八樓,住宅大樓(11層含以上有電梯),房地(土地+建物)+車位,十八層/二十二層,3房2廳2衛,55.0,3200,58.2,10.2,2015-05-25,坡道平面,其他增建；
關埔重劃區,114S4,2025-08-10,關新路,RPQNMLTJIIKGFAO88DA,關新路１８８號,新竹市新竹市關新路１８８號五樓之５,住宅大樓(11層含以上有電梯),房地(土地+建物)+車位,五層/二十四層,4房2廳2衛,75.2,3776,50.2,13.8,2011-11-21,坡道平面,陽台加窗其他增建；
關埔重劃區,114S4,2025-08-15,關新路,RPPNMLSJRHKGFAO86DA,關新路２４８號,新竹市新竹市關新路２４８號十八樓之５,住宅大樓(11層含以上有電梯),房地(土地+建物)+車位,十八層/二十四層,2房2廳1衛,35.5,2400,67.6,0.6,2025-01-10,坡道平面,
關埔重劃區,114S4,2025-09-09,關新東路,RPTNMLMLRHKGFAO86DA,關新東路２６８號,新竹市新竹市關新東路２６８號,其他,車位,一層/二十六層,0房0廳0衛,8.3,140,,12.2,2013-07-10,坡道平面,僅車位交易；
關埔重劃區,114S4,2025-10-07,介壽一路,RPUOMLSJIIKGFAO66DA,介壽一路２１號,新竹市新竹市介壽一路２１號十三樓之７,住宅大樓(11層含以上有電梯),房地(土地+建物)+車位,十三層/二十二層,2房2廳1衛,37.9,2050,54.0,2.4,2023-05-01,坡道平面,其他增建；
關埔重劃區,115S1,2025-10-12,關新路,RPUNMLQKKIKGFAO66DA,關新路１８８號,新竹市新竹市關新路１８８號十六樓之１０,住宅大樓(11層含以上有電梯),房地(土地+建物)+車位,十六層/二十四層,3房2廳2衛,50.3,2998,59.5,13.9,2011-11-21,坡道平面,
關埔重劃區,115S1,2025-10-12,介壽路,RPRPMLMLKIKGFAO88DA,介壽路２１號,新竹市新竹市介壽路２１號二樓之６,住宅大樓(11層含以上有電梯),房地(土地+建物)+車位,二層/二十二層,2房2廳2衛,48.0,3080,64.1,5.1,2020-09-30,坡道平面,
關埔重劃區,115S1,2025-11-04,關新北路,RPPPMLKMKIKGFAO58DA,關新北路１７９號,新竹市新竹市關新北路１７９號三樓,住宅大樓(11層含以上有電梯),房地(土地+建物)+車位,三層/十四層,2房2廳2衛,47.7,2755,66.2,14.9,2010-12-06,坡道平面,
關埔重劃區,115S1,2025-11-07,關新東路,RPXNMLMLJHLGFAO56DA,關新東路１０８號,新竹市新竹市關新東路１０８號五樓,華廈(10層含以下有電梯),房地(土地+建物)+車位,五層/九層,2房2廳2衛,28.7,1680,58.5,11.7,2014-03-12,坡道機械,夾層；
關埔重劃區,115S1,2025-11-19,關新北路,RPRRMLQLJIKGFAO76DA,關新北路１４７號,新竹市新竹市關新北路１４７號十二樓,住宅大樓(11層含以上有電梯),房地(土地+建物)+車位,十二層/二十四層,4房2廳2衛,105.5,5652,53.6,13.2,2012-09-20,坡道平面,陽台加窗外推
關埔重劃區,115S1,2025-11-26,關新路,RPWNMLLJKIKGFAO88DA,關新路１８８號,新竹市新竹市關新路１８８號七樓之１１,住宅大樓(11層含以上有電梯),房地(土地+建物)+車位,七層/二十四層,3房2廳2衛,54.3,3120,57.4,14.0,2011-11-21,坡道平面,陽台加窗其他增建；
關埔重劃區,115S1,2025-11-28,介壽路,RPVOMLNJKIKGFAO09DA,介壽路２１號,新竹市新竹市介壽路２１號十四樓之２,住宅大樓(11層含以上有電梯),房地(土地+建物)+車位,十四層/二十二層,2房2廳2衛,41.3,2788,67.4,5.2,2020-09-30,坡道平面,
關埔重劃區,115S1,2025-12-08,關新路,RPSOMLRLJHLGFAO66DA,關新路１８８號,新竹市新竹市關新路１８８號八樓之１５,住宅大樓(11層含以上有電梯),房地(土地+建物)+車位,八層/二十四層,3房2廳2衛,52.0,3010,57.9,14.1,2011-11-21,坡道平面,
關埔重劃區,115S2,2025-12-13,介壽路,RPRTMLQKLHLGFAO07DA,介壽路２３號,新竹市新竹市介壽路２３號十五樓之７,住宅大樓(11層含以上有電梯),房地(土地+建物)+車位,十五層/二十二層,2房2廳2衛,41.4,2790,67.4,5.2,2020-09-30,坡道平面,
關埔重劃區,115S1,2025-12-21,介壽一路,RPWNMLKLJHLGFAO88DA,介壽一路２１號,新竹市新竹市介壽一路２１號十八樓之３,住宅大樓(11層含以上有電梯),房地(土地+建物)+車位,十八層/二十二層,3房2廳2衛,47.2,2660,56.3,2.6,2023-05-01,坡道平面,
關埔重劃區,115S2,2026-01-15,介壽路,RPPPMLOJLHLGFAO78DA,介壽路２３號,新竹市新竹市介壽路２３號五樓之２,住宅大樓(11層含以上有電梯),房地(土地+建物)+車位,五層/二十二層,3房2廳2衛,41.3,2650,64.1,5.3,2020-09-30,坡道平面,其他增建:鐵鋁窗增建其他增建；
關埔重劃區,115S2,2026-01-22,介壽一路,RPOOMLOJLHLGFAO58DA,介壽一路２號,新竹市新竹市介壽一路２號六樓之５,住宅大樓(11層含以上有電梯),房地(土地+建物)+車位,六層/二十層,3房2廳2衛,44.6,2750,61.7,2.6,2023-06-30,坡道平面,
關埔重劃區,115S2,2026-01-26,介壽路,RPXNMLKKLHLGFAO09DA,介壽路２３號,新竹市新竹市介壽路２３號十七樓之６,住宅大樓(11層含以上有電梯),房地(土地+建物)+車位,十七層/二十二層,3房2廳2衛,47.4,2960,62.5,5.3,2020-09-30,坡道平面,
關埔重劃區,115S2,2026-03-15,關新北路,RPTNMLNLMHLGFAO56DA,關新北路１７６號,新竹市新竹市關新北路１７６號十四樓,住宅大樓(11層含以上有電梯),房地(土地+建物)+車位,十四層/十四層,2房2廳2衛,49.1,3100,63.1,5.3,2020-11-30,坡道平面,
關埔重劃區,115S3,2026-04-15,介壽一路,RPQNMLKKOHLGFAO68DA,介壽一路４３號,新竹市新竹市介壽一路４３號十五樓之２,住宅大樓(11層含以上有電梯),房地(土地+建物)+車位,十五層/二十一層,3房2廳2衛,55.1,3100,56.2,2.3,2023-12-20,坡道平面,
關埔重劃區,115S2,2026-04-17,介壽一路,RPVOMLSKNHLGFAO37DA,介壽一路３１號,新竹市新竹市介壽一路３１號十八樓之３,住宅大樓(11層含以上有電梯),房地(土地+建物)+車位,十八層/二十二層,2房2廳1衛,39.8,2150,54.0,2.9,2023-05-01,坡道平面,
關埔重劃區,115S3,2026-04-19,介壽一路,RPPOMLRJNHLGFAO56DA,介壽一路８號,新竹市新竹市介壽一路８號十六樓之２,住宅大樓(11層含以上有電梯),房地(土地+建物)+車位,十六層/二十層,2房2廳2衛,47.0,2888,74.4,2.8,2023-06-30,坡道平面,
關埔重劃區,115S3,2026-04-29,介壽一路,RPQTMLPLNHLGFAO17DA,介壽一路２０號,新竹市新竹市介壽一路２０號二樓之５,住宅大樓(11層含以上有電梯),房地(土地+建物)+車位,二層/二十四層,3房2廳2衛,64.8,3500,54.0,2.3,2023-12-19,坡道平面,陽台加拉門其他增建；
關埔重劃區,115S3,2026-04-29,關新路,RPTNMLRJNHLGFAO86DA,關新路２４８號,新竹市新竹市關新路２４８號六樓之２,住宅大樓(11層含以上有電梯),房地(土地+建物)+車位,六層/二十四層,2房2廳1衛,37.2,2292,61.6,1.2,2025-01-10,坡道平面,
關埔重劃區,115S3,2026-05-03,關新東路,RPUNMLKMOHLGFAO66DA,關新東路１８３號,新竹市新竹市關新東路１８３號十樓,住宅大樓(11層含以上有電梯),房地(土地+建物)+車位,十層/十四層,3房2廳2衛,68.7,3736,54.4,13.5,2012-11-01,坡道機械,其他增建；
關埔重劃區,115S3,2026-05-20,關新路,RPQOMLSJPHLGFAO96DA,關新路２４８號,新竹市新竹市關新路２４８號四樓之１,住宅大樓(11層含以上有電梯),房地(土地+建物)+車位,四層/二十四層,3房2廳2衛,46.9,2990,63.8,1.3,2025-01-10,坡道平面,
關埔重劃區,115S3,2026-05-26,關新路,RPORMLPKOHLGFAO76DA,關新路１８８號,新竹市新竹市關新路１８８號六樓之１２,住宅大樓(11層含以上有電梯),房地(土地+建物)+車位,六層/二十四層,3房2廳2衛,63.1,3398,53.8,14.5,2011-11-21,坡道平面,其他增建；
關埔重劃區,115S3,2026-05-26,關新路,RPQPMLQKPHLGFAO96DA,關新路２４８號,新竹市新竹市關新路２４８號十三樓之６,住宅大樓(11層含以上有電梯),房地(土地+建物)+車位,十三層/二十四層,3房2廳2衛,46.4,2900,73.2,1.3,2025-01-10,坡道平面,
關埔重劃區,115S3,2026-05-31,介壽一路,RPUOMLSKOHLGFAO37DA,介壽一路８號,新竹市新竹市介壽一路８號二十樓之３,住宅大樓(11層含以上有電梯),房地(土地+建物)+車位,二十層/二十層,2房2廳2衛,44.9,2688,59.9,2.9,2023-06-30,坡道平面,
關埔重劃區,115S3,2026-06-13,關新二街,RPRNMLLJRHLGFAO56EA,關新二街１１３號,新竹市新竹市關新二街１１３號十五樓,住宅大樓(11層含以上有電梯),房地(土地+建物)+車位,十五層/二十二層,3房2廳2衛,62.7,3500,55.8,11.1,2015-05-25,坡道平面,其他增建；
關埔重劃區,115S3,2026-06-18,介壽一路,RPVNMLSKQHLGFAO57DA,介壽一路２０號,新竹市新竹市介壽一路２０號十樓之２,住宅大樓(11層含以上有電梯),房地(土地+建物)+車位,十層/二十四層,2房2廳2衛,57.4,3350,58.3,2.5,2023-12-19,坡道平面,
關埔重劃區,115S3,2026-06-21,介壽一路,RPROMLRJPHLGFAO96DA,介壽一路３１號,新竹市新竹市介壽一路３１號十二樓之２,住宅大樓(11層含以上有電梯),房地(土地+建物)+車位,十二層/二十二層,2房2廳1衛,39.7,2168,54.5,3.1,2023-05-01,坡道平面,
關埔重劃區,115S3,2026-06-25,介壽一路,RPOPMLOKPHLGFAO56DA,介壽一路３１號,新竹市新竹市介壽一路３１號七樓之３,住宅大樓(11層含以上有電梯),房地(土地+建物)+車位,七層/二十二層,2房2廳1衛,39.8,2155,54.1,3.1,2023-05-01,坡道平面,
關埔重劃區,115S4,2026-06-27,關新路,RPQOMLRJRHLGFAO07DA,關新路２４８號,新竹市新竹市關新路２４８號九樓之２,住宅大樓(11層含以上有電梯),房地(土地+建物)+車位,九層/二十四層,2房2廳1衛,37.2,2360,78.1,1.4,2025-01-10,坡道平面,
關埔重劃區,115S3,2026-07-02,介壽一路,RPSNMLNJPHLGFAO56DA,介壽一路２６號,新竹市新竹市介壽一路２６號二十三樓之５,住宅大樓(11層含以上有電梯),房地(土地+建物)+車位,二十三層/二十六層,3房2廳2衛,46.9,3500,74.6,2.3,2024-03-05,坡道平面,
關埔重劃區,115S3,2026-07-05,介壽一路,RPVNMLLKQHLGFAO86DA,介壽一路２１號,新竹市新竹市介壽一路２１號十五樓之５,住宅大樓(11層含以上有電梯),房地(土地+建物)+車位,十五層/二十二層,2房2廳1衛,39.8,2250,56.5,3.2,2023-05-01,坡道平面,
關埔重劃區,115S3,2026-07-06,關新二街,RPQNMLMJRHLGFAO56EA,關新二街７７號,新竹市新竹市關新二街７７號二樓,住宅大樓(11層含以上有電梯),房地(土地+建物)+車位,二層/二十一層,2房2廳2衛,47.9,2950,61.6,7.8,2018-09-21,坡道平面,
關埔重劃區,115S3,2026-07-07,關新二街,RPUOMLKMPHLGFAO86DA,關新二街１０９號,新竹市新竹市關新二街１０９號十五樓,住宅大樓(11層含以上有電梯),房地(土地+建物)+車位,十五層/二十二層,4房2廳2衛,72.1,3830,53.1,11.2,2015-05-25,坡道平面,
關埔重劃區,115S3,2026-07-07,關新路,RPXOMLNKPHLGFAO27DA,關新路１８８號,新竹市新竹市關新路１８８號十二樓之３,住宅大樓(11層含以上有電梯),房地(土地+建物)+車位,十二層/二十四層,3房2廳2衛,64.3,3758,58.4,14.7,2011-11-21,坡道平面,
關埔重劃區,115S4,2026-07-18,關新路,RPTSMLNLPHLGFAO37DA,關新路２４８號,新竹市新竹市關新路２４８號二十一樓之１,住宅大樓(11層含以上有電梯),房地(土地+建物)+車位,二十一層/二十四層,3房2廳2衛,47.1,3230,68.6,1.5,2025-01-10,坡道平面,
關埔重劃區,115S3,2026-07-22,關新東路,RPUSMLNLPHLGFAO47DA,關新東路２６８號,新竹市新竹市關新東路２６８號,其他,車位,一層/二十六層,0房0廳0衛,8.3,140,,13.0,2013-07-10,坡道平面,僅車位交易；
關埔重劃區,115S4,2026-07-24,關新二街,RPSOMLMJRHLGFAO76DA,關新二街１１１號,新竹市新竹市關新二街１１１號二十二樓,住宅大樓(11層含以上有電梯),房地(土地+建物)+車位,二十二層/二十二層,3房2廳2衛,70.4,3800,54.0,11.2,2015-05-25,坡道平面,其他增建；
高鐵特區,113S3,2017-06-05,高鐵八路,RPVPMLRLNHJGFBJ86DA,高鐵八路５２號,新竹縣竹北市高鐵八路５２號十一樓之三,住宅大樓(11層含以上有電梯),房地(土地+建物)+車位,十一層/十五層,3房2廳2衛,51.4,1526,34.2,-6.8,2024-03-14,坡道平面,110年6月16日換約，換約價格新台幣1700萬元整。
高鐵特區,113S3,2020-06-04,高鐵八路,RPQVMLPKNHJGFBJ66DA,高鐵八路６０號,新竹縣竹北市高鐵八路６０號七樓之三,住宅大樓(11層含以上有電梯),房地(土地+建物)+車位,七層/十五層,4房2廳2衛,84.9,2296,35.3,-3.8,2024-03-14,坡道平面,
高鐵特區,113S3,2020-06-04,高鐵八路,RPXOMLRLNHJGFBJ96DA,高鐵八路５８號,新竹縣竹北市高鐵八路５８號十五樓之五,住宅大樓(11層含以上有電梯),房地(土地+建物)+車位,十五層/十五層,2房2廳2衛,44.3,1319,35.5,-3.8,2024-03-14,坡道平面,
高鐵特區,113S3,2020-06-04,高鐵八路,RPXPMLRLNHJGFBJ07DA,高鐵八路６０號,新竹縣竹北市高鐵八路６０號七樓之二,住宅大樓(11層含以上有電梯),房地(土地+建物)+車位,七層/十五層,4房2廳2衛,80.8,2374,35.5,-3.8,2024-03-14,坡道平面,110年6月4日換約，換約價格新台幣2788萬元整。
高鐵特區,113S3,2020-06-04,高鐵八路,RPQSMLRLNHJGFBJ66DA,高鐵八路６２號,新竹縣竹北市高鐵八路６２號十樓之二,住宅大樓(11層含以上有電梯),房地(土地+建物)+車位,十層/十五層,3房2廳2衛,54.1,1672,35.5,-3.8,2024-03-14,坡道平面,110年6月4日換約，換約價格新台幣1818萬元整。
高鐵特區,113S3,2020-06-04,高鐵八路,RPQNMLSLNHJGFBJ88DA,高鐵八路５８號,新竹縣竹北市高鐵八路５８號四樓之三,住宅大樓(11層含以上有電梯),房地(土地+建物)+車位,四層/十五層,2房2廳2衛,44.3,1296,34.9,-3.8,2024-03-14,坡道平面,
高鐵特區,113S3,2020-06-04,高鐵八路,RPOOMLSLNHJGFBJ78DA,高鐵八路６０號,新竹縣竹北市高鐵八路６０號十二樓之二,住宅大樓(11層含以上有電梯),房地(土地+建物)+車位,十二層/十五層,4房2廳2衛,80.8,2424,36.0,-3.8,2024-03-14,坡道平面,
高鐵特區,113S3,2020-06-04,高鐵八路,RPWOMLSLNHJGFBJ96DA,高鐵八路５２號,新竹縣竹北市高鐵八路５２號十一樓之一,住宅大樓(11層含以上有電梯),房地(土地+建物)+車位,十一層/十五層,3房2廳2衛,52.5,1537,34.5,-3.8,2024-03-14,坡道平面,
高鐵特區,113S3,2020-06-04,高鐵八路,RPQPMLSLNHJGFBJ09DA,高鐵八路５２號,新竹縣竹北市高鐵八路５２號九樓之三,住宅大樓(11層含以上有電梯),房地(土地+建物)+車位,九層/十五層,3房2廳2衛,51.4,1508,34.0,-3.8,2024-03-14,坡道平面,
高鐵特區,113S3,2020-06-04,高鐵八路,RPXPMLSLNHJGFBJ17DA,高鐵八路５６號,新竹縣竹北市高鐵八路５６號九樓之二,住宅大樓(11層含以上有電梯),房地(土地+建物)+車位,九層/十五層,3房2廳2衛,57.1,1781,35.5,-3.8,2024-03-14,坡道平面,
高鐵特區,113S3,2020-06-04,高鐵八路,RPOSMLSLNHJGFBJ56DA,高鐵八路６０號,新竹縣竹北市高鐵八路６０號六樓之一,住宅大樓(11層含以上有電梯),房地(土地+建物)+車位,六層/十五層,4房2廳2衛,77.5,2243,35.2,-3.8,2024-03-14,坡道平面,
高鐵特區,113S3,2020-06-04,高鐵八路,RPOUMLSLNHJGFBJ76DA,高鐵八路６２號,新竹縣竹北市高鐵八路６２號九樓之二,住宅大樓(11層含以上有電梯),房地(土地+建物)+車位,九層/十五層,3房2廳2衛,54.1,1668,35.4,-3.8,2024-03-14,坡道平面,
高鐵特區,113S3,2020-06-04,高鐵八路,RPRUMLSLNHJGFBJ07DA,高鐵八路６２號,新竹縣竹北市高鐵八路６２號九樓之三,住宅大樓(11層含以上有電梯),房地(土地+建物)+車位,九層/十五層,3房2廳2衛,54.1,1609,34.5,-3.8,2024-03-14,坡道平面,
高鐵特區,113S3,2020-06-04,高鐵八路,RPVNMLNJOHJGFBJ78DA,高鐵八路６０號,新竹縣竹北市高鐵八路６０號十四樓之一,住宅大樓(11層含以上有電梯),房地(土地+建物)+車位,十四層/十五層,4房2廳2衛,77.6,2291,36.0,-3.8,2024-03-14,坡道平面,
高鐵特區,113S3,2020-06-04,高鐵八路,RPXNMLNJOHJGFBJ98DA,高鐵八路６０號,新竹縣竹北市高鐵八路６０號十四樓之二,住宅大樓(11層含以上有電梯),房地(土地+建物)+車位,十四層/十五層,4房2廳2衛,80.9,2418,36.2,-3.8,2024-03-14,坡道平面,
高鐵特區,113S3,2020-06-04,高鐵八路,RPPOMLNJOHJGFBJ28DA,高鐵八路６２號,新竹縣竹北市高鐵八路６２號十三樓之一,住宅大樓(11層含以上有電梯),房地(土地+建物)+車位,十三層/十五層,3房2廳2衛,56.7,1771,35.9,-3.8,2024-03-14,坡道平面,
高鐵特區,113S3,2020-06-04,高鐵八路,RPQSMLSLNHJGFBJ76DA,高鐵八路６０號,新竹縣竹北市高鐵八路６０號九樓之一,住宅大樓(11層含以上有電梯),房地(土地+建物)+車位,九層/十五層,4房2廳2衛,77.5,2280,35.5,-3.8,2024-03-14,坡道平面,
高鐵特區,113S3,2020-06-04,高鐵八路,RPSSMLSLNHJGFBJ96DA,高鐵八路６０號,新竹縣竹北市高鐵八路６０號六樓之二,住宅大樓(11層含以上有電梯),房地(土地+建物)+車位,六層/十五層,4房2廳2衛,80.8,2369,35.4,-3.8,2024-03-14,坡道平面,110年6月4日換約，換約價格新台幣2802萬元整。
高鐵特區,113S3,2020-06-04,高鐵八路,RPSUMLSLNHJGFBJ17DA,高鐵八路６２號,新竹縣竹北市高鐵八路６２號十一樓之三,住宅大樓(11層含以上有電梯),房地(土地+建物)+車位,十一層/十五層,3房2廳2衛,53.8,1628,34.7,-3.8,2024-03-14,坡道平面,
高鐵特區,113S3,2020-06-04,高鐵八路,RPROMLKLOHJGFBJ38DA,高鐵八路５６號,新竹縣竹北市高鐵八路５６號十三樓之一,住宅大樓(11層含以上有電梯),房地(土地+建物)+車位,十三層/十五層,3房2廳2衛,67.0,1894,35.9,-3.8,2024-03-14,坡道平面,
高鐵特區,113S3,2020-06-05,高鐵八路,RPTOMLRLNHJGFBJ56DA,高鐵八路５６號,新竹縣竹北市高鐵八路５６號十五樓之二,住宅大樓(11層含以上有電梯),房地(土地+建物)+車位,十五層/十五層,3房2廳2衛,68.2,1932,36.0,-3.8,2024-03-14,坡道平面,
高鐵特區,113S3,2020-06-05,高鐵八路,RPOQMLRLNHJGFBJ88DA,高鐵八路５２號,新竹縣竹北市高鐵八路５２號十三樓之一,住宅大樓(11層含以上有電梯),房地(土地+建物)+車位,十三層/十五層,3房2廳2衛,52.6,1589,34.7,-3.8,2024-03-14,坡道平面,110年6月8日換約，換約價格新台幣1728萬元整。
高鐵特區,113S3,2020-06-05,高鐵八路,RPUQMLRLNHJGFBJ86DA,高鐵八路６０號,新竹縣竹北市高鐵八路６０號十樓之一,住宅大樓(11層含以上有電梯),房地(土地+建物)+車位,十層/十五層,4房2廳2衛,77.5,2265,35.6,-3.8,2024-03-14,坡道平面,
高鐵特區,113S3,2020-06-05,高鐵八路,RPVQMLRLNHJGFBJ96DA,高鐵八路６０號,新竹縣竹北市高鐵八路６０號十四樓之三,住宅大樓(11層含以上有電梯),房地(土地+建物)+車位,十四層/十五層,4房2廳2衛,74.0,2160,36.0,-3.8,2024-03-14,坡道平面,
高鐵特區,113S3,2020-06-05,高鐵八路,RPWQMLRLNHJGFBJ07DA,高鐵八路６２號,新竹縣竹北市高鐵八路６２號八樓之一,住宅大樓(11層含以上有電梯),房地(土地+建物)+車位,八層/十五層,3房2廳2衛,56.2,1746,35.4,-3.8,2024-03-14,坡道平面,
高鐵特區,113S3,2020-06-05,高鐵八路,RPURMLRLNHJGFBJ96DA,高鐵八路５６號,新竹縣竹北市高鐵八路５６號十樓之三,住宅大樓(11層含以上有電梯),房地(土地+建物)+車位,十層/十五層,3房2廳2衛,51.4,1514,33.9,-3.8,2024-03-14,坡道平面,
高鐵特區,113S3,2020-06-05,高鐵八路,RPXOMLSLNHJGFBJ07DA,高鐵八路５２號,新竹縣竹北市高鐵八路５２號十一樓之二,住宅大樓(11層含以上有電梯),房地(土地+建物)+車位,十一層/十五層,3房2廳2衛,52.9,1599,34.5,-3.8,2024-03-14,坡道平面,110年6月7日換約，換約價格新台幣1888萬元整。
高鐵特區,113S3,2020-06-05,高鐵八路,RPPRMLSLNHJGFBJ56DA,高鐵八路５８號,新竹縣竹北市高鐵八路５８號八樓之二,住宅大樓(11層含以上有電梯),房地(土地+建物)+車位,八層/十五層,3房2廳2衛,53.9,1676,35.5,-3.8,2024-03-14,坡道平面,
高鐵特區,113S3,2020-06-05,高鐵八路,RPUTMLSLNHJGFBJ27DA,高鐵八路６２號,新竹縣竹北市高鐵八路６２號十樓之一,住宅大樓(11層含以上有電梯),房地(土地+建物)+車位,十層/十五層,3房2廳2衛,56.2,1745,35.6,-3.8,2024-03-14,坡道平面,
高鐵特區,113S3,2020-06-05,高鐵八路,RPXPMLKLOHJGFBJ09DA,高鐵八路５２號,新竹縣竹北市高鐵八路５２號十五樓之三,住宅大樓(11層含以上有電梯),房地(土地+建物)+車位,十五層/十五層,3房2廳2衛,52.0,1536,34.5,-3.8,2024-03-14,坡道平面,
高鐵特區,113S3,2020-06-05,高鐵八路,RPVOMLSLNHJGFBJ86DA,高鐵八路５２號,新竹縣竹北市高鐵八路５２號十樓之一,住宅大樓(11層含以上有電梯),房地(土地+建物)+車位,十層/十五層,3房2廳2衛,52.5,1573,34.4,-3.8,2024-03-14,坡道平面,
高鐵特區,113S3,2020-06-05,高鐵八路,RPWNMLKLOHJGFBJ78DA,高鐵八路５２號,新竹縣竹北市高鐵八路５２號十五樓之五,住宅大樓(11層含以上有電梯),房地(土地+建物)+車位,十五層/十五層,3房2廳2衛,54.4,1669,35.8,-3.8,2024-03-14,坡道平面,
高鐵特區,113S3,2020-06-05,高鐵八路,RPOQMLKLOHJGFBJ28DA,高鐵八路５６號,新竹縣竹北市高鐵八路５６號十四樓之二,住宅大樓(11層含以上有電梯),房地(土地+建物)+車位,十四層/十五層,3房2廳2衛,57.2,1817,36.0,-3.8,2024-03-14,坡道平面,
高鐵特區,113S3,2020-06-05,高鐵八路,RPQNMLLLOHJGFBJ28DA,高鐵八路５８號,新竹縣竹北市高鐵八路５８號十四樓之二,住宅大樓(11層含以上有電梯),房地(土地+建物)+車位,十四層/十五層,3房2廳2衛,53.9,1695,36.1,-3.8,2024-03-14,坡道平面,
高鐵特區,113S3,2020-06-05,高鐵八路,RPSNMLMKPHJGFBJ58DA,高鐵八路５８號,新竹縣竹北市高鐵八路５８號十樓之二,住宅大樓(11層含以上有電梯),房地(土地+建物)+車位,十層/十五層,3房2廳2衛,53.9,1664,35.7,-3.8,2024-03-14,坡道平面,1.110年6月11日換約，換約價格新台幣1920萬元整。2.房地總價款折讓新台幣40000元。
高鐵特區,113S3,2020-06-06,高鐵八路,RPRQMLNJNHJGFBJ58DA,高鐵八路５２號,新竹縣竹北市高鐵八路５２號四樓之二,住宅大樓(11層含以上有電梯),房地(土地+建物)+車位,四層/十五層,3房2廳2衛,52.9,1556,33.7,-3.8,2024-03-14,坡道平面,
高鐵特區,113S3,2020-06-06,高鐵八路,RPOOMLPJNHJGFBJ28DA,高鐵八路５２號,新竹縣竹北市高鐵八路５２號五樓之五,住宅大樓(11層含以上有電梯),房地(土地+建物)+車位,五層/十五層,3房2廳2衛,54.4,1628,34.9,-3.8,2024-03-14,坡道平面,
高鐵特區,113S3,2020-06-06,高鐵八路,RPQOMLRLNHJGFBJ88DA,高鐵八路５６號,新竹縣竹北市高鐵八路５６號十一樓之一,住宅大樓(11層含以上有電梯),房地(土地+建物)+車位,十一層/十五層,3房2廳2衛,55.9,1747,35.7,-3.8,2024-03-14,坡道平面,
高鐵特區,113S3,2020-06-06,高鐵八路,RPSOMLRLNHJGFBJ09DA,高鐵八路５６號,新竹縣竹北市高鐵八路５６號十一樓之二,住宅大樓(11層含以上有電梯),房地(土地+建物)+車位,十一層/十五層,3房2廳2衛,57.1,1790,35.7,-3.8,2024-03-14,坡道平面,
高鐵特區,113S3,2020-06-06,高鐵八路,RPTPMLRLNHJGFBJ66DA,高鐵八路６２號,新竹縣竹北市高鐵八路６２號十二樓之一,住宅大樓(11層含以上有電梯),房地(土地+建物)+車位,十二層/十五層,3房2廳2衛,67.3,1909,35.8,-3.8,2024-03-14,坡道平面,
高鐵特區,113S3,2020-06-06,高鐵八路,RPUPMLRLNHJGFBJ76DA,高鐵八路６２號,新竹縣竹北市高鐵八路６２號五樓之二,住宅大樓(11層含以上有電梯),房地(土地+建物)+車位,五層/十五層,3房2廳2衛,54.1,1651,35.0,-3.8,2024-03-14,坡道平面,
高鐵特區,113S3,2020-06-06,高鐵八路,RPSQMLRLNHJGFBJ66DA,高鐵八路５８號,新竹縣竹北市高鐵八路５８號三樓之一,住宅大樓(11層含以上有電梯),房地(土地+建物)+車位,三層/十五層,3房2廳2衛,54.2,1591,33.7,-3.8,2024-03-14,坡道平面,
高鐵特區,113S3,2020-06-06,高鐵八路,RPXQMLRLNHJGFBJ17DA,高鐵八路６２號,新竹縣竹北市高鐵八路６２號十三樓之二,住宅大樓(11層含以上有電梯),房地(土地+建物)+車位,十三層/十五層,3房2廳2衛,54.1,1678,35.8,-3.8,2024-03-14,坡道平面,1.110年5月21日換名，換約價格新台幣1678萬元整。2.110年6月16日換約，換約價格新台幣2100萬元整。
高鐵特區,113S3,2020-06-06,高鐵八路,RPPOMLSLNHJGFBJ88DA,高鐵八路６０號,新竹縣竹北市高鐵八路６０號九樓之三,住宅大樓(11層含以上有電梯),房地(土地+建物)+車位,九層/十五層,4房2廳2衛,73.9,2151,35.5,-3.8,2024-03-14,坡道平面,
高鐵特區,113S3,2020-06-06,高鐵八路,RPWOMLRLNHJGFBJ86DA,高鐵八路５８號,新竹縣竹北市高鐵八路５８號十二樓之二,住宅大樓(11層含以上有電梯),房地(土地+建物)+車位,十二層/十五層,3房2廳2衛,53.9,1673,35.9,-3.8,2024-03-14,坡道平面,
高鐵特區,113S3,2020-06-06,高鐵八路,RPXQMLSLNHJGFBJ27DA,高鐵八路５８號,新竹縣竹北市高鐵八路５８號九樓之一,住宅大樓(11層含以上有電梯),房地(土地+建物)+車位,九層/十五層,3房2廳2衛,54.2,1683,35.6,-3.8,2024-03-14,坡道平面,
高鐵特區,113S3,2020-06-06,高鐵八路,RPRRMLSLNHJGFBJ76DA,高鐵八路５８號,新竹縣竹北市高鐵八路５８號十一樓之一,住宅大樓(11層含以上有電梯),房地(土地+建物)+車位,十一層/十五層,3房2廳2衛,54.2,1691,35.8,-3.8,2024-03-14,坡道平面,110年6月7日換約，換約價格新台幣1985萬元整。
高鐵特區,113S3,2020-06-06,高鐵八路,RPURMLSLNHJGFBJ07DA,高鐵八路５８號,新竹縣竹北市高鐵八路５８號十樓之五,住宅大樓(11層含以上有電梯),房地(土地+建物)+車位,十層/十五層,2房2廳2衛,44.3,1306,35.1,-3.8,2024-03-14,坡道平面,1.110年5月20日換名，換名價格新台幣1306萬元整。2.110年6月30日換約，換約價格新台幣1630萬元整。
高鐵特區,113S3,2020-06-06,高鐵八路,RPVSMLSLNHJGFBJ27DA,高鐵八路６０號,新竹縣竹北市高鐵八路６０號十樓之二,住宅大樓(11層含以上有電梯),房地(土地+建物)+車位,十層/十五層,4房2廳2衛,80.8,2392,35.8,-3.8,2024-03-14,坡道平面,
高鐵特區,113S3,2020-06-06,高鐵八路,RPRTMLSLNHJGFBJ96DA,高鐵八路６０號,新竹縣竹北市高鐵八路６０號十樓之三,住宅大樓(11層含以上有電梯),房地(土地+建物)+車位,十層/十五層,4房2廳2衛,73.9,2116,35.6,-3.8,2024-03-14,坡道平面,
高鐵特區,113S3,2020-06-06,高鐵八路,RPQOMLNJOHJGFBJ38DA,高鐵八路６２號,新竹縣竹北市高鐵八路６２號十二樓之二,住宅大樓(11層含以上有電梯),房地(土地+建物)+車位,十二層/十五層,3房2廳2衛,54.1,1671,35.7,-3.8,2024-03-14,坡道平面,110年6月18日換約，換約價格新台幣1871萬元整。
高鐵特區,113S3,2020-06-06,高鐵八路,RPPOMLKLOHJGFBJ18DA,高鐵八路５２號,新竹縣竹北市高鐵八路５２號十四樓之三,住宅大樓(11層含以上有電梯),房地(土地+建物)+車位,十四層/十五層,3房2廳2衛,51.6,1536,34.5,-3.8,2024-03-14,坡道平面,
高鐵特區,113S3,2020-06-06,高鐵八路,RPRRMLKLOHJGFBJ68DA,高鐵八路５２號,新竹縣竹北市高鐵八路５２號十二樓之一,住宅大樓(11層含以上有電梯),房地(土地+建物)+車位,十二層/十五層,3房2廳2衛,52.5,1552,34.6,-3.8,2024-03-14,坡道平面,
高鐵特區,113S3,2020-06-07,高鐵八路,RPVQMLNJNHJGFBJ98DA,高鐵八路５６號,新竹縣竹北市高鐵八路５６號四樓之三,住宅大樓(11層含以上有電梯),房地(土地+建物)+車位,四層/十五層,3房2廳2衛,51.4,1495,33.2,-3.8,2024-03-14,坡道平面,
高鐵特區,113S3,2020-06-07,高鐵八路,RPRUMLRKNHJGFBJ86DA,高鐵八路６０號,新竹縣竹北市高鐵八路６０號四樓之二,住宅大樓(11層含以上有電梯),房地(土地+建物)+車位,四層/十五層,4房2廳2衛,80.8,2331,35.1,-3.8,2024-03-14,坡道平面,110年6月18日換約，換約價格新台幣2341萬元整。
高鐵特區,113S3,2020-06-07,高鐵八路,RPWNMLRLNHJGFBJ76DA,高鐵八路５２號,新竹縣竹北市高鐵八路５２號八樓之三,住宅大樓(11層含以上有電梯),房地(土地+建物)+車位,八層/十五層,3房2廳2衛,51.4,1524,33.9,-3.8,2024-03-14,坡道平面,
高鐵特區,113S3,2020-06-07,高鐵八路,RPQQMLRLNHJGFBJ09DA,高鐵八路５６號,新竹縣竹北市高鐵八路５６號十三樓之二,住宅大樓(11層含以上有電梯),房地(土地+建物)+車位,十三層/十五層,3房2廳2衛,57.2,1793,35.9,-3.8,2024-03-14,坡道平面,110年6月10日換約，換約價格新台幣2055萬元整。
高鐵特區,113S3,2020-06-07,高鐵八路,RPTRMLRLNHJGFBJ86DA,高鐵八路５２號,新竹縣竹北市高鐵八路５２號十五樓之一,住宅大樓(11層含以上有電梯),房地(土地+建物)+車位,十五層/十五層,3房2廳2衛,63.7,1708,34.8,-3.8,2024-03-14,坡道平面,
高鐵特區,113S3,2020-06-07,高鐵八路,RPXRMLRLNHJGFBJ27DA,高鐵八路５８號,新竹縣竹北市高鐵八路５８號九樓之二,住宅大樓(11層含以上有電梯),房地(土地+建物)+車位,九層/十五層,3房2廳2衛,64.9,1795,35.6,-3.8,2024-03-14,坡道平面,
高鐵特區,113S3,2020-06-07,高鐵八路,RPUNMLSLNHJGFBJ66DA,高鐵八路５６號,新竹縣竹北市高鐵八路５６號五樓之五,住宅大樓(11層含以上有電梯),房地(土地+建物)+車位,五層/十五層,3房2廳2衛,50.0,1448,33.4,-3.8,2024-03-14,坡道平面,
高鐵特區,113S3,2020-06-07,高鐵八路,RPOPMLSLNHJGFBJ88DA,高鐵八路５２號,新竹縣竹北市高鐵八路５２號十樓之五,住宅大樓(11層含以上有電梯),房地(土地+建物)+車位,十層/十五層,3房2廳2衛,54.4,1669,35.4,-3.8,2024-03-14,坡道平面,
高鐵特區,113S3,2020-06-07,高鐵八路,RPQTMLSLNHJGFBJ86DA,高鐵八路６０號,新竹縣竹北市高鐵八路６０號四樓之三,住宅大樓(11層含以上有電梯),房地(土地+建物)+車位,四層/十五層,4房2廳2衛,73.9,2100,34.9,-3.8,2024-03-14,坡道平面,
高鐵特區,113S3,2020-06-07,高鐵八路,RPSTMLSLNHJGFBJ07DA,高鐵八路６２號,新竹縣竹北市高鐵八路６２號四樓之一,住宅大樓(11層含以上有電梯),房地(土地+建物)+車位,四層/十五層,3房2廳2衛,56.6,1723,34.9,-3.8,2024-03-14,坡道平面,
高鐵特區,113S3,2020-06-07,高鐵八路,RPPUMLSLNHJGFBJ86DA,高鐵八路６２號,新竹縣竹北市高鐵八路６２號八樓之三,住宅大樓(11層含以上有電梯),房地(土地+建物)+車位,八層/十五層,3房2廳2衛,64.8,1780,34.4,-3.8,2024-03-14,坡道平面,
高鐵特區,113S3,2020-06-07,高鐵八路,RPQOMLKLOHJGFBJ28DA,高鐵八路５６號,新竹縣竹北市高鐵八路５６號十二樓之一,住宅大樓(11層含以上有電梯),房地(土地+建物)+車位,十二層/十五層,3房2廳2衛,55.9,1741,35.8,-3.8,2024-03-14,坡道平面,
高鐵特區,113S3,2020-06-07,高鐵八路,RPTOMLSLNHJGFBJ66DA,高鐵八路５２號,新竹縣竹北市高鐵八路５２號八樓之一,住宅大樓(11層含以上有電梯),房地(土地+建物)+車位,八層/十五層,3房2廳2衛,52.5,1555,34.2,-3.8,2024-03-14,坡道平面,
高鐵特區,113S3,2020-06-07,高鐵八路,RPPQMLSLNHJGFBJ09DA,高鐵八路５６號,新竹縣竹北市高鐵八路５６號四樓之五,住宅大樓(11層含以上有電梯),房地(土地+建物)+車位,四層/十五層,3房2廳2衛,50.0,1430,33.2,-3.8,2024-03-14,坡道平面,
高鐵特區,113S3,2020-06-07,高鐵八路,RPPSMLSLNHJGFBJ66DA,高鐵八路６０號,新竹縣竹北市高鐵八路６０號八樓之一,住宅大樓(11層含以上有電梯),房地(土地+建物)+車位,八層/十五層,4房2廳2衛,77.5,2274,35.4,-3.8,2024-03-14,坡道平面,
高鐵特區,113S3,2020-06-07,高鐵八路,RPVTMLSLNHJGFBJ37DA,高鐵八路６２號,新竹縣竹北市高鐵八路６２號十一樓之一,住宅大樓(11層含以上有電梯),房地(土地+建物)+車位,十一層/十五層,3房2廳2衛,56.2,1769,35.7,-3.8,2024-03-14,坡道平面,
高鐵特區,113S3,2020-06-07,高鐵八路,RPTNMLKLOHJGFBJ48DA,高鐵八路５２號,新竹縣竹北市高鐵八路５２號十二樓之五,住宅大樓(11層含以上有電梯),房地(土地+建物)+車位,十二層/十五層,3房2廳2衛,65.4,1803,35.6,-3.8,2024-03-14,坡道平面,
高鐵特區,113S3,2020-06-07,高鐵八路,RPPRMLKLOHJGFBJ48DA,高鐵八路６２號,新竹縣竹北市高鐵八路６２號十三樓之三,住宅大樓(11層含以上有電梯),房地(土地+建物)+車位,十三層/十五層,3房2廳2衛,53.8,1636,34.9,-3.8,2024-03-14,坡道平面,
高鐵特區,113S3,2020-06-08,高鐵八路,RPSPMLRLNHJGFBJ56DA,高鐵八路６０號,新竹縣竹北市高鐵八路６０號十三樓之二,住宅大樓(11層含以上有電梯),房地(土地+建物)+車位,十三層/十五層,4房2廳2衛,80.9,2392,36.1,-3.8,2024-03-14,坡道平面,
高鐵特區,113S3,2020-06-08,高鐵八路,RPTQMLRLNHJGFBJ76DA,高鐵八路５８號,新竹縣竹北市高鐵八路５８號九樓之三,住宅大樓(11層含以上有電梯),房地(土地+建物)+車位,九層/十五層,2房2廳2衛,44.3,1326,35.5,-3.8,2024-03-14,坡道平面,110年6月8日換約，換約價格新台幣1630萬元整。
高鐵特區,113S3,2020-06-08,高鐵八路,RPVRMLRLNHJGFBJ07DA,高鐵八路５６號,新竹縣竹北市高鐵八路５６號十一樓之三,住宅大樓(11層含以上有電梯),房地(土地+建物)+車位,十一層/十五層,3房2廳2衛,51.4,1528,34.0,-3.8,2024-03-14,坡道平面,
高鐵特區,113S3,2020-06-08,高鐵八路,RPWRMLRLNHJGFBJ17DA,高鐵八路５８號,新竹縣竹北市高鐵八路５８號十樓之一,住宅大樓(11層含以上有電梯),房地(土地+建物)+車位,十層/十五層,3房2廳2衛,54.2,1687,35.7,-3.8,2024-03-14,坡道平面,110年6月10日換約，換約價格新台幣1868萬元整。
高鐵特區,113S3,2020-06-08,高鐵八路,RPPPMLSLNHJGFBJ98DA,高鐵八路５２號,新竹縣竹北市高鐵八路５２號十一樓之五,住宅大樓(11層含以上有電梯),房地(土地+建物)+車位,十一層/十五層,3房2廳2衛,54.4,1674,35.5,-3.8,2024-03-14,坡道平面,
高鐵特區,113S3,2020-06-08,高鐵八路,RPROMLNJOHJGFBJ48DA,高鐵八路６２號,新竹縣竹北市高鐵八路６２號十四樓之二,住宅大樓(11層含以上有電梯),房地(土地+建物)+車位,十四層/十五層,3房2廳2衛,54.5,1682,35.9,-3.8,2024-03-14,坡道平面,
高鐵特區,113S3,2020-06-08,高鐵八路,RPTNMLSLNHJGFBJ56DA,高鐵八路５２號,新竹縣竹北市高鐵八路５２號九樓之五,住宅大樓(11層含以上有電梯),房地(土地+建物)+車位,九層/十五層,3房2廳2衛,54.4,1685,35.3,-3.8,2024-03-14,坡道平面,110年6月22日換約，換約價格新台幣1985萬元整。
高鐵特區,113S3,2020-06-08,高鐵八路,RPROMLSLNHJGFBJ09DA,高鐵八路６２號,新竹縣竹北市高鐵八路６２號十五樓之三,住宅大樓(11層含以上有電梯),房地(土地+建物)+車位,十五層/十五層,3房2廳2衛,53.8,1650,35.0,-3.8,2024-03-14,坡道平面,
高鐵特區,113S3,2020-06-08,高鐵八路,RPVQMLSLNHJGFBJ07DA,高鐵八路５６號,新竹縣竹北市高鐵八路５６號十樓之五,住宅大樓(11層含以上有電梯),房地(土地+建物)+車位,十層/十五層,3房2廳2衛,50.0,1458,33.9,-3.8,2024-03-14,坡道平面,
高鐵特區,113S3,2020-06-08,高鐵八路,RPXRMLSLNHJGFBJ37DA,高鐵八路５８號,新竹縣竹北市高鐵八路５８號十一樓之三,住宅大樓(11層含以上有電梯),房地(土地+建物)+車位,十一層/十五層,2房2廳2衛,44.3,1323,35.7,-3.8,2024-03-14,坡道平面,
高鐵特區,113S3,2020-06-08,高鐵八路,RPRSMLSLNHJGFBJ86DA,高鐵八路６０號,新竹縣竹北市高鐵八路６０號十一樓之一,住宅大樓(11層含以上有電梯),房地(土地+建物)+車位,十一層/十五層,4房2廳2衛,77.5,2251,35.7,-3.8,2024-03-14,坡道平面,
高鐵特區,113S3,2020-06-08,高鐵八路,RPRQMLKLOHJGFBJ58DA,高鐵八路５８號,新竹縣竹北市高鐵八路５８號十四樓之五,住宅大樓(11層含以上有電梯),房地(土地+建物)+車位,十四層/十五層,2房2廳2衛,44.3,1319,35.5,-3.8,2024-03-14,坡道平面,
高鐵特區,113S3,2020-06-08,高鐵八路,RPVQMLKLOHJGFBJ98DA,高鐵八路６２號,新竹縣竹北市高鐵八路６２號十五樓之二,住宅大樓(11層含以上有電梯),房地(土地+建物)+車位,十五層/十五層,3房2廳2衛,54.1,1682,35.9,-3.8,2024-03-14,坡道平面,
高鐵特區,113S3,2020-06-08,高鐵八路,RPRNMLLLOHJGFBJ38DA,高鐵八路６０號,新竹縣竹北市高鐵八路６０號三樓之一,住宅大樓(11層含以上有電梯),房地(土地+建物)+車位,三層/十五層,4房2廳2衛,77.5,2135,33.6,-3.8,2024-03-14,坡道平面,
高鐵特區,113S3,2020-06-09,高鐵八路,RPWUMLPKNHJGFBJ17DA,高鐵八路５６號,新竹縣竹北市高鐵八路５６號七樓之三,住宅大樓(11層含以上有電梯),房地(土地+建物)+車位,七層/十五層,3房2廳2衛,51.4,1501,33.6,-3.8,2024-03-14,坡道平面,
高鐵特區,113S3,2020-06-09,高鐵八路,RPVNMLRLNHJGFBJ66DA,高鐵八路５２號,新竹縣竹北市高鐵八路５２號九樓之二,住宅大樓(11層含以上有電梯),房地(土地+建物)+車位,九層/十五層,3房2廳2衛,52.9,1581,34.3,-3.8,2024-03-14,坡道平面,
高鐵特區,113S3,2020-06-09,高鐵八路,RPROMLRLNHJGFBJ98DA,高鐵八路５６號,新竹縣竹北市高鐵八路５６號十五樓之一,住宅大樓(11層含以上有電梯),房地(土地+建物)+車位,十五層/十五層,3房2廳2衛,56.0,1773,36.0,-3.8,2024-03-14,坡道平面,
高鐵特區,113S3,2020-06-09,高鐵八路,RPRNMLSLNHJGFBJ98DA,高鐵八路５２號,新竹縣竹北市高鐵八路５２號八樓之五,住宅大樓(11層含以上有電梯),房地(土地+建物)+車位,八層/十五層,3房2廳2衛,54.4,1671,35.2,-3.8,2024-03-14,坡道平面,
高鐵特區,113S3,2020-06-09,高鐵八路,RPQUMLSLNHJGFBJ96DA,高鐵八路６２號,新竹縣竹北市高鐵八路６２號八樓之二,住宅大樓(11層含以上有電梯),房地(土地+建物)+車位,八層/十五層,3房2廳2衛,54.1,1654,35.3,-3.8,2024-03-14,坡道平面,110年6月28日換約，換約價格新台幣2040萬元整。
高鐵特區,113S3,2020-06-09,高鐵八路,RPRNMLNJOHJGFBJ38DA,高鐵八路５２號,新竹縣竹北市高鐵八路５２號十二樓之三,住宅大樓(11層含以上有電梯),房地(土地+建物)+車位,十二層/十五層,3房2廳2衛,51.4,1520,34.3,-3.8,2024-03-14,坡道平面,
高鐵特區,113S3,2020-06-09,高鐵八路,RPPRMLRLNHJGFBJ09DA,高鐵八路６２號,新竹縣竹北市高鐵八路６２號十樓之三,住宅大樓(11層含以上有電梯),房地(土地+建物)+車位,十層/十五層,3房2廳2衛,54.1,1613,34.6,-3.8,2024-03-14,坡道平面,
高鐵特區,113S3,2020-06-09,高鐵八路,RPVNMLKLOHJGFBJ68DA,高鐵八路５２號,新竹縣竹北市高鐵八路５２號十四樓之五,住宅大樓(11層含以上有電梯),房地(土地+建物)+車位,十四層/十五層,3房2廳2衛,65.5,1794,35.8,-3.8,2024-03-14,坡道平面,
高鐵特區,113S3,2020-06-09,高鐵八路,RPXNMLKLOHJGFBJ88DA,高鐵八路５２號,新竹縣竹北市高鐵八路５２號十三樓之三,住宅大樓(11層含以上有電梯),房地(土地+建物)+車位,十三層/十五層,3房2廳2衛,51.6,1552,34.4,-3.8,2024-03-14,坡道平面,
高鐵特區,113S3,2020-06-09,高鐵八路,RPWOMLKLOHJGFBJ88DA,高鐵八路５６號,新竹縣竹北市高鐵八路５６號十四樓之五,住宅大樓(11層含以上有電梯),房地(土地+建物)+車位,十四層/十五層,3房2廳2衛,50.0,1483,34.3,-3.8,2024-03-14,坡道平面,1.110年6月11日換約，換約價格新台幣1600萬元整。
高鐵特區,113S3,2020-06-09,高鐵八路,RPQPMLKLOHJGFBJ38DA,高鐵八路５８號,新竹縣竹北市高鐵八路５８號十四樓之一,住宅大樓(11層含以上有電梯),房地(土地+建物)+車位,十四層/十五層,3房2廳2衛,54.3,1717,36.1,-3.8,2024-03-14,坡道平面,
高鐵特區,113S3,2020-06-09,高鐵八路,RPSPMLMKPHJGFBJ78DA,高鐵八路５２號,新竹縣竹北市高鐵八路５２號十三樓之二,住宅大樓(11層含以上有電梯),房地(土地+建物)+車位,十三層/十五層,3房2廳2衛,53.0,1594,34.7,-3.8,2024-03-14,坡道平面,1.110年10月1日換約，換約價格新台幣1594萬元整。
高鐵特區,113S3,2020-06-10,高鐵八路,RPRRMLRKNHJGFBJ56DA,高鐵八路５６號,新竹縣竹北市高鐵八路５６號三樓之二,住宅大樓(11層含以上有電梯),房地(土地+建物)+車位,三層/十五層,3房2廳2衛,57.1,1684,33.6,-3.8,2024-03-14,坡道平面,
高鐵特區,113S3,2020-06-10,高鐵八路,RPVOMLRLNHJGFBJ76DA,高鐵八路５８號,新竹縣竹北市高鐵八路５８號十三樓之一,住宅大樓(11層含以上有電梯),房地(土地+建物)+車位,十三層/十五層,3房2廳2衛,54.3,1703,36.0,-3.8,2024-03-14,坡道平面,
高鐵特區,113S3,2020-06-10,高鐵八路,RPOQMLSLNHJGFBJ98DA,高鐵八路５６號,新竹縣竹北市高鐵八路５６號十樓之二,住宅大樓(11層含以上有電梯),房地(土地+建物)+車位,十層/十五層,3房2廳2衛,57.1,1786,35.6,-3.8,2024-03-14,坡道平面,其他 家電:40000元；
高鐵特區,113S3,2020-06-10,高鐵八路,RPSQMLSLNHJGFBJ76DA,高鐵八路５６號,新竹縣竹北市高鐵八路５６號九樓之五,住宅大樓(11層含以上有電梯),房地(土地+建物)+車位,九層/十五層,3房2廳2衛,50.0,1454,33.8,-3.8,2024-03-14,坡道平面,1.110年5月14日換名，換名價格新台幣1454萬元整。2.110年6月25日換約，換約價格新台幣1875萬元整。
高鐵特區,113S3,2020-06-10,高鐵八路,RPSNMLNJOHJGFBJ48DA,高鐵八路５６號,新竹縣竹北市高鐵八路５６號十三樓之五,住宅大樓(11層含以上有電梯),房地(土地+建物)+車位,十三層/十五層,3房2廳2衛,50.0,1489,34.2,-3.8,2024-03-14,坡道平面,
高鐵特區,113S3,2020-06-10,高鐵八路,RPRQMLSLNHJGFBJ66DA,高鐵八路５６號,新竹縣竹北市高鐵八路５６號八樓之五,住宅大樓(11層含以上有電梯),房地(土地+建物)+車位,八層/十五層,3房2廳2衛,50.0,1450,33.7,-3.8,2024-03-14,坡道平面,110年6月24日換約，換約價格新台幣1940萬元整。
高鐵特區,113S3,2020-06-10,高鐵八路,RPUOMLKLOHJGFBJ68DA,高鐵八路５６號,新竹縣竹北市高鐵八路５６號十二樓之五,住宅大樓(11層含以上有電梯),房地(土地+建物)+車位,十二層/十五層,3房2廳2衛,50.0,1485,34.1,-3.8,2024-03-14,坡道平面,1.110年6月21日換約，換約價格新台幣1515萬元整。
高鐵特區,113S3,2020-06-10,高鐵八路,RPSNMLOLOHJGFBJ78DA,高鐵八路５８號,新竹縣竹北市高鐵八路５８號十三樓之三,住宅大樓(11層含以上有電梯),房地(土地+建物)+車位,十三層/十五層,2房2廳2衛,44.3,1330,35.9,-3.8,2024-03-14,坡道平面,1.110年6月17日換約，換約價格新台幣1420萬元整。
高鐵特區,113S3,2020-06-11,高鐵八路,RPQRMLSLNHJGFBJ66DA,高鐵八路５８號,新竹縣竹北市高鐵八路５８號十一樓之二,住宅大樓(11層含以上有電梯),房地(土地+建物)+車位,十一層/十五層,3房2廳2衛,53.9,1679,35.8,-3.8,2024-03-14,坡道平面,
高鐵特區,113S3,2020-06-11,高鐵八路,RPOOMLNJOHJGFBJ18DA,高鐵八路６０號,新竹縣竹北市高鐵八路６０號十三樓之三,住宅大樓(11層含以上有電梯),房地(土地+建物)+車位,十三層/十五層,4房2廳2衛,74.0,2175,35.9,-3.8,2024-03-14,坡道平面,
高鐵特區,113S3,2020-06-11,高鐵八路,RPUOMLLLOHJGFBJ78DA,高鐵八路５２號,新竹縣竹北市高鐵八路５２號十樓之三,住宅大樓(11層含以上有電梯),房地(土地+建物)+車位,十層/十五層,3房2廳2衛,51.4,1522,34.1,-3.8,2024-03-14,坡道平面,1.110年6月11日換約，換約價格新台幣1790萬元整。
高鐵特區,113S3,2020-06-11,高鐵八路,RPSRMLSLNHJGFBJ86DA,高鐵八路５８號,新竹縣竹北市高鐵八路５８號八樓之五,住宅大樓(11層含以上有電梯),房地(土地+建物)+車位,八層/十五層,2房2廳2衛,44.3,1299,34.9,-3.8,2024-03-14,坡道平面,110年6月28日換約，換約價格新台幣1680萬元整。
高鐵特區,113S3,2020-06-11,高鐵八路,RPUSMLSLNHJGFBJ17DA,高鐵八路６０號,新竹縣竹北市高鐵八路６０號九樓之二,住宅大樓(11層含以上有電梯),房地(土地+建物)+車位,九層/十五層,4房2廳2衛,80.8,2386,35.7,-3.8,2024-03-14,坡道平面,
高鐵特區,113S3,2020-06-12,高鐵八路,RPPSMLOKNHJGFBJ78DA,高鐵八路５２號,新竹縣竹北市高鐵八路５２號三樓之一,住宅大樓(11層含以上有電梯),房地(土地+建物)+車位,三層/十五層,3房2廳2衛,52.5,1480,31.9,-3.8,2024-03-14,坡道平面,
高鐵特區,113S3,2020-06-12,高鐵八路,RPWPMLRLNHJGFBJ96DA,高鐵八路５６號,新竹縣竹北市高鐵八路５６號十四樓之三,住宅大樓(11層含以上有電梯),房地(土地+建物)+車位,十四層/十五層,3房2廳2衛,51.4,1520,34.3,-3.8,2024-03-14,坡道平面,1.109年8月27日換約，換約價格新台幣1520萬元整。親屬間轉售2.110年6月17日換約，換約價格新台幣1720萬
高鐵特區,113S3,2020-06-12,高鐵八路,RPPQMLRLNHJGFBJ98DA,高鐵八路５２號,新竹縣竹北市高鐵八路５２號八樓之二,住宅大樓(11層含以上有電梯),房地(土地+建物)+車位,八層/十五層,3房2廳2衛,52.9,1576,34.2,-3.8,2024-03-14,坡道平面,
高鐵特區,113S3,2020-06-12,高鐵八路,RPVNMLSLNHJGFBJ76DA,高鐵八路５８號,新竹縣竹北市高鐵八路５８號七樓之二,住宅大樓(11層含以上有電梯),房地(土地+建物)+車位,七層/十五層,3房2廳2衛,64.9,1807,35.4,-3.8,2024-03-14,坡道平面,
高鐵特區,113S3,2020-06-12,高鐵八路,RPWPMLSLNHJGFBJ07DA,高鐵八路５６號,新竹縣竹北市高鐵八路５６號十樓之一,住宅大樓(11層含以上有電梯),房地(土地+建物)+車位,十層/十五層,3房2廳2衛,55.9,1742,35.6,-3.8,2024-03-14,坡道平面,
高鐵特區,113S3,2020-06-12,高鐵八路,RPVRMLSLNHJGFBJ17DA,高鐵八路５８號,新竹縣竹北市高鐵八路５８號八樓之三,住宅大樓(11層含以上有電梯),房地(土地+建物)+車位,八層/十五層,2房2廳2衛,44.3,1323,35.4,-3.8,2024-03-14,坡道平面,
高鐵特區,113S3,2020-06-12,高鐵八路,RPWNMLNJOHJGFBJ88DA,高鐵八路６０號,新竹縣竹北市高鐵八路６０號十五樓之一,住宅大樓(11層含以上有電梯),房地(土地+建物)+車位,十五層/十五層,4房2廳2衛,77.6,2271,36.0,-3.8,2024-03-14,坡道平面,
高鐵特區,113S3,2020-06-12,高鐵八路,RPWNMLSLNHJGFBJ86DA,高鐵八路５８號,新竹縣竹北市高鐵八路５８號十三樓之五,住宅大樓(11層含以上有電梯),房地(土地+建物)+車位,十三層/十五層,2房2廳2衛,44.3,1316,35.4,-3.8,2024-03-14,坡道平面,
高鐵特區,113S3,2020-06-12,高鐵八路,RPSPMLSLNHJGFBJ66DA,高鐵八路５６號,新竹縣竹北市高鐵八路５６號八樓之一,住宅大樓(11層含以上有電梯),房地(土地+建物)+車位,八層/十五層,3房2廳2衛,55.9,1743,35.4,-3.8,2024-03-14,坡道平面,
高鐵特區,113S3,2020-06-12,高鐵八路,RPTPMLSLNHJGFBJ76DA,高鐵八路５６號,新竹縣竹北市高鐵八路５６號九樓之一,住宅大樓(11層含以上有電梯),房地(土地+建物)+車位,九層/十五層,3房2廳2衛,55.9,1728,35.5,-3.8,2024-03-14,坡道平面,
高鐵特區,113S3,2020-06-12,高鐵八路,RPTRMLSLNHJGFBJ96DA,高鐵八路５８號,新竹縣竹北市高鐵八路５８號九樓之五,住宅大樓(11層含以上有電梯),房地(土地+建物)+車位,九層/十五層,2房2廳2衛,44.3,1303,35.1,-3.8,2024-03-14,坡道平面,
高鐵特區,113S3,2020-06-12,高鐵八路,RPTSMLSLNHJGFBJ07DA,高鐵八路６０號,新竹縣竹北市高鐵八路６０號八樓之二,住宅大樓(11層含以上有電梯),房地(土地+建物)+車位,八層/十五層,4房2廳2衛,80.8,2321,34.6,-3.8,2024-03-14,坡道平面,房地總價款折讓新台幣60000元。
高鐵特區,113S3,2020-06-12,高鐵八路,RPXOMLKLOHJGFBJ98DA,高鐵八路５６號,新竹縣竹北市高鐵八路５６號十五樓之五,住宅大樓(11層含以上有電梯),房地(土地+建物)+車位,十五層/十五層,3房2廳2衛,50.0,1483,34.3,-3.8,2024-03-14,坡道平面,
高鐵特區,113S3,2020-06-12,高鐵八路,RPPPMLKLOHJGFBJ28DA,高鐵八路５６號,新竹縣竹北市高鐵八路５６號十五樓之三,住宅大樓(11層含以上有電梯),房地(土地+建物)+車位,十五層/十五層,3房2廳2衛,51.4,1530,34.3,-3.8,2024-03-14,坡道平面,1.109年8月28日親屬間轉售，換約價格新台幣1530萬元整。2.110年6月21日換約，換約價格新台幣1625萬元整
高鐵特區,113S3,2020-06-12,高鐵八路,RPUQMLKLOHJGFBJ88DA,高鐵八路５８號,新竹縣竹北市高鐵八路５８號十五樓之三,住宅大樓(11層含以上有電梯),房地(土地+建物)+車位,十五層/十五層,2房2廳2衛,44.3,1333,36.0,-3.8,2024-03-14,坡道平面,1.113年1月11日換約，換約價格新台幣2442萬元整。
高鐵特區,113S3,2020-06-13,高鐵八路,RPXQMLNJNHJGFBJ56DA,高鐵八路６０號,新竹縣竹北市高鐵八路６０號四樓之一,住宅大樓(11層含以上有電梯),房地(土地+建物)+車位,四層/十五層,4房2廳2衛,77.5,2217,34.9,-3.8,2024-03-14,坡道平面,
高鐵特區,113S3,2020-06-13,高鐵八路,RPPPMLRLNHJGFBJ88DA,高鐵八路５８號,新竹縣竹北市高鐵八路５８號二樓之三,住宅大樓(11層含以上有電梯),房地(土地+建物)+車位,二層/十五層,2房2廳2衛,44.3,1214,32.1,-3.8,2024-03-14,坡道平面,
高鐵特區,113S3,2020-06-13,高鐵八路,RPQPMLRLNHJGFBJ98DA,高鐵八路５８號,新竹縣竹北市高鐵八路５８號十四樓之三,住宅大樓(11層含以上有電梯),房地(土地+建物)+車位,十四層/十五層,2房2廳2衛,44.3,1343,36.0,-3.8,2024-03-14,坡道平面,
高鐵特區,113S3,2020-06-13,高鐵八路,RPRQMLRLNHJGFBJ56DA,高鐵八路５６號,新竹縣竹北市高鐵八路５６號十二樓之三,住宅大樓(11層含以上有電梯),房地(土地+建物)+車位,十二層/十五層,3房2廳2衛,51.4,1512,34.1,-3.8,2024-03-14,坡道平面,
高鐵特區,113S3,2020-06-13,高鐵八路,RPOSMLRLNHJGFBJ09DA,高鐵八路６２號,新竹縣竹北市高鐵八路６２號三樓之一,住宅大樓(11層含以上有電梯),房地(土地+建物)+車位,三層/十五層,3房2廳2衛,56.2,1655,33.6,-3.8,2024-03-14,坡道平面,
高鐵特區,113S3,2020-06-13,高鐵八路,RPTTMLSLNHJGFBJ17DA,高鐵八路６２號,新竹縣竹北市高鐵八路６２號九樓之一,住宅大樓(11層含以上有電梯),房地(土地+建物)+車位,九層/十五層,3房2廳2衛,56.2,1760,35.5,-3.8,2024-03-14,坡道平面,
高鐵特區,113S3,2020-06-13,高鐵八路,RPUNMLNJOHJGFBJ68DA,高鐵八路６０號,新竹縣竹北市高鐵八路６０號十二樓之一,住宅大樓(11層含以上有電梯),房地(土地+建物)+車位,十二層/十五層,4房2廳2衛,77.5,2276,35.8,-3.8,2024-03-14,坡道平面,
高鐵特區,113S3,2020-06-13,高鐵八路,RPQOMLSLNHJGFBJ98DA,高鐵八路６０號,新竹縣竹北市高鐵八路６０號十二樓之三,住宅大樓(11層含以上有電梯),房地(土地+建物)+車位,十二層/十五層,4房2廳2衛,84.9,2262,35.8,-3.8,2024-03-14,坡道平面,
高鐵特區,113S3,2020-06-13,高鐵八路,RPWQMLSLNHJGFBJ17DA,高鐵八路５６號,新竹縣竹北市高鐵八路５６號十一樓之五,住宅大樓(11層含以上有電梯),房地(土地+建物)+車位,十一層/十五層,3房2廳2衛,50.0,1471,34.0,-3.8,2024-03-14,坡道平面,
高鐵特區,113S3,2020-06-13,高鐵八路,RPWSMLSLNHJGFBJ37DA,高鐵八路６０號,新竹縣竹北市高鐵八路６０號十一樓之二,住宅大樓(11層含以上有電梯),房地(土地+建物)+車位,十一層/十五層,4房2廳2衛,80.8,2398,35.9,-3.8,2024-03-14,坡道平面,
高鐵特區,113S3,2020-06-13,高鐵八路,RPXQMLKLOHJGFBJ56DA,高鐵八路６２號,新竹縣竹北市高鐵八路６２號十二樓之三,住宅大樓(11層含以上有電梯),房地(土地+建物)+車位,十二層/十五層,3房2廳2衛,64.8,1757,34.8,-3.8,2024-03-14,坡道平面,
高鐵特區,113S3,2020-06-13,高鐵八路,RPTPMLMKPHJGFBJ88DA,高鐵八路６２號,新竹縣竹北市高鐵八路６２號十四樓之一,住宅大樓(11層含以上有電梯),房地(土地+建物)+車位,十四層/十五層,3房2廳2衛,56.3,1786,36.0,-3.8,2024-03-14,坡道平面,
高鐵特區,113S3,2020-06-14,高鐵八路,RPPSMLRLNHJGFBJ56DA,高鐵八路６２號,新竹縣竹北市高鐵八路６２號七樓之一,住宅大樓(11層含以上有電梯),房地(土地+建物)+車位,七層/十五層,3房2廳2衛,67.3,1906,35.3,-3.8,2024-03-14,坡道平面,
高鐵特區,113S3,2020-06-14,高鐵八路,RPRSMLRLNHJGFBJ76DA,高鐵八路６２號,新竹縣竹北市高鐵八路６２號三樓之三,住宅大樓(11層含以上有電梯),房地(土地+建物)+車位,三層/十五層,3房2廳2衛,64.8,1661,31.6,-3.8,2024-03-14,坡道平面,其他 家電:29040元；
高鐵特區,113S3,2020-06-14,高鐵八路,RPUOMLSLNHJGFBJ76DA,高鐵八路５２號,新竹縣竹北市高鐵八路５２號九樓之一,住宅大樓(11層含以上有電梯),房地(土地+建物)+車位,九層/十五層,3房2廳2衛,74.6,1829,34.3,-3.8,2024-03-14,坡道平面,
高鐵特區,113S3,2020-06-14,高鐵八路,RPWPMLKLOHJGFBJ98DA,高鐵八路５２號,新竹縣竹北市高鐵八路５２號十五樓之二,住宅大樓(11層含以上有電梯),房地(土地+建物)+車位,十五層/十五層,3房2廳2衛,53.0,1608,34.8,-3.8,2024-03-14,坡道平面,
高鐵特區,113S3,2020-06-20,高鐵八路,RPTNMLNJOHJGFBJ58DA,高鐵八路５８號,新竹縣竹北市高鐵八路５８號十五樓之二,住宅大樓(11層含以上有電梯),房地(土地+建物)+車位,十五層/十五層,3房2廳2衛,53.9,1652,35.0,-3.8,2024-03-14,坡道平面,
高鐵特區,113S3,2020-06-20,高鐵八路,RPUNMLKLOHJGFBJ58DA,高鐵八路５２號,新竹縣竹北市高鐵八路５２號十三樓之五,住宅大樓(11層含以上有電梯),房地(土地+建物)+車位,十三層/十五層,3房2廳2衛,54.4,1695,35.7,-3.8,2024-03-14,坡道平面,
高鐵特區,113S3,2020-06-22,高鐵八路,RPOTMLOKNHJGFBJ78DA,高鐵八路５２號,新竹縣竹北市高鐵八路５２號六樓之二,住宅大樓(11層含以上有電梯),房地(土地+建物)+車位,六層/十五層,3房2廳2衛,52.9,1477,32.2,-3.8,2024-03-14,坡道平面,
高鐵特區,113S3,2020-06-22,高鐵八路,RPSOMLKLOHJGFBJ48DA,高鐵八路５６號,新竹縣竹北市高鐵八路５６號十二樓之二,住宅大樓(11層含以上有電梯),房地(土地+建物)+車位,十二層/十五層,3房2廳2衛,57.1,1785,35.8,-3.8,2024-03-14,坡道平面,1.110年6月23日換約，換約價格新台幣1949萬元整。2.房地總價款折讓新台幣91820元。
高鐵特區,113S3,2020-06-22,高鐵八路,RPWPMLLLOHJGFBJ09DA,高鐵八路５２號,新竹縣竹北市高鐵八路５２號十二樓之二,住宅大樓(11層含以上有電梯),房地(土地+建物)+車位,十二層/十五層,3房2廳2衛,52.9,1603,34.6,-3.8,2024-03-14,坡道平面,1.110年6月23日換約，換約價格新台幣16713360元整。2.110年8月16日換約，換約價格新台幣1920萬元整
高鐵特區,113S3,2020-06-23,高鐵八路,RPOPMLNJNHJGFBJ18DA,高鐵八路５６號,新竹縣竹北市高鐵八路５６號二樓之三,住宅大樓(11層含以上有電梯),房地(土地+建物)+車位,二層/十五層,3房2廳2衛,51.7,1433,32.4,-3.8,2024-03-14,坡道平面,
高鐵特區,113S3,2020-06-23,高鐵八路,RPPPMLNJNHJGFBJ28DA,高鐵八路６０號,新竹縣竹北市高鐵八路６０號二樓之一,住宅大樓(11層含以上有電梯),房地(土地+建物)+車位,二層/十五層,4房2廳2衛,77.9,2136,33.6,-3.8,2024-03-14,坡道平面,
高鐵特區,113S3,2020-06-23,高鐵八路,RPOSMLOKNHJGFBJ68DA,高鐵八路６０號,新竹縣竹北市高鐵八路６０號二樓之二,住宅大樓(11層含以上有電梯),房地(土地+建物)+車位,二層/十五層,4房2廳2衛,80.7,2253,33.8,-3.8,2024-03-14,坡道平面,
高鐵特區,113S3,2020-06-25,高鐵八路,RPQSMLRKNHJGFBJ56DA,高鐵八路５８號,新竹縣竹北市高鐵八路５８號二樓之二,住宅大樓(11層含以上有電梯),房地(土地+建物)+車位,二層/十五層,3房2廳2衛,67.1,1755,33.7,-3.8,2024-03-14,坡道平面,
高鐵特區,113S3,2020-06-25,高鐵八路,RPXNMLSLNHJGFBJ96DA,高鐵八路５８號,新竹縣竹北市高鐵八路５８號三樓之三,住宅大樓(11層含以上有電梯),房地(土地+建物)+車位,三層/十五層,2房2廳2衛,44.3,1233,33.1,-3.8,2024-03-14,坡道平面,110年6月25日換約，換約價格新台幣1603萬元整。
高鐵特區,113S3,2020-06-28,高鐵八路,RPSQMLKLOHJGFBJ68DA,高鐵八路５８號,新竹縣竹北市高鐵八路５８號十二樓之三,住宅大樓(11層含以上有電梯),房地(土地+建物)+車位,十二層/十五層,2房2廳2衛,44.3,1289,34.8,-3.8,2024-03-14,坡道平面,1.110年10月27日換約，換約價格新台幣1792萬元整。2.112年5月22日換約，換約價格新台幣1792萬元整。3
高鐵特區,113S3,2020-07-02,高鐵八路,RPPNMLSLNHJGFBJ78DA,高鐵八路６２號,新竹縣竹北市高鐵八路６２號二樓之三,住宅大樓(11層含以上有電梯),房地(土地+建物)+車位,二層/十五層,3房2廳2衛,53.8,1518,32.4,-3.7,2024-03-14,坡道平面,
高鐵特區,113S3,2020-07-05,高鐵東一路,RPSOMLSLNHJGFBJ56DA,高鐵東一路３３號,新竹縣竹北市高鐵東一路３３號,住宅大樓(11層含以上有電梯),房地(土地+建物)+車位,一層/十五層,0房0廳0衛,70.6,2820,53.1,-3.7,2024-03-14,坡道平面,
高鐵特區,113S3,2020-11-10,光明六路東二段,RPWQMLMLJHJGFBJ78DA,光明六路東二段６３７號,新竹縣竹北市光明六路東二段６３７號二樓之二,住宅大樓(11層含以上有電梯),房地(土地+建物)+車位,二層/十五層,3房2廳2衛,44.2,1295,32.9,-3.1,2023-12-15,坡道平面,預售屋、或土地及建物分件登記案件；
高鐵特區,113S3,2020-11-10,光明六路東二段,RPPPMLOLJHJGFBJ18DA,光明六路東二段６２７號,新竹縣竹北市光明六路東二段６２７號二樓之三,住宅大樓(11層含以上有電梯),房地(土地+建物)+車位,二層/十五層,2房2廳2衛,37.8,1050,30.9,-3.1,2023-12-15,坡道平面,預售屋權利轉售，權利買賣契約成立於110年4月18日，成交價格新台幣1132萬元整預售屋、或土地及建物分件登記案件；
高鐵特區,113S3,2020-11-10,光明六路東二段,RPVSMLQLJHJGFBJ66DA,光明六路東二段６３３號,新竹縣竹北市光明六路東二段６３３號三樓之二,住宅大樓(11層含以上有電梯),房地(土地+建物)+車位,三層/十四層,2房2廳1衛,33.4,909,31.2,-3.1,2023-12-15,坡道平面,預售屋、或土地及建物分件登記案件；
高鐵特區,113S3,2020-11-10,光明六路東二段,RPSOMLRLJHJGFBJ68DA,光明六路東二段６３３號,新竹縣竹北市光明六路東二段６３３號二樓之五,住宅大樓(11層含以上有電梯),房地(土地+建物)+車位,二層/十四層,4房2廳2衛,56.4,1616,31.0,-3.1,2023-12-15,坡道平面,預售屋、或土地及建物分件登記案件；
高鐵特區,113S3,2020-11-13,光明六路東二段,RPRQMLNLJHJGFBJ38DA,光明六路東二段６３７號,新竹縣竹北市光明六路東二段６３７號十一樓之六,住宅大樓(11層含以上有電梯),房地(土地+建物)+車位,十一層/十五層,4房2廳2衛,53.6,1538,31.0,-3.1,2023-12-15,坡道平面,預售屋、或土地及建物分件登記案件；
高鐵特區,113S3,2020-11-13,光明六路東二段,RPWTMLQLJHJGFBJ86DA,光明六路東二段６３３號,新竹縣竹北市光明六路東二段６３３號十四樓之二,住宅大樓(11層含以上有電梯),房地(土地+建物)+車位,十四層/十四層,2房2廳1衛,33.4,905,31.7,-3.1,2023-12-15,坡道平面,預售屋、或土地及建物分件登記案件；
高鐵特區,113S3,2020-11-13,光明六路東二段,RPPOMLOJOHJGFBJ38DA,光明六路東二段６３５號,新竹縣竹北市光明六路東二段６３５號三樓之五,住宅大樓(11層含以上有電梯),房地(土地+建物)+車位,三層/十四層,3房2廳2衛,46.9,1326,31.5,-3.1,2023-12-15,坡道平面,預售屋、或土地及建物分件登記案件；
高鐵特區,114S2,2020-11-23,嘉豐九路,RPORMLTKKHKGFBJ88DA,嘉豐九路５３號,新竹縣竹北市嘉豐九路５３號四樓,住宅大樓(11層含以上有電梯),房地(土地+建物)+車位,四層/十四層,3房2廳2衛,78.9,2981,43.7,-4.2,2025-01-02,坡道平面,預售屋、或土地及建物分件登記案件；
高鐵特區,114S2,2020-11-24,嘉豐九路,RPTQMLTKKHKGFBJ66DA,嘉豐九路５５號,新竹縣竹北市嘉豐九路５５號十二樓,住宅大樓(11層含以上有電梯),房地(土地+建物)+車位,十二層，見其他登記事項/十四層,3房2廳2衛,97.4,3873,47.8,-4.2,2025-01-02,坡道平面,預售屋、或土地及建物分件登記案件；
高鐵特區,113S3,2020-11-25,光明六路東二段,RPPNMLRLJHJGFBJ28DA,光明六路東二段６３３號,新竹縣竹北市光明六路東二段６３３號二樓之三,住宅大樓(11層含以上有電梯),房地(土地+建物)+車位,二層/十四層,2房2廳1衛,33.4,931,32.1,-3.1,2023-12-15,坡道平面,預售屋、或土地及建物分件登記案件；
高鐵特區,114S2,2020-11-25,嘉豐九路,RPXOMLTKKHKGFBJ86DA,嘉豐九路５７號,新竹縣竹北市嘉豐九路５７號六樓,住宅大樓(11層含以上有電梯),房地(土地+建物)+車位,六層/十四層,3房2廳2衛,93.7,3546,45.3,-4.2,2025-01-02,坡道平面,預售屋、或土地及建物分件登記案件；
高鐵特區,114S2,2020-11-25,嘉豐九路,RPTPMLTKKHKGFBJ56DA,嘉豐九路５５號,新竹縣竹北市嘉豐九路５５號十一樓,住宅大樓(11層含以上有電梯),房地(土地+建物)+車位,十一層/十四層,3房2廳2衛,81.1,3318,47.1,-4.2,2025-01-02,坡道平面,預售屋、或土地及建物分件登記案件；
高鐵特區,114S2,2020-11-25,嘉豐九路,RPWPMLTKKHKGFBJ86DA,嘉豐九路５５號,新竹縣竹北市嘉豐九路５５號八樓,住宅大樓(11層含以上有電梯),房地(土地+建物)+車位,八層/十四層,3房2廳2衛,80.5,3241,46.2,-4.2,2025-01-02,坡道平面,預售屋、或土地及建物分件登記案件；
高鐵特區,114S2,2020-11-25,嘉豐九路,RPRQMLTKKHKGFBJ09DA,嘉豐九路５１號,新竹縣竹北市嘉豐九路５１號十三樓,住宅大樓(11層含以上有電梯),房地(土地+建物)+車位,十三層/十四層,3房2廳2衛,84.9,3577,48.6,-4.2,2025-01-02,坡道平面,預售屋、或土地及建物分件登記案件；
高鐵特區,114S2,2020-11-25,嘉豐九路,RPVQMLTKKHKGFBJ86DA,嘉豐九路５１號,新竹縣竹北市嘉豐九路５１號九樓,住宅大樓(11層含以上有電梯),房地(土地+建物)+車位,九層/十四層,3房2廳2衛,72.6,3145,46.9,-4.2,2025-01-02,坡道平面,預售屋、或土地及建物分件登記案件；
高鐵特區,114S2,2020-11-25,嘉豐九路,RPRNMLKLKHKGFBJ97DA,嘉豐九路５５號,新竹縣竹北市嘉豐九路５５號九樓,住宅大樓(11層含以上有電梯),房地(土地+建物)+車位,九層/十四層,3房2廳2衛,76.3,3051,47.0,-4.2,2025-01-02,坡道平面,預售屋、或土地及建物分件登記案件；
高鐵特區,114S2,2020-11-25,嘉豐九路,RPSNMLTKKHKGFBJ88DA,嘉豐九路５１號,新竹縣竹北市嘉豐九路５１號四樓,住宅大樓(11層含以上有電梯),房地(土地+建物)+車位,四層/十四層,3房2廳2衛,85.1,3343,44.4,-4.2,2025-01-02,坡道平面,預售屋、或土地及建物分件登記案件；
高鐵特區,114S2,2020-11-25,嘉豐九路,RPUQMLTKKHKGFBJ76DA,嘉豐九路５７號,新竹縣竹北市嘉豐九路５７號十二樓,住宅大樓(11層含以上有電梯),房地(土地+建物)+車位,十二層，見其他登記事項/十四層,3房2廳2衛,101.0,4103,47.9,-4.2,2025-01-02,坡道平面,預售屋、或土地及建物分件登記案件；
高鐵特區,114S2,2020-11-25,嘉豐九路,RPUNMLKLLHKGFBJ38DA,嘉豐九路５３號,新竹縣竹北市嘉豐九路５３號九樓,住宅大樓(11層含以上有電梯),房地(土地+建物)+車位,九層/十四層,3房2廳2衛,82.5,3296,45.5,-4.2,2025-01-02,坡道平面,預售屋、或土地及建物分件登記案件；
高鐵特區,114S2,2020-11-26,嘉豐九路,RPROMLSKKHKGFBJ78DA,嘉豐九路５３號,新竹縣竹北市嘉豐九路５３號三樓,住宅大樓(11層含以上有電梯),房地(土地+建物)+車位,三層/十四層,3房2廳2衛,82.9,3239,44.6,-4.2,2025-01-02,坡道平面,預售屋、或土地及建物分件登記案件；
高鐵特區,114S2,2020-11-26,嘉豐九路,RPQPMLTKKHKGFBJ88DA,嘉豐九路５５號,新竹縣竹北市嘉豐九路５５號七樓,住宅大樓(11層含以上有電梯),房地(土地+建物)+車位,七層/十四層,3房2廳2衛,81.2,3210,45.8,-4.2,2025-01-02,坡道平面,預售屋、或土地及建物分件登記案件；
高鐵特區,114S2,2020-11-26,嘉豐九路,RPVPMLTKKHKGFBJ76DA,嘉豐九路５７號,新竹縣竹北市嘉豐九路５７號十一樓,住宅大樓(11層含以上有電梯),房地(土地+建物)+車位,十一層/十四層,3房2廳2衛,83.4,3455,47.8,-4.2,2025-01-02,坡道平面,預售屋、或土地及建物分件登記案件；
高鐵特區,114S2,2020-11-26,嘉豐九路,RPWQMLTKKHKGFBJ96DA,嘉豐九路５３號,新竹縣竹北市嘉豐九路５３號十三樓,住宅大樓(11層含以上有電梯),房地(土地+建物)+車位,十三層/十四層,3房2廳2衛,78.7,3230,48.1,-4.2,2025-01-02,坡道平面,預售屋、或土地及建物分件登記案件；
高鐵特區,114S2,2020-11-26,嘉豐九路,RPOOMLLJNHKGFBJ97DA,嘉豐九路５１號,新竹縣竹北市嘉豐九路５１號五樓,住宅大樓(11層含以上有電梯),房地(土地+建物)+車位,五層/十四層,3房2廳2衛,86.0,3428,44.8,-4.2,2025-01-02,坡道平面,預售屋、或土地及建物分件登記案件；
高鐵特區,114S2,2020-11-27,嘉豐九路,RPQNMLTKKHKGFBJ68DA,嘉豐九路５７號,新竹縣竹北市嘉豐九路５７號三樓,住宅大樓(11層含以上有電梯),房地(土地+建物)+車位,三層/十四層,3房2廳2衛,84.3,3379,45.2,-4.2,2025-01-02,坡道平面,預售屋、或土地及建物分件登記案件；
高鐵特區,114S2,2020-11-27,嘉豐九路,RPWOMLTKKHKGFBJ76DA,嘉豐九路５３號,新竹縣竹北市嘉豐九路５３號十一樓,住宅大樓(11層含以上有電梯),房地(土地+建物)+車位,十一層/十四層,3房2廳2衛,75.2,3037,47.3,-4.2,2025-01-02,坡道平面,預售屋、或土地及建物分件登記案件；
高鐵特區,114S2,2020-11-27,嘉豐九路,RPPQMLTKKHKGFBJ88DA,嘉豐九路５１號,新竹縣竹北市嘉豐九路５１號十二樓,住宅大樓(11層含以上有電梯),房地(土地+建物)+車位,十二層/十四層,3房2廳2衛,81.7,3407,48.0,-4.2,2025-01-02,坡道平面,預售屋、或土地及建物分件登記案件；
高鐵特區,114S2,2020-11-27,嘉豐九路,RPQRMLTKKHKGFBJ09DA,嘉豐九路５１號,新竹縣竹北市嘉豐九路５１號十樓,住宅大樓(11層含以上有電梯),房地(土地+建物)+車位,十層/十四層,3房2廳2衛,85.1,3482,47.3,-4.2,2025-01-02,坡道平面,預售屋、或土地及建物分件登記案件；
高鐵特區,114S2,2020-11-27,嘉豐九路,RPTOMLTKKHKGFBJ09DA,嘉豐九路５３號,新竹縣竹北市嘉豐九路５３號六樓,住宅大樓(11層含以上有電梯),房地(土地+建物)+車位,六層/十四層,3房2廳2衛,81.9,3215,44.8,-4.2,2025-01-02,坡道平面,預售屋、或土地及建物分件登記案件；
高鐵特區,114S2,2020-11-27,嘉豐九路,RPTQMLLKMHKGFBJ68DA,嘉豐九路５７號,新竹縣竹北市嘉豐九路５７號四樓,住宅大樓(11層含以上有電梯),房地(土地+建物)+車位,四層/十四層,3房2廳2衛,81.4,3150,44.1,-4.2,2025-01-02,坡道平面,預售屋、或土地及建物分件登記案件；
高鐵特區,113S3,2020-11-30,高鐵九路,RPTPMLLJLHJGFBJ28DA,高鐵九路６１巷２１號,新竹縣竹北市高鐵九路６１巷２１號六樓,住宅大樓(11層含以上有電梯),房地(土地+建物)+車位,六層/十二層,4房2廳2衛,65.8,1908,34.4,-3.1,2023-12-01,坡道平面,
高鐵特區,114S2,2020-11-30,嘉豐九路,RPPNMLTKKHKGFBJ58DA,嘉豐九路５５號,新竹縣竹北市嘉豐九路５５號三樓,住宅大樓(11層含以上有電梯),房地(土地+建物)+車位,三層/十四層,3房2廳2衛,77.0,3023,45.5,-4.2,2025-01-02,坡道平面,預售屋、或土地及建物分件登記案件；
高鐵特區,114S2,2020-11-30,嘉豐九路,RPPOMLTKKHKGFBJ68DA,嘉豐九路５５號,新竹縣竹北市嘉豐九路５５號十樓,住宅大樓(11層含以上有電梯),房地(土地+建物)+車位,十層/十四層,3房2廳2衛,81.2,3303,47.1,-4.2,2025-01-02,坡道平面,轉讓價格3353萬元整，日期111年1月15日。預售屋、或土地及建物分件登記案件；
高鐵特區,114S2,2020-11-30,嘉豐九路,RPUOMLTKKHKGFBJ56DA,嘉豐九路５１號,新竹縣竹北市嘉豐九路５１號十一樓,住宅大樓(11層含以上有電梯),房地(土地+建物)+車位,十一層/十四層,3房2廳2衛,86.6,3625,47.8,-4.2,2025-01-02,坡道平面,預售屋、或土地及建物分件登記案件；
高鐵特區,114S2,2020-11-30,嘉豐九路,RPUPMLTKKHKGFBJ66DA,嘉豐九路５３號,新竹縣竹北市嘉豐九路５３號八樓,住宅大樓(11層含以上有電梯),房地(土地+建物)+車位,八層/十四層,3房2廳2衛,75.8,2971,46.0,-4.2,2025-01-02,坡道平面,預售屋、或土地及建物分件登記案件；
高鐵特區,114S2,2020-11-30,嘉豐九路,RPQQMLTKKHKGFBJ98DA,嘉豐九路５３號,新竹縣竹北市嘉豐九路５３號十二樓,住宅大樓(11層含以上有電梯),房地(土地+建物)+車位,十二層/十四層,3房2廳2衛,81.9,3361,47.7,-4.2,2025-01-02,坡道平面,預售屋、或土地及建物分件登記案件；
高鐵特區,114S2,2020-12-01,嘉豐九路,RPQOMLTKKHKGFBJ78DA,嘉豐九路５１號,新竹縣竹北市嘉豐九路５１號六樓,住宅大樓(11層含以上有電梯),房地(土地+建物)+車位,六層/十四層,3房2廳2衛,82.3,3202,44.6,-4.1,2025-01-02,坡道平面,預售屋、或土地及建物分件登記案件；
高鐵特區,113S3,2020-12-02,高鐵九路,RPPPMLLJLHJGFBJ87DA,高鐵九路６１巷２１號,新竹縣竹北市高鐵九路６１巷２１號二樓,住宅大樓(11層含以上有電梯),房地(土地+建物)+車位,二層/十二層,4房2廳2衛,57.1,1756,33.8,-3.0,2023-12-01,坡道平面,
高鐵特區,114S2,2020-12-02,嘉豐九路,RPSOMLTKKHKGFBJ98DA,嘉豐九路５７號,新竹縣竹北市嘉豐九路５７號十樓,住宅大樓(11層含以上有電梯),房地(土地+建物)+車位,十層/十四層,3房2廳2衛,82.0,3332,47.3,-4.1,2025-01-02,坡道平面,預售屋、或土地及建物分件登記案件；
高鐵特區,113S3,2020-12-03,光明六路東二段,RPTPMLRLJHJGFBJ88DA,光明六路東二段６３５號,新竹縣竹北市光明六路東二段６３５號二樓之五,住宅大樓(11層含以上有電梯),房地(土地+建物)+車位,二層/十四層,3房2廳2衛,46.9,1356,31.6,-3.0,2023-12-15,坡道平面,預售屋、或土地及建物分件登記案件；
高鐵特區,114S2,2020-12-03,嘉豐九路,RPQOMLSKKHKGFBJ68DA,嘉豐九路５１號,新竹縣竹北市嘉豐九路５１號三樓,住宅大樓(11層含以上有電梯),房地(土地+建物)+車位,三層/十四層,3房2廳2衛,85.2,3382,45.2,-4.1,2025-01-02,坡道平面,預售屋、或土地及建物分件登記案件；
高鐵特區,114S2,2020-12-03,嘉豐九路,RPVOMLTKKHKGFBJ66DA,嘉豐九路５５號,新竹縣竹北市嘉豐九路５５號六樓,住宅大樓(11層含以上有電梯),房地(土地+建物)+車位,六層/十四層,3房2廳2衛,66.6,2783,45.6,-4.1,2025-01-02,坡道平面,預售屋、或土地及建物分件登記案件；
高鐵特區,114S2,2020-12-03,嘉豐九路,RPSPMLTKKHKGFBJ09DA,嘉豐九路５１號,新竹縣竹北市嘉豐九路５１號八樓,住宅大樓(11層含以上有電梯),房地(土地+建物)+車位,八層/十四層,3房2廳2衛,86.0,3491,46.5,-4.1,2025-01-02,坡道平面,預售屋、或土地及建物分件登記案件；
高鐵特區,114S2,2020-12-04,嘉豐九路,RPRNMLTKKHKGFBJ78DA,嘉豐九路５７號,新竹縣竹北市嘉豐九路５７號九樓,住宅大樓(11層含以上有電梯),房地(土地+建物)+車位,九層/十四層,3房2廳2衛,87.6,3459,46.0,-4.1,2025-01-02,坡道平面,預售屋、或土地及建物分件登記案件；
高鐵特區,113S3,2020-12-05,高鐵九路,RPPNMLQJOHJGFBJ58EA,高鐵九路６１巷２３號,新竹縣竹北市高鐵九路６１巷２３號四樓,住宅大樓(11層含以上有電梯),房地(土地+建物)+車位,四層/十二層,4房2廳2衛,58.2,1797,33.8,-3.0,2023-12-01,坡道平面,
高鐵特區,113S3,2020-12-06,高鐵九路,RPUPMLQJLHJGFBJ88DA,高鐵九路６１巷１９號,新竹縣竹北市高鐵九路６１巷１９號二樓,住宅大樓(11層含以上有電梯),房地(土地+建物)+車位,二層/十二層,3房2廳2衛,51.4,1576,33.9,-3.0,2023-12-01,坡道平面,
高鐵特區,114S2,2020-12-07,嘉豐九路,RPPPMLTKKHKGFBJ78DA,嘉豐九路５３號,新竹縣竹北市嘉豐九路５３號七樓,住宅大樓(11層含以上有電梯),房地(土地+建物)+車位,七層/十四層,3房2廳2衛,69.2,2895,45.5,-4.1,2025-01-02,坡道平面,預售屋、或土地及建物分件登記案件；
高鐵特區,114S2,2020-12-07,嘉豐九路,RPRPMLTKKHKGFBJ98DA,嘉豐九路５７號,新竹縣竹北市嘉豐九路５７號七樓,住宅大樓(11層含以上有電梯),房地(土地+建物)+車位,七層/十四層,3房2廳2衛,82.0,3215,45.1,-4.1,2025-01-02,坡道平面,預售屋、或土地及建物分件登記案件；
高鐵特區,114S2,2020-12-07,嘉豐九路,RPOOMLTKKHKGFBJ58DA,嘉豐九路５７號,新竹縣竹北市嘉豐九路５７號五樓,住宅大樓(11層含以上有電梯),房地(土地+建物)+車位,五層/十四層,3房2廳2衛,84.0,3318,45.2,-4.1,2025-01-02,坡道平面,預售屋、或土地及建物分件登記案件；
高鐵特區,114S2,2020-12-08,嘉豐九路,RPVNMLTKKHKGFBJ56DA,嘉豐九路５３號,新竹縣竹北市嘉豐九路５３號五樓,住宅大樓(11層含以上有電梯),房地(土地+建物)+車位,五層/十四層,3房2廳2衛,75.2,2893,44.8,-4.1,2025-01-02,坡道平面,預售屋、或土地及建物分件登記案件；
高鐵特區,114S2,2020-12-10,嘉豐九路,RPWNMLTKKHKGFBJ66DA,嘉豐九路５３號,新竹縣竹北市嘉豐九路５３號十樓,住宅大樓(11層含以上有電梯),房地(土地+建物)+車位,十層/十四層,3房2廳2衛,78.9,3160,46.8,-4.1,2025-01-02,坡道平面,轉讓價格5300萬元整，日期113年5月9日。預售屋、或土地及建物分件登記案件；
高鐵特區,113S3,2020-12-11,光明六路東二段,RPTOMLOJOHJGFBJ78DA,光明六路東二段６３５號,新竹縣竹北市光明六路東二段６３５號二樓之一,住宅大樓(11層含以上有電梯),房地(土地+建物)+車位,二層/十四層,4房2廳2衛,56.4,1640,31.5,-3.0,2023-12-15,坡道平面,預售屋、或土地及建物分件登記案件；
高鐵特區,113S3,2020-12-12,高鐵九路,RPVOMLQJLHJGFBJ88DA,高鐵九路６１巷２５號,新竹縣竹北市高鐵九路６１巷２５號五樓,住宅大樓(11層含以上有電梯),房地(土地+建物)+車位,五層/十二層,3房2廳2衛,49.8,1528,34.3,-3.0,2023-12-01,坡道平面,
高鐵特區,113S3,2020-12-17,光明六路東二段,RPTPMLPLJHJGFBJ68DA,光明六路東二段６２９號,新竹縣竹北市光明六路東二段６２９號三樓之一,住宅大樓(11層含以上有電梯),房地(土地+建物)+車位,三層/十三層,3房2廳2衛,44.9,1267,31.7,-3.0,2023-12-15,坡道平面,預售屋、或土地及建物分件登記案件；
高鐵特區,113S3,2020-12-21,光明六路東二段,RPVNMLOJOHJGFBJ88DA,光明六路東二段６３３號,新竹縣竹北市光明六路東二段６３３號七樓之一,住宅大樓(11層含以上有電梯),房地(土地+建物)+車位,七層/十四層,3房2廳2衛,46.9,1284,30.0,-3.0,2023-12-15,坡道平面,預售屋、或土地及建物分件登記案件；
高鐵特區,113S3,2020-12-21,光明六路東二段,RPSOMLLLOHJGFBJ58DA,光明六路東二段６３７號,新竹縣竹北市光明六路東二段６３７號二樓之五,住宅大樓(11層含以上有電梯),房地(土地+建物)+車位,二層/十五層,3房2廳2衛,39.6,1147,32.6,-3.0,2023-12-15,坡道平面,預售屋、或土地及建物分件登記案件；
高鐵特區,114S2,2020-12-23,嘉豐九路,RPTNMLTKKHKGFBJ98DA,嘉豐九路５５號,新竹縣竹北市嘉豐九路５５號四樓,住宅大樓(11層含以上有電梯),房地(土地+建物)+車位,四層/十四層,3房2廳2衛,81.2,3116,44.3,-4.1,2025-01-02,坡道平面,預售屋、或土地及建物分件登記案件；
高鐵特區,114S2,2020-12-25,嘉豐九路,RPXPMLTKKHKGFBJ96DA,嘉豐九路５７號,新竹縣竹北市嘉豐九路５７號八樓,住宅大樓(11層含以上有電梯),房地(土地+建物)+車位,八層/十四層,3房2廳2衛,93.7,3560,45.6,-4.1,2025-01-02,坡道平面,預售屋、或土地及建物分件登記案件；
高鐵特區,114S2,2020-12-26,嘉豐九路,RPXNMLTKKHKGFBJ76DA,嘉豐九路５５號,新竹縣竹北市嘉豐九路５５號五樓,住宅大樓(11層含以上有電梯),房地(土地+建物)+車位,五層/十四層,3房2廳2衛,80.5,3145,45.0,-4.1,2025-01-02,坡道平面,轉讓價格3395萬元整，日期110年6月28日。預售屋、或土地及建物分件登記案件；
高鐵特區,113S3,2021-01-04,光明六路東二段,RPUNMLOJOHJGFBJ78DA,光明六路東二段６３７號,新竹縣竹北市光明六路東二段６３７號十樓之六,住宅大樓(11層含以上有電梯),房地(土地+建物)+車位,十層/十五層,4房2廳2衛,53.6,1533,31.1,-2.9,2023-12-15,坡道平面,預售屋、或土地及建物分件登記案件；
高鐵特區,114S2,2021-01-13,嘉豐九路,RPOPMLTKKHKGFBJ68DA,嘉豐九路５１號,新竹縣竹北市嘉豐九路５１號七樓,住宅大樓(11層含以上有電梯),房地(土地+建物)+車位,七層/十四層,3房2廳2衛,85.1,3390,45.1,-4.0,2025-01-02,坡道平面,預售屋、或土地及建物分件登記案件；
高鐵特區,113S3,2021-01-20,光明六路東二段,RPOPMLRLJHJGFBJ38DA,光明六路東二段６３３號,新竹縣竹北市光明六路東二段６３３號九樓之五,住宅大樓(11層含以上有電梯),房地(土地+建物)+車位,九層/十四層,4房2廳2衛,56.4,1819,35.3,-2.9,2023-12-15,坡道平面,預售屋、或土地及建物分件登記案件；
高鐵特區,113S3,2021-01-20,光明六路東二段,RPTQMLMLJHJGFBJ48DA,光明六路東二段６３７號,新竹縣竹北市光明六路東二段６３７號十四樓之三,住宅大樓(11層含以上有電梯),房地(土地+建物)+車位,十四層/十五層,2房2廳2衛,37.8,1128,34.4,-2.9,2023-12-15,坡道平面,預售屋、或土地及建物分件登記案件；
高鐵特區,113S3,2021-01-29,光明六路東二段,RPPPMLRLJHJGFBJ48DA,光明六路東二段６３３號,新竹縣竹北市光明六路東二段６３３號十樓之五,住宅大樓(11層含以上有電梯),房地(土地+建物)+車位,十層/十四層,4房2廳2衛,56.4,1867,36.5,-2.9,2023-12-15,坡道平面,預售屋、或土地及建物分件登記案件；
高鐵特區,113S3,2021-02-16,光明六路東二段,RPWPMLTLJHJGFBJ76DA,光明六路東二段６４３號,新竹縣竹北市光明六路東二段６４３號,住宅大樓(11層含以上有電梯),房地(土地+建物),一層，見其他登記事項/十五層,0房1廳1衛,30.0,1480,49.4,-2.8,2023-12-15,,預售屋、或土地及建物分件登記案件；
高鐵特區,113S3,2021-03-05,隘口二路,RPXOMLLJLHJGFBJ58DA,隘口二路３６２號,新竹縣竹北市隘口二路３６２號,住宅大樓(11層含以上有電梯),房地(土地+建物)+車位,一層，二層/十二層,0房0廳0衛,51.9,1976,43.1,-2.8,2023-12-01,坡道平面,
高鐵特區,113S3,2021-04-07,十興三街,RPOQMLQLMHJGFBJ68DA,十興三街３３號,新竹縣竹北市十興三街３３號,住宅大樓(11層含以上有電梯),房地(土地+建物)+車位,一層，見其他登記事項/十五層,0房0廳0衛,61.1,2322,45.0,-2.8,2024-02-05,坡道平面,預售屋、或土地及建物分件登記案件；
高鐵特區,113S3,2021-04-13,十興三街,RPXPMLQLMHJGFBJ86DA,十興三街３１號,新竹縣竹北市十興三街３１號,住宅大樓(11層含以上有電梯),房地(土地+建物)+車位,一層，見其他登記事項/十五層,0房0廳0衛,61.5,2274,43.5,-2.8,2024-02-05,坡道平面,預售屋、或土地及建物分件登記案件；
高鐵特區,113S3,2021-04-15,十興三街,RPPNMLNKNHJGFBJ18DA,十興三街３９號,新竹縣竹北市十興三街３９號,住宅大樓(11層含以上有電梯),房地(土地+建物)+車位,一層，見其他登記事項/十五層,0房0廳0衛,72.5,2857,45.8,-2.8,2024-02-05,坡道平面,預售屋、或土地及建物分件登記案件；
高鐵特區,113S3,2021-04-24,十興三街,RPPQMLQLMHJGFBJ78DA,十興三街３５號,新竹縣竹北市十興三街３５號,住宅大樓(11層含以上有電梯),房地(土地+建物)+車位,一層，見其他登記事項/十五層,0房0廳0衛,56.3,2388,46.9,-2.8,2024-02-05,坡道平面,預售屋、或土地及建物分件登記案件；
高鐵特區,113S3,2021-06-30,光明六路東二段,RPURMLRLJHJGFBJ56DA,光明六路東二段６３５號,新竹縣竹北市光明六路東二段６３５號十三樓之三,住宅大樓(11層含以上有電梯),房地(土地+建物)+車位,十三層/十四層,2房2廳1衛,33.4,1113,39.0,-2.5,2023-12-15,坡道平面,預售屋、或土地及建物分件登記案件；
高鐵特區,113S3,2021-10-12,光明六路東二段,RPUQMLTLJHJGFBJ66DA,光明六路東二段６２３號,新竹縣竹北市光明六路東二段６２３號,住宅大樓(11層含以上有電梯),房地(土地+建物)+車位,一層，見其他登記事項/十五層,0房1廳1衛,60.8,2721,49.8,-2.2,2023-12-15,坡道平面,預售屋、或土地及建物分件登記案件；
高鐵特區,114S1,2021-11-04,十興路二段,RPSSMLRJKIJGFBJ09DA,十興路二段５０號,新竹縣竹北市十興路二段５０號八樓,住宅大樓(11層含以上有電梯),房地(土地+建物)+車位,八層/十三層,3房2廳2衛,47.9,1811,43.7,-3.0,2024-11-07,坡道平面,預售屋權利轉售，讓渡日期:110年11月22日，權利買賣契約成交價格1851萬元含B3車位一個。預售屋、或土地及建物分件
高鐵特區,114S1,2021-11-04,十興路二段,RPOVMLRJKIJGFBJ98DA,十興路二段５６號,新竹縣竹北市十興路二段５６號十二樓,住宅大樓(11層含以上有電梯),房地(土地+建物)+車位,十二層/十四層,3房2廳2衛,47.7,1863,45.3,-3.0,2024-11-07,坡道平面,預售屋權利轉售，讓渡日期:111年02月20日，權利買賣契約成交價格1903萬元含B1車位一個。預售屋、或土地及建物分件
高鐵特區,114S1,2021-11-05,十興路二段,RPPOMLRJKIJGFBJ38DA,十興路二段４６號,新竹縣竹北市十興路二段４６號三樓,住宅大樓(11層含以上有電梯),房地(土地+建物)+車位,三層/十三層,3房2廳2衛,50.3,1817,43.8,-3.0,2024-11-07,坡道平面,預售屋、或土地及建物分件登記案件；
高鐵特區,114S1,2021-11-05,十興路二段,RPXOMLRJKIJGFBJ56DA,十興路二段４６號,新竹縣竹北市十興路二段４６號四樓,住宅大樓(11層含以上有電梯),房地(土地+建物)+車位,四層/十三層,3房2廳2衛,53.1,1869,42.1,-3.0,2024-11-07,坡道平面,預售屋權利轉售，讓渡日期:112年07月29日，權利買賣契約成交價格2030萬元含B2車位一個。預售屋、或土地及建物分件
高鐵特區,114S1,2021-11-05,十興路二段,RPOQMLRJKIJGFBJ48DA,十興路二段４８號,新竹縣竹北市十興路二段４８號五樓,住宅大樓(11層含以上有電梯),房地(土地+建物)+車位,五層/十三層,3房2廳2衛,48.3,1800,43.1,-3.0,2024-11-07,坡道平面,預售屋、或土地及建物分件登記案件；
高鐵特區,114S1,2021-11-05,十興路二段,RPPQMLRJKIJGFBJ58DA,十興路二段５８號,新竹縣竹北市十興路二段５８號六樓,住宅大樓(11層含以上有電梯),房地(土地+建物)+車位,六層/十四層,3房2廳2衛,49.7,1858,42.4,-3.0,2024-11-07,坡道平面,預售屋權利轉售，讓渡日期:111年08月27日，權利買賣契約成交價格2315萬元含B1車位一個。預售屋、或土地及建物分件
高鐵特區,114S1,2021-11-05,十興路二段,RPRUMLRJKIJGFBJ56DA,十興路二段６２號,新竹縣竹北市十興路二段６２號十一樓,住宅大樓(11層含以上有電梯),房地(土地+建物)+車位,十一層/十四層,3房2廳2衛,46.5,1834,45.2,-3.0,2024-11-07,坡道平面,預售屋權利轉售，讓渡日期:111年09月02日，權利買賣契約成交價格1888萬元含B1車位一個。預售屋、或土地及建物分件
高鐵特區,114S1,2021-11-05,十興路二段,RPXVMLRJKIJGFBJ27DA,十興路二段６２號,新竹縣竹北市十興路二段６２號十三樓,住宅大樓(11層含以上有電梯),房地(土地+建物)+車位,十三層/十四層,3房2廳2衛,48.6,1872,44.4,-3.0,2024-11-07,坡道平面,預售屋、或土地及建物分件登記案件；
高鐵特區,114S1,2021-11-06,十興路二段,RPXNMLRJKIJGFBJ09DA,十興路二段５６號,新竹縣竹北市十興路二段５６號三樓,住宅大樓(11層含以上有電梯),房地(土地+建物)+車位,三層/十四層,3房2廳2衛,46.9,1782,43.8,-3.0,2024-11-07,坡道平面,預售屋權利轉售，讓渡日期:111年09月02日，權利買賣契約成交價格1802萬元含B2車位一個。預售屋、或土地及建物分件
高鐵特區,114S1,2021-11-06,十興路二段,RPSOMLRJKIJGFBJ68DA,十興路二段４８號,新竹縣竹北市十興路二段４８號三樓,住宅大樓(11層含以上有電梯),房地(土地+建物)+車位,三層/十三層,3房2廳2衛,46.5,1757,43.9,-3.0,2024-11-07,坡道平面,預售屋權利轉售，讓渡日期:113年02月02日，權利買賣契約成交價格1950萬元含B3車位一個。預售屋、或土地及建物分件
高鐵特區,114S1,2021-11-06,十興路二段,RPOPMLRJKIJGFBJ38DA,十興路二段４２號,新竹縣竹北市十興路二段４２號四樓,住宅大樓(11層含以上有電梯),房地(土地+建物)+車位,四層/十三層,3房2廳2衛,50.3,1807,43.8,-3.0,2024-11-07,坡道平面,預售屋權利轉售，讓渡日期:111年08月27日，權利買賣契約成交價格2150萬元含B3車位一個。預售屋、或土地及建物分件
高鐵特區,114S1,2021-11-06,十興路二段,RPVPMLRJKIJGFBJ09DA,十興路二段４６號,新竹縣竹北市十興路二段４６號五樓,住宅大樓(11層含以上有電梯),房地(土地+建物)+車位,五層/十三層,3房2廳2衛,50.1,1851,42.2,-3.0,2024-11-07,坡道平面,預售屋權利轉售，讓渡日期:111年08月07日，權利買賣契約成交價格1881萬元含B2車位一個。預售屋、或土地及建物分件
高鐵特區,114S1,2021-11-06,十興路二段,RPRRMLRJKIJGFBJ88DA,十興路二段６０號,新竹縣竹北市十興路二段６０號七樓,住宅大樓(11層含以上有電梯),房地(土地+建物)+車位,七層/十四層,3房2廳2衛,46.5,1786,44.4,-3.0,2024-11-07,坡道平面,預售屋權利轉售，讓渡日期:111年08月30日，權利買賣契約成交價格1806萬元含B3車位一個。預售屋、或土地及建物分件
高鐵特區,114S1,2021-11-06,十興路二段,RPTSMLRJKIJGFBJ56DA,十興路二段４８號,新竹縣竹北市十興路二段４８號八樓,住宅大樓(11層含以上有電梯),房地(土地+建物)+車位,八層/十三層,3房2廳2衛,46.9,1805,44.7,-3.0,2024-11-07,坡道平面,預售屋權利轉售，讓渡日期:111年04月18日，權利買賣契約成交價格2250萬元含B2車位一個。預售屋、或土地及建物分件
高鐵特區,114S1,2021-11-06,十興路二段,RPTUMLRJKIJGFBJ76DA,十興路二段４６號,新竹縣竹北市十興路二段４６號十一樓,住宅大樓(11層含以上有電梯),房地(土地+建物)+車位,十一層/十三層,3房2廳2衛,47.3,1831,45.2,-3.0,2024-11-07,坡道平面,預售屋權利轉售，讓渡日期:110年12月10日，權利買賣契約成交價格2104萬元含B3車位一個。預售屋、或土地及建物分件
高鐵特區,114S1,2021-11-06,十興路二段,RPWUMLRJKIJGFBJ07DA,十興路二段４８號,新竹縣竹北市十興路二段４８號十一樓,住宅大樓(11層含以上有電梯),房地(土地+建物)+車位,十一層/十三層,3房2廳2衛,46.5,1826,45.2,-3.0,2024-11-07,坡道平面,預售屋權利轉售，讓渡日期:110年11月20日，權利買賣契約成交價格1876萬元含B1車位一個。預售屋、或土地及建物分件
高鐵特區,114S1,2021-11-06,十興路二段,RPXUMLRJKIJGFBJ17DA,十興路二段５８號,新竹縣竹北市十興路二段５８號十二樓,住宅大樓(11層含以上有電梯),房地(土地+建物)+車位,十二層/十四層,3房2廳2衛,48.6,1862,44.4,-3.0,2024-11-07,坡道平面,預售屋、或土地及建物分件登記案件；
高鐵特區,114S1,2021-11-06,十興路二段,RPUNMLRLKIJGFBJ98DA,十興路二段５０號,新竹縣竹北市十興路二段５０號十一樓,住宅大樓(11層含以上有電梯),房地(土地+建物)+車位,十一層/十三層,3房2廳2衛,48.3,1852,44.3,-3.0,2024-11-07,坡道平面,預售屋權利轉售，讓渡日期:113年03月03日，權利買賣契約成交價格1930萬元含B2車位一個。預售屋、或土地及建物分件
高鐵特區,114S1,2021-11-07,十興路二段,RPXQMLRJKIJGFBJ76DA,十興路二段４８號,新竹縣竹北市十興路二段４８號六樓,住宅大樓(11層含以上有電梯),房地(土地+建物)+車位,六層/十三層,3房2廳2衛,46.5,1771,44.3,-3.0,2024-11-07,坡道平面,預售屋權利轉售，讓渡日期:110年11月18日，權利買賣契約成交價格2035萬元含B3車位一個。預售屋、或土地及建物分件
高鐵特區,114S1,2021-11-07,十興路二段,RPTTMLRJKIJGFBJ66DA,十興路二段５６號,新竹縣竹北市十興路二段５６號十樓,住宅大樓(11層含以上有電梯),房地(土地+建物)+車位,十層/十四層,3房2廳2衛,50.3,1859,45.0,-3.0,2024-11-07,坡道平面,預售屋、或土地及建物分件登記案件；
高鐵特區,114S1,2021-11-07,十興路二段,RPUTMLRJKIJGFBJ76DA,十興路二段６２號,新竹縣竹北市十興路二段６２號十樓,住宅大樓(11層含以上有電梯),房地(土地+建物)+車位,十層/十四層,3房2廳2衛,50.3,1859,45.0,-3.0,2024-11-07,坡道平面,預售屋權利轉售，讓渡日期:111年03月28日，權利買賣契約成交價格2225萬元含B2車位一個。預售屋、或土地及建物分件
高鐵特區,114S1,2021-11-07,十興路二段,RPQUMLRJKIJGFBJ09DA,十興路二段５６號,新竹縣竹北市十興路二段５６號十一樓,住宅大樓(11層含以上有電梯),房地(土地+建物)+車位,十一層/十四層,3房2廳2衛,46.9,1831,45.2,-3.0,2024-11-07,坡道平面,預售屋權利轉售，讓渡日期:111年04月24日，權利買賣契約成交價格1851萬元含B2車位一個。預售屋、或土地及建物分件
高鐵特區,114S1,2021-11-07,十興路二段,RPVVMLRJKIJGFBJ07DA,十興路二段５８號,新竹縣竹北市十興路二段５８號十三樓,住宅大樓(11層含以上有電梯),房地(土地+建物)+車位,十三層/十四層,3房2廳2衛,50.3,1870,45.5,-3.0,2024-11-07,坡道平面,預售屋、或土地及建物分件登記案件；
高鐵特區,114S1,2021-11-07,十興路二段,RPOWMLRJKIJGFBJ09DA,十興路二段６０號,新竹縣竹北市十興路二段６０號十三樓,住宅大樓(11層含以上有電梯),房地(土地+建物)+車位,十三層/十四層,3房2廳2衛,46.9,1835,45.5,-3.0,2024-11-07,坡道平面,預售屋權利轉售，讓渡日期:111年05月15日，權利買賣契約成交價格1855萬元含B3車位一個。預售屋、或土地及建物分件
高鐵特區,114S1,2021-11-07,十興路二段,RPQTMLRJKIJGFBJ98DA,十興路二段５０號,新竹縣竹北市十興路二段５０號九樓,住宅大樓(11層含以上有電梯),房地(土地+建物)+車位,九層/十三層,3房2廳2衛,47.3,1827,44.8,-3.0,2024-11-07,坡道平面,預售屋、或土地及建物分件登記案件；
高鐵特區,114S1,2021-11-07,十興路二段,RPSNMLRLKIJGFBJ78DA,十興路二段６２號,新竹縣竹北市十興路二段６２號五樓,住宅大樓(11層含以上有電梯),房地(土地+建物)+車位,五層/十四層,3房2廳2衛,46.9,1789,44.0,-3.0,2024-11-07,坡道平面,預售屋、或土地及建物分件登記案件；
高鐵特區,114S1,2021-11-08,十興路二段,RPQNMLRJKIJGFBJ38DA,十興路二段５６號,新竹縣竹北市十興路二段５６號二樓,住宅大樓(11層含以上有電梯),房地(土地+建物)+車位,二層/十四層,3房2廳2衛,47.9,1818,43.6,-3.0,2024-11-07,坡道平面,預售屋、或土地及建物分件登記案件；
高鐵特區,114S1,2021-11-08,十興路二段,RPTOMLRJKIJGFBJ78DA,十興路二段５８號,新竹縣竹北市十興路二段５８號四樓,住宅大樓(11層含以上有電梯),房地(土地+建物)+車位,四層/十四層,3房2廳2衛,46.9,1792,43.8,-3.0,2024-11-07,坡道平面,預售屋權利轉售，讓渡日期:112年03月09日，權利買賣契約成交價格2250萬元含B1車位一個。預售屋、或土地及建物分件
高鐵特區,114S1,2021-11-08,十興路二段,RPVOMLRJKIJGFBJ98DA,十興路二段６２號,新竹縣竹北市十興路二段６２號四樓,住宅大樓(11層含以上有電梯),房地(土地+建物)+車位,四層/十四層,3房2廳2衛,46.9,1772,43.8,-3.0,2024-11-07,坡道平面,預售屋、或土地及建物分件登記案件；
高鐵特區,114S1,2021-11-08,十興路二段,RPPPMLRJKIJGFBJ48DA,十興路二段５０號,新竹縣竹北市十興路二段５０號四樓,住宅大樓(11層含以上有電梯),房地(土地+建物)+車位,四層/十三層,3房2廳2衛,48.3,1793,43.0,-3.0,2024-11-07,坡道平面,預售屋權利轉售，讓渡日期:111年01月11日，權利買賣契約成交價格1843萬元含B3車位一個。預售屋、或土地及建物分件
高鐵特區,114S1,2021-11-08,十興路二段,RPXPMLRJKIJGFBJ66DA,十興路二段５０號,新竹縣竹北市十興路二段５０號五樓,住宅大樓(11層含以上有電梯),房地(土地+建物)+車位,五層/十三層,3房2廳2衛,46.9,1774,44.1,-3.0,2024-11-07,坡道平面,預售屋權利轉售，讓渡日期:111年02月16日，權利買賣契約成交價格2150萬元含B3車位一個。預售屋、或土地及建物分件
高鐵特區,114S1,2021-11-08,十興路二段,RPPUMLRJKIJGFBJ98DA,十興路二段５８號,新竹縣竹北市十興路二段５８號十一樓,住宅大樓(11層含以上有電梯),房地(土地+建物)+車位,十一層/十四層,3房2廳2衛,51.6,1890,44.2,-3.0,2024-11-07,坡道平面,預售屋權利轉售，讓渡日期:113年03月22日，權利買賣契約成交價格2558萬元含B2車位一個。預售屋、或土地及建物分件
高鐵特區,114S1,2021-11-08,十興路二段,RPSUMLRJKIJGFBJ66DA,十興路二段６０號,新竹縣竹北市十興路二段６０號十一樓,住宅大樓(11層含以上有電梯),房地(土地+建物)+車位,十一層/十四層,3房2廳2衛,46.9,1821,45.2,-3.0,2024-11-07,坡道平面,預售屋、或土地及建物分件登記案件；
高鐵特區,114S1,2021-11-08,十興路二段,RPQVMLRJKIJGFBJ56DA,十興路二段６０號,新竹縣竹北市十興路二段６０號十二樓,住宅大樓(11層含以上有電梯),房地(土地+建物)+車位,十二層/十四層,3房2廳2衛,46.9,1838,45.3,-3.0,2024-11-07,坡道平面,預售屋權利轉售，讓渡日期:110年12月04日，權利買賣契約成交價格2232萬元含B2車位一個。預售屋、或土地及建物分件
高鐵特區,114S1,2021-11-08,十興路二段,RPWVMLRJKIJGFBJ17DA,十興路二段５６號,新竹縣竹北市十興路二段５６號十三樓,住宅大樓(11層含以上有電梯),房地(土地+建物)+車位,十三層/十四層,3房2廳2衛,46.9,1855,45.5,-3.0,2024-11-07,坡道平面,預售屋權利轉售，讓渡日期:111年01月24日，權利買賣契約成交價格2068萬元含B1車位一個。預售屋、或土地及建物分件
高鐵特區,114S1,2021-11-08,十興路二段,RPRWMLRJKIJGFBJ76DA,十興路二段５０號,新竹縣竹北市十興路二段５０號十三樓,住宅大樓(11層含以上有電梯),房地(土地+建物)+車位,十三層/十三層,3房2廳2衛,47.3,1855,45.6,-3.0,2024-11-07,坡道平面,預售屋、或土地及建物分件登記案件；
高鐵特區,114S1,2021-11-08,十興路二段,RPVWMLRJKIJGFBJ17DA,十興路二段６２號,新竹縣竹北市十興路二段６２號十四樓,住宅大樓(11層含以上有電梯),房地(土地+建物)+車位,十四層/十四層,3房2廳2衛,46.5,1855,45.7,-3.0,2024-11-07,坡道平面,預售屋權利轉售，讓渡日期:113年04月01日，權利買賣契約成交價格2728萬元含B1車位一個。預售屋、或土地及建物分件
高鐵特區,114S1,2021-11-08,十興路二段,RPPNNLRJKIJGFBJ38DA,十興路二段６０號,新竹縣竹北市十興路二段６０號十樓,住宅大樓(11層含以上有電梯),房地(土地+建物)+車位,十層/十四層,3房2廳2衛,46.9,1814,45.0,-3.0,2024-11-07,坡道平面,預售屋權利轉售，讓渡日期:111年11月21日，權利買賣契約成交價格1844萬元含B3車位一個。預售屋、或土地及建物分件
高鐵特區,114S1,2021-11-09,十興路二段,RPVNMLRJKIJGFBJ88DA,十興路二段４８號,新竹縣竹北市十興路二段４８號二樓,住宅大樓(11層含以上有電梯),房地(土地+建物)+車位,二層/十三層,3房2廳2衛,47.4,1797,43.9,-3.0,2024-11-07,坡道平面,預售屋權利轉售，讓渡日期:111年04月10日，權利買賣契約成交價格2060萬元含B3車位一個。預售屋、或土地及建物分件
高鐵特區,114S1,2021-11-09,十興路二段,RPQOMLRJKIJGFBJ48DA,十興路二段４２號,新竹縣竹北市十興路二段４２號三樓,住宅大樓(11層含以上有電梯),房地(土地+建物)+車位,三層/十三層,3房2廳2衛,50.3,1807,43.8,-3.0,2024-11-07,坡道平面,預售屋、或土地及建物分件登記案件；
高鐵特區,114S1,2021-11-09,十興路二段,RPSPMLRJKIJGFBJ78DA,十興路二段５６號,新竹縣竹北市十興路二段５６號五樓,住宅大樓(11層含以上有電梯),房地(土地+建物)+車位,五層/十四層,3房2廳2衛,46.5,1782,44.0,-3.0,2024-11-07,坡道平面,預售屋權利轉售，讓渡日期:112年01月15日，權利買賣契約成交價格2200萬元含B2車位一個。預售屋、或土地及建物分件
高鐵特區,114S1,2021-11-09,十興路二段,RPWTMLRJKIJGFBJ96DA,十興路二段４２號,新竹縣竹北市十興路二段４２號十樓,住宅大樓(11層含以上有電梯),房地(土地+建物)+車位,十層/十三層,3房2廳2衛,47.3,1844,45.0,-3.0,2024-11-07,坡道平面,預售屋權利轉售，讓渡日期:111年04月09日，權利買賣契約成交價格1864萬元含B1車位一個。預售屋、或土地及建物分件
高鐵特區,114S1,2021-11-09,十興路二段,RPSVMLRJKIJGFBJ76DA,十興路二段４２號,新竹縣竹北市十興路二段４２號十二樓,住宅大樓(11層含以上有電梯),房地(土地+建物)+車位,十二層/十三層,3房2廳2衛,46.9,1848,45.3,-3.0,2024-11-07,坡道平面,預售屋權利轉售，讓渡日期:112年05月19日，權利買賣契約成交價格2380萬元含B1車位一個。預售屋、或土地及建物分件
高鐵特區,114S1,2021-11-09,十興路二段,RPTWMLRJKIJGFBJ96DA,十興路二段５８號,新竹縣竹北市十興路二段５８號十四樓,住宅大樓(11層含以上有電梯),房地(土地+建物)+車位,十四層/十四層,3房2廳2衛,46.9,1862,45.7,-3.0,2024-11-07,坡道平面,預售屋權利轉售，讓渡日期:110年11月17日，權利買賣契約成交價格1922萬元含B1車位一個。預售屋、或土地及建物分件
高鐵特區,114S1,2021-11-09,十興路二段,RPUOMLRJKIJGFBJ88DA,十興路二段５６號,新竹縣竹北市十興路二段５６號四樓,住宅大樓(11層含以上有電梯),房地(土地+建物)+車位,四層/十四層,3房2廳2衛,50.3,1807,43.8,-3.0,2024-11-07,坡道平面,預售屋權利轉售，讓渡日期:112年08月02日，權利買賣契約成交價格2330萬元含B3車位一個。預售屋、或土地及建物分件
高鐵特區,114S1,2021-11-09,十興路二段,RPRNMLRLKIJGFBJ68DA,十興路二段５０號,新竹縣竹北市十興路二段５０號三樓,住宅大樓(11層含以上有電梯),房地(土地+建物)+車位,三層/十三層,3房2廳2衛,56.6,1945,43.9,-3.0,2024-11-07,坡道平面,預售屋權利轉售，讓渡日期:111年06月28日，權利買賣契約成交價格1965萬元含B1、B2車位二個。預售屋、或土地及建
高鐵特區,114S1,2021-11-10,十興路二段,RPTNMLRJKIJGFBJ68DA,十興路二段４６號,新竹縣竹北市十興路二段４６號二樓,住宅大樓(11層含以上有電梯),房地(土地+建物)+車位,二層/十三層,3房2廳2衛,48.3,1828,43.4,-3.0,2024-11-07,坡道平面,預售屋、或土地及建物分件登記案件；
高鐵特區,114S1,2021-11-10,十興路二段,RPUNMLRJKIJGFBJ78DA,十興路二段５０號,新竹縣竹北市十興路二段５０號二樓,住宅大樓(11層含以上有電梯),房地(土地+建物)+車位,二層/十三層,3房2廳2衛,47.8,1817,43.9,-3.0,2024-11-07,坡道平面,預售屋權利轉售，讓渡日期:111年09月14日，權利買賣契約成交價格1830萬元含B2車位一個。預售屋、或土地及建物分件
高鐵特區,114S1,2021-11-10,十興路二段,RPOOMLRJKIJGFBJ28DA,十興路二段６２號,新竹縣竹北市十興路二段６２號三樓,住宅大樓(11層含以上有電梯),房地(土地+建物)+車位,三層/十四層,3房2廳2衛,46.9,1772,43.8,-3.0,2024-11-07,坡道平面,預售屋、或土地及建物分件登記案件；
高鐵特區,114S1,2021-11-10,十興路二段,RPUPMLRJKIJGFBJ98DA,十興路二段６０號,新竹縣竹北市十興路二段６０號五樓,住宅大樓(11層含以上有電梯),房地(土地+建物)+車位,五層/十四層,3房2廳2衛,46.5,1782,44.0,-3.0,2024-11-07,坡道平面,預售屋權利轉售，讓渡日期:111年02月27日，權利買賣契約成交價格2160萬元含B2車位一個。預售屋、或土地及建物分件
高鐵特區,114S1,2021-11-10,十興路二段,RPTRMLRJKIJGFBJ09DA,十興路二段４２號,新竹縣竹北市十興路二段４２號七樓,住宅大樓(11層含以上有電梯),房地(土地+建物)+車位,七層/十三層,3房2廳2衛,50.1,1865,42.6,-3.0,2024-11-07,坡道平面,預售屋權利轉售，讓渡日期:112年07月08日，權利買賣契約成交價格2450萬元含B2車位一個。預售屋、或土地及建物分件
高鐵特區,114S1,2021-11-10,十興路二段,RPRSMLRJKIJGFBJ98DA,十興路二段４２號,新竹縣竹北市十興路二段４２號八樓,住宅大樓(11層含以上有電梯),房地(土地+建物)+車位,八層/十三層,3房2廳2衛,46.9,1810,44.6,-3.0,2024-11-07,坡道平面,預售屋權利轉售，讓渡日期:111年03月04日，權利買賣契約成交價格2115萬元含B2車位一個。預售屋、或土地及建物分件
高鐵特區,114S1,2021-11-10,十興路二段,RPVSMLRJKIJGFBJ76DA,十興路二段５６號,新竹縣竹北市十興路二段５６號九樓,住宅大樓(11層含以上有電梯),房地(土地+建物)+車位,九層/十四層,3房2廳2衛,46.9,1817,44.8,-3.0,2024-11-07,坡道平面,預售屋權利轉售，讓渡日期:110年12月03日，權利買賣契約成交價格1817萬元含B2車位一個。預售屋、或土地及建物分件
高鐵特區,114S1,2021-11-10,十興路二段,RPWSMLRJKIJGFBJ86DA,十興路二段６２號,新竹縣竹北市十興路二段６２號九樓,住宅大樓(11層含以上有電梯),房地(土地+建物)+車位,九層/十四層,3房2廳2衛,57.7,2022,44.8,-3.0,2024-11-07,坡道平面,預售屋權利轉售，讓渡日期:111年10月04日，權利買賣契約成交價格2022萬元含B1車位二個。預售屋、或土地及建物分件
高鐵特區,114S1,2021-11-10,十興路二段,RPXSMLRJKIJGFBJ96DA,十興路二段６０號,新竹縣竹北市十興路二段６０號九樓,住宅大樓(11層含以上有電梯),房地(土地+建物)+車位,九層/十四層,3房2廳2衛,47.3,1817,44.8,-3.0,2024-11-07,坡道平面,預售屋權利轉售，讓渡日期:111年03月20日，權利買賣契約成交價格2160萬元含B3車位一個。預售屋、或土地及建物分件
高鐵特區,114S1,2021-11-10,十興路二段,RPVTMLRJKIJGFBJ86DA,十興路二段４６號,新竹縣竹北市十興路二段４６號十樓,住宅大樓(11層含以上有電梯),房地(土地+建物)+車位,十層/十三層,3房2廳2衛,48.2,1838,44.1,-3.0,2024-11-07,坡道平面,預售屋、或土地及建物分件登記案件；
高鐵特區,114S1,2021-11-10,十興路二段,RPTVMLRJKIJGFBJ86DA,十興路二段５０號,新竹縣竹北市十興路二段５０號十二樓,住宅大樓(11層含以上有電梯),房地(土地+建物)+車位,十二層/十三層,3房2廳2衛,46.9,1833,45.4,-3.0,2024-11-07,坡道平面,預售屋權利轉售，讓渡日期:111年03月27日，權利買賣契約成交價格1883萬元含B2車位一個。預售屋、或土地及建物分件
高鐵特區,114S1,2021-11-10,十興路二段,RPTOMLTJKIJGFBJ98DA,十興路二段６０號,新竹縣竹北市十興路二段６０號三樓,住宅大樓(11層含以上有電梯),房地(土地+建物)+車位,三層/十四層,3房2廳2衛,46.9,1772,43.8,-3.0,2024-11-07,坡道平面,預售屋、或土地及建物分件登記案件；
高鐵特區,114S1,2021-11-11,十興路二段,RPRNMLRJKIJGFBJ48DA,十興路二段６２號,新竹縣竹北市十興路二段６２號二樓,住宅大樓(11層含以上有電梯),房地(土地+建物)+車位,二層/十四層,3房2廳2衛,47.9,1817,43.6,-3.0,2024-11-07,坡道平面,預售屋、或土地及建物分件登記案件；
高鐵特區,114S1,2021-11-11,十興路二段,RPQQMLRJKIJGFBJ68DA,十興路二段５６號,新竹縣竹北市十興路二段５６號六樓,住宅大樓(11層含以上有電梯),房地(土地+建物)+車位,六層/十四層,3房2廳2衛,47.3,1796,44.2,-3.0,2024-11-07,坡道平面,預售屋權利轉售，讓渡日期:112年01月16日，權利買賣契約成交價格1816萬元含B3車位一個。預售屋、或土地及建物分件
高鐵特區,114S1,2021-11-11,十興路二段,RPTQMLRJKIJGFBJ98DA,十興路二段６０號,新竹縣竹北市十興路二段６０號六樓,住宅大樓(11層含以上有電梯),房地(土地+建物)+車位,六層/十四層,3房2廳2衛,47.7,1821,44.2,-3.0,2024-11-07,坡道平面,預售屋權利轉售，讓渡日期:111年01月24日，權利買賣契約成交價格1866萬元含B1車位一個。預售屋、或土地及建物分件
高鐵特區,114S1,2021-11-11,十興路二段,RPWQMLRJKIJGFBJ66DA,十興路二段５０號,新竹縣竹北市十興路二段５０號六樓,住宅大樓(11層含以上有電梯),房地(土地+建物)+車位,六層/十三層,3房2廳2衛,46.5,1791,44.3,-3.0,2024-11-07,坡道平面,預售屋權利轉售，讓渡日期:111年03月23日，權利買賣契約成交價格1841萬元含B1車位一個。預售屋、或土地及建物分件
高鐵特區,114S1,2021-11-11,十興路二段,RPXTMLRJKIJGFBJ07DA,十興路二段５０號,新竹縣竹北市十興路二段５０號十樓,住宅大樓(11層含以上有電梯),房地(土地+建物)+車位,十層/十三層,3房2廳2衛,46.5,1809,45.0,-3.0,2024-11-07,坡道平面,預售屋權利轉售，讓渡日期:113年09月01日，權利買賣契約成交價格1809萬元含B2車位一個。預售屋、或土地及建物分件
高鐵特區,114S1,2021-11-11,十興路二段,RPSWMLRJKIJGFBJ86DA,十興路二段４８號,新竹縣竹北市十興路二段４８號十三樓,住宅大樓(11層含以上有電梯),房地(土地+建物)+車位,十三層/十三層,3房2廳2衛,46.9,1850,45.6,-3.0,2024-11-07,坡道平面,預售屋權利轉售，讓渡日期:111年04月13日，權利買賣契約成交價格1850萬元含B1車位一個。預售屋、或土地及建物分件
高鐵特區,114S1,2021-11-11,十興路二段,RPPWMLRJKIJGFBJ56DA,十興路二段４６號,新竹縣竹北市十興路二段４６號十三樓,住宅大樓(11層含以上有電梯),房地(土地+建物)+車位,十三層/十三層,3房2廳2衛,47.3,1845,45.5,-3.0,2024-11-07,坡道平面,預售屋權利轉售，讓渡日期:112年10月05日，權利買賣契約成交價格1860萬元含B3車位一個。預售屋、或土地及建物分件
高鐵特區,114S1,2021-11-12,十興路二段,RPPNMLRJKIJGFBJ28DA,十興路二段５８號,新竹縣竹北市十興路二段５８號二樓,住宅大樓(11層含以上有電梯),房地(土地+建物)+車位,二層/十四層,3房2廳2衛,51.3,1845,43.7,-3.0,2024-11-07,坡道平面,預售屋、或土地及建物分件登記案件；
高鐵特區,114S1,2021-11-12,十興路二段,RPWNMLRJKIJGFBJ98DA,十興路二段５８號,新竹縣竹北市十興路二段５８號三樓,住宅大樓(11層含以上有電梯),房地(土地+建物)+車位,三層/十四層,3房2廳2衛,49.7,1824,42.1,-3.0,2024-11-07,坡道平面,預售屋權利轉售，讓渡日期:113年05月26日，權利買賣契約成交價格2550萬元含B3車位一個。預售屋、或土地及建物分件
高鐵特區,114S1,2021-11-12,十興路二段,RPORMLRJKIJGFBJ58DA,十興路二段５８號,新竹縣竹北市十興路二段５８號七樓,住宅大樓(11層含以上有電梯),房地(土地+建物)+車位,七層/十四層,3房2廳2衛,46.9,1813,44.4,-3.0,2024-11-07,坡道平面,預售屋權利轉售，讓渡日期:112年12月30日，權利買賣契約成交價格2465萬元含B1車位一個。預售屋、或土地及建物分件
高鐵特區,114S1,2021-11-12,十興路二段,RPUSMLRJKIJGFBJ66DA,十興路二段５８號,新竹縣竹北市十興路二段５８號九樓,住宅大樓(11層含以上有電梯),房地(土地+建物)+車位,九層/十四層,3房2廳2衛,50.3,1842,44.8,-3.0,2024-11-07,坡道平面,預售屋權利轉售，讓渡日期:113年03月28日，權利買賣契約成交價格2658萬元含B3車位一個。預售屋、或土地及建物分件
高鐵特區,114S1,2021-11-12,十興路二段,RPXNMLTJKIJGFBJ66DA,十興路二段４２號,新竹縣竹北市十興路二段４２號二樓,住宅大樓(11層含以上有電梯),房地(土地+建物)+車位,二層/十三層,3房2廳2衛,47.9,1808,43.6,-3.0,2024-11-07,坡道平面,預售屋、或土地及建物分件登記案件；
高鐵特區,114S1,2021-11-12,十興路二段,RPSNMLRJKIJGFBJ58DA,十興路二段６０號,新竹縣竹北市十興路二段６０號二樓,住宅大樓(11層含以上有電梯),房地(土地+建物)+車位,二層/十四層,3房2廳2衛,47.9,1831,43.7,-3.0,2024-11-07,坡道平面,預售屋權利轉售，讓渡日期:113年01月21日，權利買賣契約成交價格2215萬元含B1車位一個。預售屋、或土地及建物分件
高鐵特區,114S1,2021-11-12,十興路二段,RPQPMLRJKIJGFBJ58DA,十興路二段４８號,新竹縣竹北市十興路二段４８號四樓,住宅大樓(11層含以上有電梯),房地(土地+建物)+車位,四層/十三層,3房2廳2衛,46.5,1777,43.9,-3.0,2024-11-07,坡道平面,預售屋權利轉售，讓渡日期:111年04月19日，權利買賣契約成交價格1800萬元含B1車位一個。預售屋、或土地及建物分件
高鐵特區,114S1,2021-11-13,十興路二段,RPWPMLRJKIJGFBJ56DA,十興路二段４２號,新竹縣竹北市十興路二段４２號五樓,住宅大樓(11層含以上有電梯),房地(土地+建物)+車位,五層/十三層,3房2廳2衛,47.3,1799,44.0,-3.0,2024-11-07,坡道平面,預售屋權利轉售，讓渡日期:110年11月29日，權利買賣契約成交價格2054萬元含B2車位一個。預售屋、或土地及建物分件
高鐵特區,114S1,2021-11-13,十興路二段,RPPTMLRJKIJGFBJ88DA,十興路二段４２號,新竹縣竹北市十興路二段４２號九樓,住宅大樓(11層含以上有電梯),房地(土地+建物)+車位,九層/十三層,3房2廳2衛,47.3,1827,44.8,-3.0,2024-11-07,坡道平面,預售屋權利轉售，讓渡日期:111年04月23日，權利買賣契約成交價格2268萬元含B2車位一個。預售屋、或土地及建物分件
高鐵特區,114S1,2021-11-13,十興路二段,RPWWMLRJKIJGFBJ27DA,十興路二段６０號,新竹縣竹北市十興路二段６０號十四樓,住宅大樓(11層含以上有電梯),房地(土地+建物)+車位,十四層/十四層,3房2廳2衛,48.2,1866,44.8,-3.0,2024-11-07,坡道平面,預售屋、或土地及建物分件登記案件；
高鐵特區,114S1,2021-11-13,十興路二段,RPPRMLRJKIJGFBJ68DA,十興路二段５６號,新竹縣竹北市十興路二段５６號七樓,住宅大樓(11層含以上有電梯),房地(土地+建物)+車位,七層/十四層,3房2廳2衛,46.9,1803,44.4,-3.0,2024-11-07,坡道平面,預售屋權利轉售，讓渡日期:111年09月01日，權利買賣契約成交價格2250萬元含B2車位一個。預售屋、或土地及建物分件
高鐵特區,114S1,2021-11-14,十興路二段,RPVRMLRJKIJGFBJ66DA,十興路二段４８號,新竹縣竹北市十興路二段４８號七樓,住宅大樓(11層含以上有電梯),房地(土地+建物)+車位,七層/十三層,3房2廳2衛,46.5,1778,44.5,-3.0,2024-11-07,坡道平面,預售屋、或土地及建物分件登記案件；
高鐵特區,114S1,2021-11-14,十興路二段,RPOTMLRJKIJGFBJ78DA,十興路二段４６號,新竹縣竹北市十興路二段４６號九樓,住宅大樓(11層含以上有電梯),房地(土地+建物)+車位,九層/十三層,3房2廳2衛,48.2,1841,43.9,-3.0,2024-11-07,坡道平面,預售屋權利轉售，讓渡日期:111年03月23日，權利買賣契約成交價格2090萬元含B2車位一個。預售屋、或土地及建物分件
高鐵特區,114S1,2021-11-14,十興路二段,RPRVMLRJKIJGFBJ66DA,十興路二段４６號,新竹縣竹北市十興路二段４６號十二樓,住宅大樓(11層含以上有電梯),房地(土地+建物)+車位,十二層/十三層,3房2廳2衛,46.9,1838,45.3,-3.0,2024-11-07,坡道平面,預售屋權利轉售，讓渡日期:112年12月13日，權利買賣契約成交價格1853萬元含B2車位一個。預售屋、或土地及建物分件
高鐵特區,114S1,2021-11-15,十興路二段,RPSQMLRJKIJGFBJ88DA,十興路二段６０號,新竹縣竹北市十興路二段６０號四樓,住宅大樓(11層含以上有電梯),房地(土地+建物)+車位,四層/十四層,3房2廳2衛,46.5,1765,43.8,-3.0,2024-11-07,坡道平面,預售屋權利轉售，讓渡日期:111年03月13日，權利買賣契約成交價格2100萬元含B3車位一個。預售屋、或土地及建物分件
高鐵特區,114S1,2021-11-15,十興路二段,RPURMLRJKIJGFBJ56DA,十興路二段５０號,新竹縣竹北市十興路二段５０號七樓,住宅大樓(11層含以上有電梯),房地(土地+建物)+車位,七層/十三層,3房2廳2衛,46.9,1788,44.5,-3.0,2024-11-07,坡道平面,預售屋、或土地及建物分件登記案件；
高鐵特區,114S1,2021-11-15,十興路二段,RPRTMLRJKIJGFBJ09DA,十興路二段４８號,新竹縣竹北市十興路二段４８號九樓,住宅大樓(11層含以上有電梯),房地(土地+建物)+車位,九層/十三層,3房2廳2衛,48.3,1828,43.9,-3.0,2024-11-07,坡道平面,預售屋、或土地及建物分件登記案件；
高鐵特區,114S1,2021-11-16,十興路二段,RPWRMLRJKIJGFBJ76DA,十興路二段５８號,新竹縣竹北市十興路二段５８號八樓,住宅大樓(11層含以上有電梯),房地(土地+建物)+車位,八層/十四層,3房2廳2衛,50.3,1835,44.6,-3.0,2024-11-07,坡道平面,預售屋、或土地及建物分件登記案件；
高鐵特區,114S1,2021-11-16,十興路二段,RPXRMLRJKIJGFBJ86DA,十興路二段５６號,新竹縣竹北市十興路二段５６號八樓,住宅大樓(11層含以上有電梯),房地(土地+建物)+車位,八層/十四層,3房2廳2衛,53.1,1897,42.8,-3.0,2024-11-07,坡道平面,預售屋權利轉售，讓渡日期:113年09月10日，權利買賣契約成交價格1897萬元含B2車位一個。預售屋、或土地及建物分件
高鐵特區,114S1,2021-11-16,十興路二段,RPXWMLRJKIJGFBJ37DA,十興路二段５６號,新竹縣竹北市十興路二段５６號十四樓,住宅大樓(11層含以上有電梯),房地(土地+建物)+車位,十四層/十四層,3房2廳2衛,53.1,1929,43.8,-3.0,2024-11-07,坡道平面,預售屋、或土地及建物分件登記案件；
高鐵特區,114S1,2021-11-16,十興路二段,RPOOMLTJKIJGFBJ48DA,十興路二段４８號,新竹縣竹北市十興路二段４８號十二樓,住宅大樓(11層含以上有電梯),房地(土地+建物)+車位,十二層/十三層,3房2廳2衛,49.9,1848,45.4,-3.0,2024-11-07,坡道平面,預售屋、或土地及建物分件登記案件；
高鐵特區,114S1,2021-11-17,十興路二段,RPRQMLRJKIJGFBJ78DA,十興路二段６２號,新竹縣竹北市十興路二段６２號六樓,住宅大樓(11層含以上有電梯),房地(土地+建物)+車位,六層/十四層,3房2廳2衛,47.3,1796,44.2,-3.0,2024-11-07,坡道平面,預售屋權利轉售，讓渡日期:110年12月24日，權利買賣契約成交價格2088萬元含B3車位一個。預售屋、或土地及建物分件
高鐵特區,114S1,2021-11-17,十興路二段,RPPVMLRJKIJGFBJ09DA,十興路二段６２號,新竹縣竹北市十興路二段６２號十二樓,住宅大樓(11層含以上有電梯),房地(土地+建物)+車位,十二層/十四層,3房2廳2衛,48.2,1862,44.4,-3.0,2024-11-07,坡道平面,預售屋、或土地及建物分件登記案件；
高鐵特區,114S1,2021-11-18,十興路二段,RPQRMLRJKIJGFBJ78DA,十興路二段６２號,新竹縣竹北市十興路二段６２號七樓,住宅大樓(11層含以上有電梯),房地(土地+建物)+車位,七層/十四層,3房2廳2衛,46.9,1803,44.4,-3.0,2024-11-07,坡道平面,預售屋權利轉售，讓渡日期:111年04月05日，權利買賣契約成交價格2175萬元含B2車位一個。預售屋、或土地及建物分件
高鐵特區,114S1,2021-11-18,十興路二段,RPSRMLRJKIJGFBJ98DA,十興路二段４６號,新竹縣竹北市十興路二段４６號七樓,住宅大樓(11層含以上有電梯),房地(土地+建物)+車位,七層/十三層,3房2廳2衛,47.3,1813,44.4,-3.0,2024-11-07,坡道平面,預售屋權利轉售，讓渡日期:110年12月19日，權利買賣契約成交價格2105萬元含B2車位一個。預售屋、或土地及建物分件
高鐵特區,114S1,2021-11-18,十興路二段,RPQSMLRJKIJGFBJ88DA,十興路二段４６號,新竹縣竹北市十興路二段４６號八樓,住宅大樓(11層含以上有電梯),房地(土地+建物)+車位,八層/十三層,3房2廳2衛,56.9,1995,44.6,-3.0,2024-11-07,坡道平面,預售屋權利轉售，讓渡日期:112年06月10日，權利買賣契約成交價格2333萬元含B2-48車位一個，另向椰林建設加購B
高鐵特區,114S1,2021-11-18,十興路二段,RPQWMLRJKIJGFBJ66DA,十興路二段４２號,新竹縣竹北市十興路二段４２號十三樓,住宅大樓(11層含以上有電梯),房地(土地+建物)+車位,十三層/十三層,3房2廳2衛,49.3,1880,43.7,-3.0,2024-11-07,坡道平面,預售屋權利轉售，讓渡日期:111年05月03日，權利買賣契約成交價格1900萬元含B3車位一個。預售屋、或土地及建物分件
高鐵特區,114S1,2021-11-19,十興路二段,RPOSMLRJKIJGFBJ68DA,十興路二段６２號,新竹縣竹北市十興路二段６２號八樓,住宅大樓(11層含以上有電梯),房地(土地+建物)+車位,八層/十四層,3房2廳2衛,46.9,1800,44.6,-3.0,2024-11-07,坡道平面,預售屋、或土地及建物分件登記案件；
高鐵特區,114S1,2021-11-21,十興路二段,RPRPMLRJKIJGFBJ68DA,十興路二段５８號,新竹縣竹北市十興路二段５８號五樓,住宅大樓(11層含以上有電梯),房地(土地+建物)+車位,五層/十四層,3房2廳2衛,46.9,1799,44.0,-3.0,2024-11-07,坡道平面,預售屋、或土地及建物分件登記案件；
高鐵特區,114S1,2021-11-22,十興路二段,RPOUMLRJKIJGFBJ88DA,十興路二段４８號,新竹縣竹北市十興路二段４８號十樓,住宅大樓(11層含以上有電梯),房地(土地+建物)+車位,十層/十三層,3房2廳2衛,48.3,1855,44.1,-3.0,2024-11-07,坡道平面,預售屋、或土地及建物分件登記案件；
高鐵特區,114S1,2021-11-22,十興路二段,RPUUMLRJKIJGFBJ86DA,十興路二段４２號,新竹縣竹北市十興路二段４２號十一樓,住宅大樓(11層含以上有電梯),房地(土地+建物)+車位,十一層/十三層,3房2廳2衛,47.3,1851,45.2,-3.0,2024-11-07,坡道平面,預售屋權利轉售，讓渡日期:113年02月22日，權利買賣契約成交價格2470萬元含B1車位一個。預售屋、或土地及建物分件
高鐵特區,114S1,2021-11-25,十興路二段,RPSNMLSKJIJGFBJ68DA,十興路二段６６號,新竹縣竹北市十興路二段６６號,住宅大樓(11層含以上有電梯),房地(土地+建物)+車位,一層，見其他登記事項/十四層,0房0廳0衛,166.2,4708,37.7,-3.0,2024-11-07,坡道平面,預售屋、或土地及建物分件登記案件；
高鐵特區,113S3,2021-11-27,隘口六街,RPSQMLNKQHJGFBJ09DA,隘口六街９６號,新竹縣竹北市隘口六街９６號,華廈(10層含以下有電梯),房地(土地+建物),一層，見其他登記事項/五層,0房0廳0衛,25.7,1980,77.1,-2.4,2024-04-26,,預售屋、或土地及建物分件登記案件；
高鐵特區,113S4,2021-11-27,隘口六街,RPSOMLTKRHJGFBJ96DA,隘口六街９６號,新竹縣竹北市隘口六街９６號四樓之二,華廈(10層含以下有電梯),房地(土地+建物)+車位,四層/五層,3房2廳2衛,32.1,1410,42.9,-2.4,2024-04-26,其他,於111/04/24日讓渡讓渡金額:新台幣1620萬元正預售屋、或土地及建物分件登記案件；
高鐵特區,114S1,2021-11-28,十興路二段,RPPSMLRJKIJGFBJ78DA,十興路二段６０號,新竹縣竹北市十興路二段６０號八樓,住宅大樓(11層含以上有電梯),房地(土地+建物)+車位,八層/十四層,3房2廳2衛,46.9,1820,44.6,-3.0,2024-11-07,坡道平面,預售屋權利轉售，讓渡日期:111年03月27日，權利買賣契約成交價格2072萬元含B1車位一個。預售屋、或土地及建物分件
高鐵特區,113S3,2021-12-01,隘口六街,RPPSMLNKQHJGFBJ98DA,隘口六街９６號,新竹縣竹北市隘口六街９６號五樓之二,華廈(10層含以下有電梯),房地(土地+建物)+車位,五層/五層,3房2廳2衛,32.1,1480,45.2,-2.3,2024-04-26,其他,預售屋、或土地及建物分件登記案件；
高鐵特區,113S3,2021-12-02,隘口六街,RPXNMLOKQHJGFBJ76DA,隘口六街９６號,新竹縣竹北市隘口六街９６號四樓之一,華廈(10層含以下有電梯),房地(土地+建物)+車位,四層/五層,3房2廳2衛,32.4,1430,43.2,-2.3,2024-04-26,其他,於111/05/27日讓渡讓渡金額:新台幣1700萬元整預售屋、或土地及建物分件登記案件；
高鐵特區,113S4,2021-12-02,隘口六街,RPQOMLTKRHJGFBJ76DA,隘口六街９６號,新竹縣竹北市隘口六街９６號二樓之一,華廈(10層含以下有電梯),房地(土地+建物)+車位,二層/五層,3房2廳2衛,32.4,1430,43.2,-2.3,2024-04-26,其他,111/3/19讓渡讓渡金額:新台幣1550萬元正預售屋、或土地及建物分件登記案件；
高鐵特區,113S3,2021-12-03,隘口六街,RPUQMLNKQHJGFBJ66DA,隘口六街９６號,新竹縣竹北市隘口六街９６號三樓之一,華廈(10層含以下有電梯),房地(土地+建物)+車位,三層/五層,3房2廳2衛,32.4,1375,41.5,-2.3,2024-04-26,其他,預售屋、或土地及建物分件登記案件；
高鐵特區,113S3,2021-12-03,隘口六街,RPPRMLNKQHJGFBJ88DA,隘口六街９６號,新竹縣竹北市隘口六街９６號二樓之二,華廈(10層含以下有電梯),房地(土地+建物)+車位,二層/五層,3房2廳2衛,32.1,1398,42.5,-2.3,2024-04-26,其他,預售屋、或土地及建物分件登記案件；
高鐵特區,113S3,2021-12-03,隘口六街,RPQSMLNKQHJGFBJ09DA,隘口六街９６號,新竹縣竹北市隘口六街９６號三樓之二,華廈(10層含以下有電梯),房地(土地+建物)+車位,三層/五層,3房2廳2衛,32.1,1480,45.2,-2.3,2024-04-26,其他,預售屋、或土地及建物分件登記案件；
高鐵特區,114S2,2021-12-31,隘口七街,RPWPMLOKMHKGFBJ56DA,隘口七街８８號,新竹縣竹北市隘口七街８８號十樓之三,住宅大樓(11層含以上有電梯),房地(土地+建物)+車位,十層/十三層,4房2廳2衛,64.7,2588,52.2,-3.0,2024-12-23,坡道平面,預售屋、或土地及建物分件登記案件；
高鐵特區,114S2,2021-12-31,隘口七街,RPTNMLMJNHKGFBJ48DA,隘口七街８８號,新竹縣竹北市隘口七街８８號二樓之二,住宅大樓(11層含以上有電梯),房地(土地+建物)+車位,二層/十三層,4房2廳2衛,54.5,2467,51.3,-3.0,2024-12-23,坡道平面,預售屋、或土地及建物分件登記案件；
高鐵特區,114S2,2021-12-31,隘口七街,RPVNMLMJNHKGFBJ68DA,隘口七街８８號,新竹縣竹北市隘口七街８８號三樓之二,住宅大樓(11層含以上有電梯),房地(土地+建物)+車位,三層/十三層,4房2廳2衛,56.5,2485,51.3,-3.0,2024-12-23,坡道平面,預售屋、或土地及建物分件登記案件；
高鐵特區,114S2,2021-12-31,隘口七街,RPXNMLMJNHKGFBJ88DA,隘口七街８８號,新竹縣竹北市隘口七街８８號七樓之三,住宅大樓(11層含以上有電梯),房地(土地+建物)+車位,七層/十三層,4房2廳2衛,65.0,2687,52.1,-3.0,2024-12-23,坡道平面,預售屋、或土地及建物分件登記案件；
高鐵特區,114S2,2021-12-31,隘口七街,RPSOMLOKMHKGFBJ68DA,隘口七街８８號,新竹縣竹北市隘口七街８８號四樓之二,住宅大樓(11層含以上有電梯),房地(土地+建物)+車位,四層/十三層,4房2廳2衛,54.5,2457,51.1,-3.0,2024-12-23,坡道平面,預售屋、或土地及建物分件登記案件；
高鐵特區,114S2,2021-12-31,隘口七街,RPVQMLOKMHKGFBJ56DA,隘口七街８８號,新竹縣竹北市隘口七街８８號十三樓之一,住宅大樓(11層含以上有電梯),房地(土地+建物)+車位,十三層/十三層,3房2廳2衛,47.7,2202,53.9,-3.0,2024-12-23,坡道平面,預售屋、或土地及建物分件登記案件；
高鐵特區,114S2,2021-12-31,隘口七街,RPOOMLNLNHKGFBJ38DA,隘口七街８８號,新竹縣竹北市隘口七街８８號七樓之五,住宅大樓(11層含以上有電梯),房地(土地+建物)+車位,七層/十三層,3房2廳2衛,47.5,2158,52.9,-3.0,2024-12-23,坡道平面,預售屋、或土地及建物分件登記案件；
高鐵特區,114S2,2021-12-31,隘口七街,RPPOMLNLNHKGFBJ48DA,隘口七街８８號,新竹縣竹北市隘口七街８８號五樓之二,住宅大樓(11層含以上有電梯),房地(土地+建物)+車位,五層/十三層,4房2廳2衛,64.7,2553,51.5,-3.0,2024-12-23,坡道平面,預售屋、或土地及建物分件登記案件；
高鐵特區,114S2,2022-01-01,隘口七街,RPWOMLOKMHKGFBJ09DA,隘口七街８８號,新竹縣竹北市隘口七街８８號五樓之一,住宅大樓(11層含以上有電梯),房地(土地+建物)+車位,五層/十三層,3房2廳2衛,47.7,1995,48.3,-2.9,2024-12-23,坡道平面,預售屋、或土地及建物分件登記案件；
高鐵特區,114S2,2022-01-01,隘口七街,RPPQMLOKMHKGFBJ58DA,隘口七街８８號,新竹縣竹北市隘口七街８８號十一樓之五,住宅大樓(11層含以上有電梯),房地(土地+建物)+車位,十一層/十三層,3房2廳2衛,47.5,2187,53.7,-2.9,2024-12-23,坡道平面,預售屋、或土地及建物分件登記案件；
高鐵特區,114S2,2022-01-01,隘口七街,RPUQMLOKMHKGFBJ09DA,隘口七街８８號,新竹縣竹北市隘口七街８８號十三樓之五,住宅大樓(11層含以上有電梯),房地(土地+建物)+車位,十三層/十三層,3房2廳2衛,47.5,2203,53.8,-2.9,2024-12-23,坡道平面,預售屋、或土地及建物分件登記案件；
高鐵特區,114S2,2022-01-01,隘口七街,RPVOMLPKMHKGFBJ09DA,隘口七街８８號,新竹縣竹北市隘口七街８８號十三樓之二,住宅大樓(11層含以上有電梯),房地(土地+建物)+車位,十三層/十三層,4房2廳2衛,54.5,2523,52.8,-2.9,2024-12-23,坡道平面,預售屋、或土地及建物分件登記案件；
高鐵特區,114S2,2022-01-01,隘口七街,RPOPMLTKNHKGFBJ98DA,隘口七街８８號,新竹縣竹北市隘口七街８８號四樓之三,住宅大樓(11層含以上有電梯),房地(土地+建物)+車位,四層/十三層,4房2廳2衛,54.5,2446,51.1,-2.9,2024-12-23,坡道平面,預售屋、或土地及建物分件登記案件；
高鐵特區,114S2,2022-01-01,隘口七街,RPSQMLOKMHKGFBJ88DA,隘口七街８８號,新竹縣竹北市隘口七街８８號十二樓之一,住宅大樓(11層含以上有電梯),房地(土地+建物)+車位,十二層/十三層,3房2廳2衛,47.5,2187,53.7,-2.9,2024-12-23,坡道平面,預售屋、或土地及建物分件登記案件；
高鐵特區,114S2,2022-01-01,隘口七街,RPWQMLOKMHKGFBJ66DA,隘口七街８８號,新竹縣竹北市隘口七街８８號十樓之二,住宅大樓(11層含以上有電梯),房地(土地+建物)+車位,十層/十三層,4房2廳2衛,64.7,2703,52.3,-2.9,2024-12-23,坡道平面,預售屋、或土地及建物分件登記案件；
高鐵特區,114S2,2022-01-01,隘口七街,RPUOMLPKMHKGFBJ98DA,隘口七街８８號,新竹縣竹北市隘口七街８８號九樓之五,住宅大樓(11層含以上有電梯),房地(土地+建物)+車位,九層/十三層,3房2廳2衛,47.5,2183,53.3,-2.9,2024-12-23,坡道平面,預售屋、或土地及建物分件登記案件；
高鐵特區,114S2,2022-01-01,隘口七街,RPQOMLQLNHKGFBJ88DA,隘口七街８８號,新竹縣竹北市隘口七街８８號三樓之五,住宅大樓(11層含以上有電梯),房地(土地+建物)+車位,三層/十三層,3房2廳2衛,47.5,1981,48.2,-2.9,2024-12-23,坡道平面,預售屋、或土地及建物分件登記案件；
高鐵特區,114S2,2022-01-01,隘口七街,RPTOMLQLNHKGFBJ56DA,隘口七街８８號,新竹縣竹北市隘口七街８８號十一樓之一,住宅大樓(11層含以上有電梯),房地(土地+建物)+車位,十一層/十三層,3房2廳2衛,47.7,2196,53.7,-2.9,2024-12-23,坡道平面,預售屋、或土地及建物分件登記案件；
高鐵特區,114S2,2022-01-02,隘口七街,RPQOMLPKMHKGFBJ58DA,隘口七街８８號,新竹縣竹北市隘口七街８８號十樓之一,住宅大樓(11層含以上有電梯),房地(土地+建物)+車位,十層/十三層,3房2廳2衛,47.5,2183,53.3,-2.9,2024-12-23,坡道平面,預售屋、或土地及建物分件登記案件；
高鐵特區,114S2,2022-01-02,隘口七街,RPROMLOKMHKGFBJ58DA,隘口七街８８號,新竹縣竹北市隘口七街８８號三樓之三,住宅大樓(11層含以上有電梯),房地(土地+建物)+車位,三層/十三層,4房2廳2衛,55.7,2476,51.5,-2.9,2024-12-23,坡道平面,預售屋、或土地及建物分件登記案件；
高鐵特區,114S2,2022-01-02,隘口七街,RPUPMLOKMHKGFBJ98DA,隘口七街８８號,新竹縣竹北市隘口七街８８號八樓之五,住宅大樓(11層含以上有電梯),房地(土地+建物)+車位,八層/十三層,3房2廳2衛,47.7,2166,52.9,-2.9,2024-12-23,坡道平面,預售屋、或土地及建物分件登記案件；
高鐵特區,114S2,2022-01-02,隘口七街,RPXPMLOKMHKGFBJ66DA,隘口七街８８號,新竹縣竹北市隘口七街８８號十樓之五,住宅大樓(11層含以上有電梯),房地(土地+建物)+車位,十層/十三層,3房2廳2衛,47.7,2191,53.3,-2.9,2024-12-23,坡道平面,預售屋、或土地及建物分件登記案件；
高鐵特區,114S2,2022-01-02,隘口七街,RPPOMLPKMHKGFBJ48DA,隘口七街８８號,新竹縣竹北市隘口七街８８號九樓之一,住宅大樓(11層含以上有電梯),房地(土地+建物)+車位,九層/十三層,3房2廳2衛,46.9,2176,53.3,-2.9,2024-12-23,坡道平面,預售屋、或土地及建物分件登記案件；
高鐵特區,114S2,2022-01-02,隘口七街,RPVOMLOKMHKGFBJ98DA,隘口七街８８號,新竹縣竹北市隘口七街８８號五樓之五,住宅大樓(11層含以上有電梯),房地(土地+建物)+車位,五層/十三層,3房2廳2衛,47.5,1998,48.4,-2.9,2024-12-23,坡道平面,預售屋、或土地及建物分件登記案件；
高鐵特區,114S2,2022-01-02,隘口七街,RPOOMLMJNHKGFBJ08DA,隘口七街８８號,新竹縣竹北市隘口七街８８號九樓之二,住宅大樓(11層含以上有電梯),房地(土地+建物)+車位,九層/十三層,4房2廳2衛,64.7,2703,52.3,-2.9,2024-12-23,坡道平面,預售屋、或土地及建物分件登記案件；
高鐵特區,114S2,2022-01-03,隘口七街,RPSPMLOKMHKGFBJ78DA,隘口七街８８號,新竹縣竹北市隘口七街８８號八樓之二,住宅大樓(11層含以上有電梯),房地(土地+建物)+車位,八層/十三層,4房2廳2衛,64.7,2687,51.9,-2.9,2024-12-23,坡道平面,預售屋、或土地及建物分件登記案件；
高鐵特區,114S2,2022-01-03,隘口七街,RPUOMLOKMHKGFBJ88DA,隘口七街８８號,新竹縣竹北市隘口七街８８號五樓之三,住宅大樓(11層含以上有電梯),房地(土地+建物)+車位,五層/十三層,4房2廳2衛,64.9,2561,51.5,-2.9,2024-12-23,坡道平面,預售屋、或土地及建物分件登記案件；
高鐵特區,114S2,2022-01-03,隘口七街,RPOPMLOKMHKGFBJ38DA,隘口七街８８號,新竹縣竹北市隘口七街８８號六樓之三,住宅大樓(11層含以上有電梯),房地(土地+建物)+車位,六層/十三層,4房2廳2衛,64.7,2677,51.7,-2.9,2024-12-23,坡道平面,預售屋、或土地及建物分件登記案件；
高鐵特區,114S2,2022-01-03,隘口七街,RPQQMLOKMHKGFBJ68DA,隘口七街８８號,新竹縣竹北市隘口七街８８號十二樓之二,住宅大樓(11層含以上有電梯),房地(土地+建物)+車位,十二層/十三層,4房2廳2衛,54.5,2517,52.7,-2.9,2024-12-23,坡道平面,預售屋、或土地及建物分件登記案件；
高鐵特區,114S2,2022-01-03,隘口七街,RPTOMLPKMHKGFBJ88DA,隘口七街８８號,新竹縣竹北市隘口七街８８號三樓之一,住宅大樓(11層含以上有電梯),房地(土地+建物)+車位,三層/十三層,3房2廳2衛,47.7,1988,48.1,-2.9,2024-12-23,坡道平面,預售屋、或土地及建物分件登記案件；
高鐵特區,114S2,2022-01-04,隘口七街,RPSNMLQJNHKGFBJ78DA,隘口七街８８號,新竹縣竹北市隘口七街８８號十二樓之三,住宅大樓(11層含以上有電梯),房地(土地+建物)+車位,十二層/十三層,4房2廳2衛,54.5,2516,52.6,-2.9,2024-12-23,坡道平面,預售屋、或土地及建物分件登記案件；
高鐵特區,114S2,2022-01-04,隘口七街,RPWNMLNLNHKGFBJ09DA,隘口七街８８號,新竹縣竹北市隘口七街８８號四樓之五,住宅大樓(11層含以上有電梯),房地(土地+建物)+車位,四層/十三層,3房2廳2衛,47.7,1991,48.0,-2.9,2024-12-23,坡道平面,預售屋、或土地及建物分件登記案件；
高鐵特區,114S3,2022-01-05,隘口七街,RPXOMLNJOHKGFBJ56DA,隘口七街８８號,新竹縣竹北市隘口七街８８號十一樓之二,住宅大樓(11層含以上有電梯),房地(土地+建物)+車位,十一層/十三層,4房2廳2衛,54.5,2526,52.7,-2.9,2024-12-23,坡道平面,預售屋、或土地及建物分件登記案件；
高鐵特區,114S2,2022-01-07,隘口七街,RPSOMLPKMHKGFBJ78DA,隘口七街８８號,新竹縣竹北市隘口七街８８號二樓之五,住宅大樓(11層含以上有電梯),房地(土地+建物)+車位,二層/十三層,3房2廳2衛,47.7,1981,48.0,-2.9,2024-12-23,坡道平面,預售屋、或土地及建物分件登記案件；
高鐵特區,114S2,2022-01-07,隘口七街,RPSOMLQLNHKGFBJ09DA,隘口七街８８號,新竹縣竹北市隘口七街８８號九樓之三,住宅大樓(11層含以上有電梯),房地(土地+建物)+車位,九層/十三層,4房2廳2衛,65.8,2681,52.3,-2.9,2024-12-23,坡道平面,預售屋、或土地及建物分件登記案件；
高鐵特區,114S2,2022-01-08,隘口七街,RPXOMLOKMHKGFBJ56DA,隘口七街８８號,新竹縣竹北市隘口七街８８號六樓之二,住宅大樓(11層含以上有電梯),房地(土地+建物)+車位,六層/十三層,4房2廳2衛,64.7,2648,51.7,-2.9,2024-12-23,坡道平面,預售屋、或土地及建物分件登記案件；
高鐵特區,114S2,2022-01-08,隘口七街,RPTOMLOKMHKGFBJ78DA,隘口七街８８號,新竹縣竹北市隘口七街８８號四樓之一,住宅大樓(11層含以上有電梯),房地(土地+建物)+車位,四層/十三層,3房2廳2衛,47.5,1973,47.9,-2.9,2024-12-23,坡道平面,預售屋、或土地及建物分件登記案件；
高鐵特區,114S2,2022-01-08,隘口七街,RPQPMLOKMHKGFBJ58DA,隘口七街８８號,新竹縣竹北市隘口七街８８號六樓之一,住宅大樓(11層含以上有電梯),房地(土地+建物)+車位,六層/十三層,3房2廳2衛,47.5,2150,52.7,-2.9,2024-12-23,坡道平面,預售屋、或土地及建物分件登記案件；
高鐵特區,114S2,2022-01-08,隘口七街,RPOQMLOKMHKGFBJ48DA,隘口七街８８號,新竹縣竹北市隘口七街８８號十一樓之三,住宅大樓(11層含以上有電梯),房地(土地+建物)+車位,十一層/十三層,4房2廳2衛,54.7,2538,52.9,-2.9,2024-12-23,坡道平面,預售屋、或土地及建物分件登記案件；
高鐵特區,114S2,2022-01-08,隘口七街,RPPPMLOKMHKGFBJ48DA,隘口七街８８號,新竹縣竹北市隘口七街８８號六樓之五,住宅大樓(11層含以上有電梯),房地(土地+建物)+車位,六層/十三層,3房2廳2衛,47.7,2158,52.7,-2.9,2024-12-23,坡道平面,預售屋、或土地及建物分件登記案件；
高鐵特區,114S2,2022-01-08,隘口七街,RPOOMLQLNHKGFBJ68DA,隘口七街８８號,新竹縣竹北市隘口七街８８號七樓之一,住宅大樓(11層含以上有電梯),房地(土地+建物)+車位,七層/十三層,3房2廳2衛,47.7,2166,52.9,-2.9,2024-12-23,坡道平面,預售屋、或土地及建物分件登記案件；
高鐵特區,114S2,2022-01-09,隘口七街,RPQOMLOKMHKGFBJ48DA,隘口七街８８號,新竹縣竹北市隘口七街８８號二樓之一,住宅大樓(11層含以上有電梯),房地(土地+建物)+車位,二層/十三層,3房2廳2衛,47.5,1983,47.9,-2.9,2024-12-23,坡道平面,預售屋、或土地及建物分件登記案件；
高鐵特區,114S2,2022-01-09,隘口七街,RPRQMLOKMHKGFBJ78DA,隘口七街８８號,新竹縣竹北市隘口七街８８號十二樓之五,住宅大樓(11層含以上有電梯),房地(土地+建物)+車位,十二層/十三層,3房2廳2衛,47.7,2196,53.7,-2.9,2024-12-23,坡道平面,預售屋、或土地及建物分件登記案件；
高鐵特區,114S2,2022-01-09,隘口七街,RPTQMLOKMHKGFBJ98DA,隘口七街８８號,新竹縣竹北市隘口七街８８號十三樓之三,住宅大樓(11層含以上有電梯),房地(土地+建物)+車位,十三層/十三層,4房2廳2衛,56.7,2562,52.8,-2.9,2024-12-23,坡道平面,預售屋、或土地及建物分件登記案件；
高鐵特區,114S2,2022-01-09,隘口七街,RPTPMLOKMHKGFBJ88DA,隘口七街８８號,新竹縣竹北市隘口七街８８號八樓之三,住宅大樓(11層含以上有電梯),房地(土地+建物)+車位,八層/十三層,4房2廳2衛,64.7,2686,51.9,-2.9,2024-12-23,坡道平面,預售屋、或土地及建物分件登記案件；
高鐵特區,114S2,2022-01-09,隘口七街,RPUNMLMJNHKGFBJ58DA,隘口七街８８號,新竹縣竹北市隘口七街８８號二樓之三,住宅大樓(11層含以上有電梯),房地(土地+建物)+車位,二層/十三層,4房2廳2衛,54.5,2457,51.3,-2.9,2024-12-23,坡道平面,預售屋、或土地及建物分件登記案件；
高鐵特區,114S3,2022-01-09,隘口七街,RPROMLQLNHKGFBJ98DA,隘口七街８８號,新竹縣竹北市隘口七街８８號八樓之一,住宅大樓(11層含以上有電梯),房地(土地+建物)+車位,八層/十三層,3房2廳2衛,47.5,2158,52.9,-2.9,2024-12-23,坡道平面,預售屋、或土地及建物分件登記案件；
高鐵特區,114S2,2022-01-10,隘口七街,RPRPMLOKMHKGFBJ68DA,隘口七街８８號,新竹縣竹北市隘口七街８８號七樓之二,住宅大樓(11層含以上有電梯),房地(土地+建物)+車位,七層/十三層,4房2廳2衛,63.9,2671,51.9,-2.9,2024-12-23,坡道平面,預售屋、或土地及建物分件登記案件；
高鐵特區,113S3,2022-02-27,光明六路東二段,RPXOMLQJOHJGFBJ76DA,光明六路東二段６２９號,新竹縣竹北市光明六路東二段６２９號十樓之一,住宅大樓(11層含以上有電梯),房地(土地+建物)+車位,十層/十三層,3房2廳2衛,44.9,2050,45.6,-1.8,2023-12-15,坡道平面,
高鐵特區,113S3,2022-03-07,光明六路東二段,RPXQMLTLJHJGFBJ96DA,光明六路東二段６１９號,新竹縣竹北市光明六路東二段６１９號,住宅大樓(11層含以上有電梯),房地(土地+建物)+車位,一層，見其他登記事項/十五層,0房1廳1衛,59.2,2513,47.2,-1.8,2023-12-15,坡道平面,預售屋權利轉售，權利買賣契約成立於112年7月25日，成交價格新台幣2633萬元整預售屋、或土地及建物分件登記案件；
高鐵特區,113S3,2022-03-07,光明六路東二段,RPVPMLTLJHJGFBJ66DA,光明六路東二段６４５號,新竹縣竹北市光明六路東二段６４５號,住宅大樓(11層含以上有電梯),房地(土地+建物)+車位,一層，見其他登記事項/十五層,0房1廳1衛,59.2,2429,45.6,-1.8,2023-12-15,坡道平面,預售屋、或土地及建物分件登記案件；
高鐵特區,113S3,2022-04-22,光明六路東二段,RPPNMLKMNHJGFBJ18EA,光明六路東二段６３５號,新竹縣竹北市光明六路東二段６３５號十一樓之三,住宅大樓(11層含以上有電梯),房地(土地+建物)+車位,十一層/十四層,2房2廳1衛,33.4,1480,44.4,-1.7,2023-12-15,坡道平面,
高鐵特區,114S1,2022-05-21,十興路二段,RPVQMLRJKIJGFBJ56DA,十興路二段４２號,新竹縣竹北市十興路二段４２號六樓,住宅大樓(11層含以上有電梯),房地(土地+建物)+車位,六層/十三層,3房2廳2衛,47.3,1840,45.4,-2.5,2024-11-07,坡道平面,預售屋、或土地及建物分件登記案件；
高鐵特區,115S2,2022-07-04,莊敬三路,RPWNMLKKMHLGFBJ68DA,莊敬三路３５８號,新竹縣竹北市莊敬三路３５８號十六樓,住宅大樓(11層含以上有電梯),房地(土地+建物)+車位,十六層/十九層,3房2廳2衛,81.6,4323,60.9,-3.2,2025-10-08,坡道平面,預售屋、或土地及建物分件登記案件；
高鐵特區,115S1,2022-07-05,莊敬三路,RPPUMLLLJIKGFBJ58DA,莊敬三路３５６號,新竹縣竹北市莊敬三路３５６號十八樓,住宅大樓(11層含以上有電梯),房地(土地+建物)+車位,十八層/十九層,4房2廳2衛,88.5,4760,61.4,-3.2,2025-10-08,坡道平面,預售屋、或土地及建物分件登記案件；
高鐵特區,115S1,2022-07-05,莊敬三路,RPQUMLLLJIKGFBJ68DA,莊敬三路３５６號,新竹縣竹北市莊敬三路３５６號十九樓,住宅大樓(11層含以上有電梯),房地(土地+建物)+車位,十九層/十九層,4房2廳2衛,88.6,4780,61.4,-3.2,2025-10-08,坡道平面,預售屋、或土地及建物分件登記案件；
高鐵特區,114S1,2022-07-07,十興路一段,RPPNMLMKKHKGFBJ87DA,十興路一段３９０號,新竹縣竹北市十興路一段３９０號十一樓,住宅大樓(11層含以上有電梯),房地(土地+建物)+車位,十一層/二十層,4房2廳2衛,79.6,3995,58.7,-2.3,2024-11-25,坡道平面,預售屋、或土地及建物分件登記案件；
高鐵特區,114S1,2022-07-08,十興路一段,RPXOMLKKJHKGFBJ48DA,十興路一段３９２號,新竹縣竹北市十興路一段３９２號十九樓,住宅大樓(11層含以上有電梯),房地(土地+建物)+車位,十九層/二十層,4房2廳3衛,95.3,4790,60.2,-2.3,2024-11-25,坡道平面,預售屋、或土地及建物分件登記案件；
高鐵特區,114S1,2022-07-08,十興路一段,RPPNMLPJKHKGFBJ08DA,十興路一段３９２號,新竹縣竹北市十興路一段３９２號八樓,住宅大樓(11層含以上有電梯),房地(土地+建物)+車位,八層/二十層,4房2廳3衛,95.0,4660,59.1,-2.3,2024-11-25,坡道平面,預售屋、或土地及建物分件登記案件；
高鐵特區,115S1,2022-07-08,莊敬三路,RPRTMLLLJIKGFBJ68DA,莊敬三路３５６號,新竹縣竹北市莊敬三路３５６號十一樓,住宅大樓(11層含以上有電梯),房地(土地+建物)+車位,十一層/十九層,4房2廳2衛,88.6,4690,60.3,-3.2,2025-10-08,坡道平面,預售屋、或土地及建物分件登記案件；
高鐵特區,115S1,2022-07-08,莊敬三路,RPVPMLLLJIKGFBJ68DA,莊敬三路３６０號,新竹縣竹北市莊敬三路３６０號十八樓,住宅大樓(11層含以上有電梯),房地(土地+建物)+車位,十八層/十九層,4房2廳2衛,88.6,4760,61.3,-3.2,2025-10-08,坡道平面,預售屋、或土地及建物分件登記案件；
高鐵特區,114S1,2022-07-09,十興路一段,RPQOMLLLJHKGFBJ97DA,十興路一段３９２號,新竹縣竹北市十興路一段３９２號九樓,住宅大樓(11層含以上有電梯),房地(土地+建物)+車位,九層/二十層,4房2廳3衛,95.3,4657,59.2,-2.3,2024-11-25,坡道平面,預售屋、或土地及建物分件登記案件；
高鐵特區,114S1,2022-07-09,十興路一段,RPUOMLLLJHKGFBJ38DA,十興路一段３９２號,新竹縣竹北市十興路一段３９２號十三樓,住宅大樓(11層含以上有電梯),房地(土地+建物)+車位,十三層/二十層,4房2廳3衛,95.0,4696,59.6,-2.3,2024-11-25,坡道平面,預售屋、或土地及建物分件登記案件；
高鐵特區,114S1,2022-07-09,十興路一段,RPUOMLLKKHKGFBJ38DA,十興路一段３９０號,新竹縣竹北市十興路一段３９０號四樓,住宅大樓(11層含以上有電梯),房地(土地+建物)+車位,四層/二十層,4房2廳2衛,79.6,3900,57.9,-2.3,2024-11-25,坡道平面,預售屋、或土地及建物分件登記案件；
高鐵特區,114S1,2022-07-09,十興路一段,RPVOMLRJKHKGFBJ98DA,十興路一段３９２號,新竹縣竹北市十興路一段３９２號十八樓,住宅大樓(11層含以上有電梯),房地(土地+建物)+車位,十八層/二十層,4房2廳3衛,95.0,4713,60.1,-2.3,2024-11-25,坡道平面,預售屋、或土地及建物分件登記案件；
高鐵特區,115S1,2022-07-09,莊敬三路,RPXRMLLLJIKGFBJ09DA,莊敬三路３５８號,新竹縣竹北市莊敬三路３５８號十三樓,住宅大樓(11層含以上有電梯),房地(土地+建物)+車位,十三層/十九層,3房2廳2衛,72.5,3984,59.3,-3.2,2025-10-08,坡道平面,預售屋、或土地及建物分件登記案件；
高鐵特區,115S1,2022-07-09,莊敬三路,RPWTMLLLJIKGFBJ56DA,莊敬三路３５６號,新竹縣竹北市莊敬三路３５６號十五樓,住宅大樓(11層含以上有電梯),房地(土地+建物)+車位,十五層/十九層,4房2廳2衛,88.6,4710,60.9,-3.2,2025-10-08,坡道平面,預售屋、或土地及建物分件登記案件；
高鐵特區,114S1,2022-07-10,十興路一段,RPUNMLNJKHKGFBJ38DA,十興路一段３９０號,新竹縣竹北市十興路一段３９０號六樓,住宅大樓(11層含以上有電梯),房地(土地+建物)+車位,六層/二十層,4房2廳2衛,79.6,3983,58.9,-2.3,2024-11-25,坡道平面,預售屋、或土地及建物分件登記案件；
高鐵特區,115S2,2022-07-10,莊敬三路,RPRNMLPKJHLGFBJ38DA,莊敬三路３５８號,新竹縣竹北市莊敬三路３５８號十七樓,住宅大樓(11層含以上有電梯),房地(土地+建物)+車位,十七層/十九層,3房2廳2衛,81.5,4311,61.0,-3.2,2025-10-08,坡道平面,預售屋、或土地及建物分件登記案件；
高鐵特區,114S1,2022-07-12,十興路一段,RPQNMLPJKHKGFBJ18DA,十興路一段３９２號,新竹縣竹北市十興路一段３９２號十七樓,住宅大樓(11層含以上有電梯),房地(土地+建物)+車位,十七層/二十層,4房2廳3衛,97.7,4859,59.1,-2.3,2024-11-25,坡道平面,預售屋、或土地及建物分件登記案件；
高鐵特區,114S1,2022-07-12,十興路一段,RPXNMLQJKHKGFBJ98DA,十興路一段３９２號,新竹縣竹北市十興路一段３９２號十樓,住宅大樓(11層含以上有電梯),房地(土地+建物)+車位,十層/二十層,4房2廳3衛,95.3,4684,59.3,-2.3,2024-11-25,坡道平面,預售屋、或土地及建物分件登記案件；
高鐵特區,114S1,2022-07-12,十興路一段,RPWNMLQJKHKGFBJ88DA,十興路一段３９２號,新竹縣竹北市十興路一段３９２號七樓,住宅大樓(11層含以上有電梯),房地(土地+建物)+車位,七層/二十層,4房2廳3衛,99.5,4868,58.0,-2.3,2024-11-25,坡道平面,預售屋、或土地及建物分件登記案件；
高鐵特區,114S2,2022-07-12,十興路一段,RPRNMLPLLHKGFBJ58DA,十興路一段３９０號,新竹縣竹北市十興路一段３９０號十三樓,住宅大樓(11層含以上有電梯),房地(土地+建物),十三層/二十層,4房2廳2衛,67.8,3972,58.6,-2.3,2024-11-25,,預售屋、或土地及建物分件登記案件；
高鐵特區,115S1,2022-07-12,莊敬三路,RPUQMLLLJIKGFBJ68DA,莊敬三路３５８號,新竹縣竹北市莊敬三路３５８號六樓,住宅大樓(11層含以上有電梯),房地(土地+建物)+車位,六層/十九層,3房2廳2衛,72.9,3998,59.3,-3.2,2025-10-08,坡道平面,預售屋、或土地及建物分件登記案件；
高鐵特區,115S1,2022-07-12,莊敬三路,RPVRMLLLJIKGFBJ88DA,莊敬三路３５８號,新竹縣竹北市莊敬三路３５８號十二樓,住宅大樓(11層含以上有電梯),房地(土地+建物)+車位,十二層/十九層,3房2廳2衛,72.9,3986,59.1,-3.2,2025-10-08,坡道平面,預售屋、或土地及建物分件登記案件；
高鐵特區,115S1,2022-07-12,莊敬三路,RPPTMLLLJIKGFBJ48DA,莊敬三路３５６號,新竹縣竹北市莊敬三路３５６號九樓,住宅大樓(11層含以上有電梯),房地(土地+建物)+車位,九層/十九層,4房2廳2衛,88.6,4650,60.0,-3.2,2025-10-08,坡道平面,預售屋、或土地及建物分件登記案件；
高鐵特區,114S1,2022-07-13,十興路一段,RPUOMLKKJHKGFBJ18DA,十興路一段３９２號,新竹縣竹北市十興路一段３９２號二十樓,住宅大樓(11層含以上有電梯),房地(土地+建物)+車位,二十層/二十層,4房2廳3衛,95.3,4852,60.5,-2.3,2024-11-25,坡道平面,預售屋、或土地及建物分件登記案件；
高鐵特區,115S1,2022-07-13,莊敬三路,RPOPMLLLJIKGFBJ97DA,莊敬三路３６０號,新竹縣竹北市莊敬三路３６０號十一樓,住宅大樓(11層含以上有電梯),房地(土地+建物)+車位,十一層/十九層,4房2廳2衛,88.0,4668,60.3,-3.2,2025-10-08,坡道平面,預售屋、或土地及建物分件登記案件；
高鐵特區,115S1,2022-07-13,莊敬三路,RPWQMLLLJIKGFBJ88DA,莊敬三路３５８號,新竹縣竹北市莊敬三路３５８號七樓,住宅大樓(11層含以上有電梯),房地(土地+建物)+車位,七層/十九層,3房2廳2衛,72.9,3950,58.6,-3.2,2025-10-08,坡道平面,預售屋、或土地及建物分件登記案件；
高鐵特區,115S1,2022-07-13,莊敬三路,RPOTMLLLJIKGFBJ38DA,莊敬三路３５６號,新竹縣竹北市莊敬三路３５６號八樓,住宅大樓(11層含以上有電梯),房地(土地+建物)+車位,八層/十九層,4房2廳2衛,88.5,4638,59.6,-3.2,2025-10-08,坡道平面,預售屋、或土地及建物分件登記案件；
高鐵特區,115S1,2022-07-13,莊敬三路,RPTRMLLLJIKGFBJ68DA,莊敬三路３５８號,新竹縣竹北市莊敬三路３５８號十一樓,住宅大樓(11層含以上有電梯),房地(土地+建物)+車位,十一層/十九層,3房2廳2衛,72.5,3968,59.0,-3.2,2025-10-08,坡道平面,預售屋、或土地及建物分件登記案件；
高鐵特區,114S1,2022-07-14,十興路一段,RPOOMLKKJHKGFBJ57DA,十興路一段３９０號,新竹縣竹北市十興路一段３９０號五樓,住宅大樓(11層含以上有電梯),房地(土地+建物)+車位,五層/二十層,4房2廳2衛,85.8,3971,57.8,-2.3,2024-11-25,坡道平面,預售屋權利轉售，讓渡日期:113年9月6日，權利買賣契約成交價格4300萬元。預售屋、或土地及建物分件登記案件；
高鐵特區,114S1,2022-07-15,十興路一段,RPTOMLKKJHKGFBJ08DA,十興路一段３９０號,新竹縣竹北市十興路一段３９０號十樓,住宅大樓(11層含以上有電梯),房地(土地+建物)+車位,十層/二十層,4房2廳2衛,78.6,3993,59.3,-2.3,2024-11-25,坡道平面,預售屋、或土地及建物分件登記案件；
高鐵特區,114S1,2022-07-15,十興路一段,RPPPMLLLJHKGFBJ97DA,十興路一段３９０號,新竹縣竹北市十興路一段３９０號七樓,住宅大樓(11層含以上有電梯),房地(土地+建物)+車位,七層/二十層,4房2廳2衛,78.6,3949,59.0,-2.3,2024-11-25,坡道平面,預售屋、或土地及建物分件登記案件；
高鐵特區,114S1,2022-07-15,十興路一段,RPQPMLLLJHKGFBJ08DA,十興路一段３９０號,新竹縣竹北市十興路一段３９０號十四樓,住宅大樓(11層含以上有電梯),房地(土地+建物)+車位,十四層/二十層,4房2廳2衛,74.6,3965,59.6,-2.3,2024-11-25,坡道平面,預售屋、或土地及建物分件登記案件；
高鐵特區,114S1,2022-07-15,十興路一段,RPPNMLOLKHKGFBJ18DA,十興路一段３９６號,新竹縣竹北市十興路一段３９６號,住宅大樓(11層含以上有電梯),房地(土地+建物)+車位,一層/二十層,0房0廳0衛,44.0,2901,83.0,-2.3,2024-11-25,坡道平面,預售屋、或土地及建物分件登記案件；
高鐵特區,114S1,2022-07-16,十興路一段,RPTNMLNJKHKGFBJ28DA,十興路一段３９０號,新竹縣竹北市十興路一段３９０號三樓,住宅大樓(11層含以上有電梯),房地(土地+建物)+車位,三層/二十層,4房2廳2衛,79.6,3939,58.2,-2.3,2024-11-25,坡道平面,預售屋、或土地及建物分件登記案件；
高鐵特區,115S1,2022-07-16,莊敬三路,RPPQMLLLJIKGFBJ18DA,莊敬三路３５８號,新竹縣竹北市莊敬三路３５８號四樓,住宅大樓(11層含以上有電梯),房地(土地+建物)+車位,四層/十九層,3房2廳2衛,72.9,3997,59.4,-3.2,2025-10-08,坡道平面,預售屋、或土地及建物分件登記案件；
高鐵特區,115S1,2022-07-16,莊敬三路,RPWSMLLLJIKGFBJ09DA,莊敬三路３５６號,新竹縣竹北市莊敬三路３５６號六樓,住宅大樓(11層含以上有電梯),房地(土地+建物)+車位,六層/十九層,4房2廳2衛,88.5,4620,59.7,-3.2,2025-10-08,坡道平面,預售屋、或土地及建物分件登記案件；
高鐵特區,115S1,2022-07-16,莊敬三路,RPVTMLLLJIKGFBJ09DA,莊敬三路３５６號,新竹縣竹北市莊敬三路３５６號十四樓,住宅大樓(11層含以上有電梯),房地(土地+建物)+車位,十四層/十九層,4房2廳2衛,88.5,4720,60.8,-3.2,2025-10-08,坡道平面,預售屋、或土地及建物分件登記案件；
高鐵特區,115S1,2022-07-16,莊敬三路,RPXTMLLLJIKGFBJ66DA,莊敬三路３５６號,新竹縣竹北市莊敬三路３５６號十六樓,住宅大樓(11層含以上有電梯),房地(土地+建物)+車位,十六層/十九層,4房2廳2衛,88.5,4720,61.1,-3.2,2025-10-08,坡道平面,預售屋、或土地及建物分件登記案件；
高鐵特區,115S1,2022-07-16,莊敬三路,RPOUMLLLJIKGFBJ48DA,莊敬三路３５６號,新竹縣竹北市莊敬三路３５６號十七樓,住宅大樓(11層含以上有電梯),房地(土地+建物)+車位,十七層/十九層,4房2廳2衛,88.6,4770,61.2,-3.2,2025-10-08,坡道平面,預售屋、或土地及建物分件登記案件；
高鐵特區,114S1,2022-07-17,十興路一段,RPROMLLLJHKGFBJ08DA,十興路一段３９２號,新竹縣竹北市十興路一段３９２號十一樓,住宅大樓(11層含以上有電梯),房地(土地+建物)+車位,十一層/二十層,4房2廳3衛,100.3,4787,59.4,-2.3,2024-11-25,坡道平面,預售屋、或土地及建物分件登記案件；
高鐵特區,114S1,2022-07-17,十興路一段,RPTOMLLLJHKGFBJ28DA,十興路一段３９２號,新竹縣竹北市十興路一段３９２號十二樓,住宅大樓(11層含以上有電梯),房地(土地+建物)+車位,十二層/二十層,4房2廳3衛,95.3,4699,59.5,-2.3,2024-11-25,坡道平面,預售屋、或土地及建物分件登記案件；
高鐵特區,115S1,2022-07-17,莊敬三路,RPUPMLLLJIKGFBJ58DA,莊敬三路３６０號,新竹縣竹北市莊敬三路３６０號十七樓,住宅大樓(11層含以上有電梯),房地(土地+建物)+車位,十七層/十九層,4房2廳2衛,88.0,4743,61.4,-3.2,2025-10-08,坡道平面,預售屋、或土地及建物分件登記案件；
高鐵特區,115S1,2022-07-17,莊敬三路,RPQTMLLLJIKGFBJ58DA,莊敬三路３５６號,新竹縣竹北市莊敬三路３５６號十樓,住宅大樓(11層含以上有電梯),房地(土地+建物)+車位,十層/十九層,4房2廳2衛,88.2,4650,60.2,-3.2,2025-10-08,坡道平面,預售屋、或土地及建物分件登記案件；
高鐵特區,115S1,2022-07-19,莊敬三路,RPXPMLLLJIKGFBJ88DA,莊敬三路３５８號,新竹縣竹北市莊敬三路３５８號三樓,住宅大樓(11層含以上有電梯),房地(土地+建物)+車位,三層/十九層,3房2廳2衛,72.9,3997,59.2,-3.2,2025-10-08,坡道平面,預售屋權利轉售，讓渡日期:114年09月4日，權利買賣契約成交價格3950萬元。預售屋、或土地及建物分件登記案件；
高鐵特區,115S1,2022-07-19,莊敬三路,RPRRMLLLJIKGFBJ48DA,莊敬三路３５８號,新竹縣竹北市莊敬三路３５８號九樓,住宅大樓(11層含以上有電梯),房地(土地+建物)+車位,九層/十九層,3房2廳2衛,72.9,3982,58.8,-3.2,2025-10-08,坡道平面,預售屋、或土地及建物分件登記案件；
高鐵特區,115S1,2022-07-20,莊敬三路,RPSQMLLLJIKGFBJ48DA,莊敬三路３５８號,新竹縣竹北市莊敬三路３５８號五樓,住宅大樓(11層含以上有電梯),房地(土地+建物)+車位,五層/十九層,3房2廳2衛,72.9,3990,59.2,-3.2,2025-10-08,坡道平面,預售屋、或土地及建物分件登記案件；
高鐵特區,114S1,2022-07-21,十興路一段,RPPOMLQJKHKGFBJ28DA,十興路一段３９２號,新竹縣竹北市十興路一段３９２號十五樓,住宅大樓(11層含以上有電梯),房地(土地+建物)+車位,十五層/二十層,4房2廳3衛,95.0,4701,59.8,-2.3,2024-11-25,坡道平面,預售屋、或土地及建物分件登記案件；
高鐵特區,114S2,2022-07-21,十興路一段,RPWNMLRJKHKGFBJ98DA,十興路一段３９２號,新竹縣竹北市十興路一段３９２號十六樓,住宅大樓(11層含以上有電梯),房地(土地+建物)+車位,十六層/二十層,4房2廳3衛,95.0,4748,59.9,-2.3,2024-11-25,坡道平面,預售屋、或土地及建物分件登記案件；
高鐵特區,115S1,2022-07-21,莊敬三路,RPPRMLLLJIKGFBJ28DA,莊敬三路３５８號,新竹縣竹北市莊敬三路３５８號八樓,住宅大樓(11層含以上有電梯),房地(土地+建物)+車位,八層/十九層,3房2廳2衛,72.9,3965,58.6,-3.2,2025-10-08,坡道平面,預售屋、或土地及建物分件登記案件；
高鐵特區,115S1,2022-07-21,莊敬三路,RPSRMLLLJIKGFBJ58DA,莊敬三路３５８號,新竹縣竹北市莊敬三路３５８號十樓,住宅大樓(11層含以上有電梯),房地(土地+建物)+車位,十層/十九層,3房2廳2衛,72.9,3960,58.7,-3.2,2025-10-08,坡道平面,預售屋、或土地及建物分件登記案件；
高鐵特區,114S1,2022-07-24,十興路一段,RPPNMLKLKHKGFBJ77DA,十興路一段３９２號,新竹縣竹北市十興路一段３９２號十四樓,住宅大樓(11層含以上有電梯),房地(土地+建物)+車位,十四層/二十層,4房2廳3衛,100.3,4763,59.7,-2.3,2024-11-25,坡道平面,預售屋權利轉售，讓渡日期:112年4月17日，權利買賣契約成交價格4763萬元。預售屋、或土地及建物分件登記案件；
高鐵特區,115S1,2022-07-26,莊敬三路,RPOSMLLLJIKGFBJ28DA,莊敬三路３５８號,新竹縣竹北市莊敬三路３５８號十四樓,住宅大樓(11層含以上有電梯),房地(土地+建物)+車位,十四層/十九層,3房2廳2衛,72.6,3992,59.2,-3.2,2025-10-08,坡道平面,預售屋、或土地及建物分件登記案件；
高鐵特區,114S1,2022-07-27,十興路一段,RPXOMLOJKHKGFBJ88DA,十興路一段３９２號,新竹縣竹北市十興路一段３９２號六樓,住宅大樓(11層含以上有電梯),房地(土地+建物)+車位,六層/二十層,4房2廳3衛,95.3,4665,58.9,-2.3,2024-11-25,坡道平面,預售屋、或土地及建物分件登記案件；
高鐵特區,114S2,2022-07-27,十興路一段,RPWNMLPLLHKGFBJ09DA,十興路一段４００號,新竹縣竹北市十興路一段４００號,住宅大樓(11層含以上有電梯),房地(土地+建物)+車位,一層/二十層,0房0廳0衛,67.5,4698,80.0,-2.3,2024-11-25,坡道平面,預售屋、或土地及建物分件登記案件；
高鐵特區,114S1,2022-07-29,十興路一段,RPRPMLLLJHKGFBJ18DA,十興路一段３９０號,新竹縣竹北市十興路一段３９０號十五樓,住宅大樓(11層含以上有電梯),房地(土地+建物),十五層/二十層,4房2廳2衛,63.4,3916,61.8,-2.3,2024-11-25,,預售屋、或土地及建物分件登記案件；
高鐵特區,114S1,2022-07-29,十興路一段,RPSNMLPJKHKGFBJ38DA,十興路一段３９０號,新竹縣竹北市十興路一段３９０號九樓,住宅大樓(11層含以上有電梯),房地(土地+建物),九層/二十層,4房2廳2衛,63.4,3878,61.2,-2.3,2024-11-25,,預售屋、或土地及建物分件登記案件；
高鐵特區,115S1,2022-07-31,莊敬三路,RPPSMLLLJIKGFBJ38DA,莊敬三路３５８號,新竹縣竹北市莊敬三路３５８號十五樓,住宅大樓(11層含以上有電梯),房地(土地+建物)+車位,十五層/十九層,3房2廳2衛,72.9,3997,59.3,-3.2,2025-10-08,坡道平面,預售屋、或土地及建物分件登記案件；
高鐵特區,115S1,2022-08-02,莊敬三路,RPRUMLLLJIKGFBJ78DA,莊敬三路３５０號,新竹縣竹北市莊敬三路３５０號,住宅大樓(11層含以上有電梯),房地(土地+建物)+車位,一層，見其他登記事項/十九層,0房0廳0衛,93.0,4270,51.3,-3.2,2025-10-08,坡道平面,預售屋、或土地及建物分件登記案件；
高鐵特區,115S1,2022-08-07,莊敬三路,RPWPMLLLJIKGFBJ78DA,莊敬三路３６０號,新竹縣竹北市莊敬三路３６０號十九樓,住宅大樓(11層含以上有電梯),房地(土地+建物)+車位,十九層/十九層,4房2廳2衛,88.3,4790,61.6,-3.2,2025-10-08,坡道平面,預售屋、或土地及建物分件登記案件；
高鐵特區,115S1,2022-08-13,莊敬三路,RPSTMLLLJIKGFBJ78DA,莊敬三路３５６號,新竹縣竹北市莊敬三路３５６號十二樓,住宅大樓(11層含以上有電梯),房地(土地+建物)+車位,十二層/十九層,4房2廳2衛,88.5,4700,60.5,-3.2,2025-10-08,坡道平面,預售屋、或土地及建物分件登記案件；
高鐵特區,115S1,2022-08-16,莊敬三路,RPSSMLLLJIKGFBJ68DA,莊敬三路３５８號,新竹縣竹北市莊敬三路３５８號十九樓,住宅大樓(11層含以上有電梯),房地(土地+建物)+車位,十九層/十九層,3房2廳2衛,72.5,3998,59.2,-3.2,2025-10-08,坡道平面,預售屋、或土地及建物分件登記案件；
高鐵特區,115S1,2022-08-20,莊敬三路,RPTPMLLLJIKGFBJ48DA,莊敬三路３６０號,新竹縣竹北市莊敬三路３６０號十六樓,住宅大樓(11層含以上有電梯),房地(土地+建物)+車位,十六層/十九層,4房2廳2衛,88.2,4733,61.0,-3.2,2025-10-08,坡道平面,預售屋、或土地及建物分件登記案件；
高鐵特區,115S1,2022-08-21,莊敬三路,RPRPMLLLJIKGFBJ28DA,莊敬三路３６０號,新竹縣竹北市莊敬三路３６０號十四樓,住宅大樓(11層含以上有電梯),房地(土地+建物)+車位,十四層/十九層,4房2廳2衛,88.6,4720,60.7,-3.2,2025-10-08,坡道平面,預售屋、或土地及建物分件登記案件；
高鐵特區,115S1,2022-08-22,莊敬三路,RPSPMLLLJIKGFBJ38DA,莊敬三路３６０號,新竹縣竹北市莊敬三路３６０號十五樓,住宅大樓(11層含以上有電梯),房地(土地+建物)+車位,十五層/十九層,4房2廳2衛,88.0,4743,61.1,-3.2,2025-10-08,坡道平面,預售屋、或土地及建物分件登記案件；
高鐵特區,115S1,2022-08-26,莊敬三路,RPQPMLLLJIKGFBJ18DA,莊敬三路３６０號,新竹縣竹北市莊敬三路３６０號十三樓,住宅大樓(11層含以上有電梯),房地(土地+建物)+車位,十三層/十九層,4房2廳2衛,88.3,4710,60.8,-3.2,2025-10-08,坡道平面,預售屋、或土地及建物分件登記案件；
高鐵特區,115S1,2022-08-28,莊敬三路,RPRSMLLLJIKGFBJ58DA,莊敬三路３５８號,新竹縣竹北市莊敬三路３５８號十八樓,住宅大樓(11層含以上有電梯),房地(土地+建物)+車位,十八層/十九層,3房2廳2衛,72.9,3998,59.0,-3.2,2025-10-08,坡道平面,預售屋、或土地及建物分件登記案件；
高鐵特區,115S1,2022-09-12,六家一路一段,RPQQMLOJJIKGFBJ38DA,六家一路一段２５３號,新竹縣竹北市六家一路一段２５３號九樓,住宅大樓(11層含以上有電梯),房地(土地+建物)+車位,九層/十七層,3房2廳2衛,67.2,3565,70.5,-2.9,2025-08-19,坡道平面,本案買賣總價金3565萬元整；價款包含111年9月12日簽訂之房地預定買賣契約交易金額3305萬元整及111年12月6日
高鐵特區,114S4,2022-09-13,六家一路一段,RPUPMLMLRHKGFBJ76DA,六家一路一段２５３號,新竹縣竹北市六家一路一段２５３號六樓,住宅大樓(11層含以上有電梯),房地(土地+建物)+車位,六層/十七層,3房2廳2衛,67.2,3582,70.4,-2.9,2025-08-19,坡道平面,預售屋、或土地及建物分件登記案件；
高鐵特區,114S4,2022-09-13,六家一路一段,RPVPMLMLRHKGFBJ86DA,六家一路一段２５３號,新竹縣竹北市六家一路一段２５３號七樓,住宅大樓(11層含以上有電梯),房地(土地+建物)+車位,七層/十七層,3房2廳2衛,67.2,3590,70.6,-2.9,2025-08-19,坡道平面,預售屋、或土地及建物分件登記案件；
高鐵特區,114S4,2022-09-13,六家一路一段,RPSOMLOJJIKGFBJ38DA,六家一路一段２５９號,新竹縣竹北市六家一路一段２５９號七樓,住宅大樓(11層含以上有電梯),房地(土地+建物)+車位,七層/十七層,3房2廳2衛,55.2,3316,71.1,-2.9,2025-08-19,坡道平面,本案於113/4/12辦理轉售讓渡 權利讓渡總金額新台幣3580萬元整預售屋、或土地及建物分件登記案件；
高鐵特區,114S4,2022-09-15,六家一路一段,RPSQMLMLRHKGFBJ66DA,六家一路一段２５９號,新竹縣竹北市六家一路一段２５９號四樓,住宅大樓(11層含以上有電梯),房地(土地+建物)+車位,四層/十七層,3房2廳2衛,55.2,3375,72.5,-2.9,2025-08-19,坡道平面,預售屋、或土地及建物分件登記案件；
高鐵特區,114S4,2022-09-15,六家一路一段,RPXNMLOJJIKGFBJ78DA,六家一路一段２５３號,新竹縣竹北市六家一路一段２５３號四樓,住宅大樓(11層含以上有電梯),房地(土地+建物)+車位,四層/十七層,3房2廳2衛,55.2,3290,70.5,-2.9,2025-08-19,坡道平面,預售屋、或土地及建物分件登記案件；
高鐵特區,114S4,2022-09-16,六家一路一段,RPORMLNJIIKGFBJ08DA,六家一路一段２５９號,新竹縣竹北市六家一路一段２５９號九樓,住宅大樓(11層含以上有電梯),房地(土地+建物)+車位,九層/十七層,3房2廳2衛,55.2,3332,71.5,-2.9,2025-08-19,坡道平面,預售屋、或土地及建物分件登記案件；
高鐵特區,114S4,2022-09-17,六家一路一段,RPSQMLOJJIKGFBJ58DA,六家一路一段２５９號,新竹縣竹北市六家一路一段２５９號八樓,住宅大樓(11層含以上有電梯),房地(土地+建物)+車位,八層/十七層,3房2廳2衛,55.2,3324,71.3,-2.9,2025-08-19,坡道平面,預售屋、或土地及建物分件登記案件；
高鐵特區,114S4,2022-09-19,六家一路一段,RPQPMLKMIIKGFBJ08DA,六家一路一段２５３號,新竹縣竹北市六家一路一段２５３號五樓,住宅大樓(11層含以上有電梯),房地(土地+建物)+車位,五層/十七層,3房2廳2衛,67.2,3583,70.7,-2.9,2025-08-19,坡道平面,預售屋、或土地及建物分件登記案件；
高鐵特區,114S4,2022-09-19,六家一路一段,RPWNMLOJJIKGFBJ68DA,六家一路一段２５３號,新竹縣竹北市六家一路一段２５３號三樓,住宅大樓(11層含以上有電梯),房地(土地+建物)+車位,三層/十七層,3房2廳2衛,55.2,3366,72.3,-2.9,2025-08-19,坡道平面,預售屋、或土地及建物分件登記案件；
高鐵特區,114S4,2022-09-21,六家一路一段,RPRQMLOJJIKGFBJ48DA,六家一路一段２５３號,新竹縣竹北市六家一路一段２５３號十二樓,住宅大樓(11層含以上有電梯),房地(土地+建物)+車位,十二層/十七層,3房2廳2衛,55.2,3594,77.0,-2.9,2025-08-19,坡道平面,預售屋、或土地及建物分件登記案件；
高鐵特區,114S4,2022-09-24,六家一路一段,RPRPMLKMIIKGFBJ18DA,六家一路一段２５３號,新竹縣竹北市六家一路一段２５３號十樓,住宅大樓(11層含以上有電梯),房地(土地+建物)+車位,十層/十七層,3房2廳2衛,55.2,3577,76.6,-2.9,2025-08-19,坡道平面,預售屋、或土地及建物分件登記案件；
高鐵特區,114S4,2022-09-24,六家一路一段,RPSPMLKMIIKGFBJ28DA,六家一路一段２５９號,新竹縣竹北市六家一路一段２５９號十五樓,住宅大樓(11層含以上有電梯),房地(土地+建物)+車位,十五層/十七層,3房2廳2衛,55.2,3619,77.6,-2.9,2025-08-19,坡道平面,預售屋、或土地及建物分件登記案件；
高鐵特區,114S4,2022-09-25,六家一路一段,RPOQMLMLRHKGFBJ88DA,六家一路一段２５３號,新竹縣竹北市六家一路一段２５３號十三樓,住宅大樓(11層含以上有電梯),房地(土地+建物)+車位,十三層/十七層,3房2廳2衛,67.2,3872,77.2,-2.9,2025-08-19,坡道平面,預售屋、或土地及建物分件登記案件；
高鐵特區,115S1,2022-09-25,莊敬三路,RPXSMLLLJIKGFBJ56DA,莊敬三路３５６號,新竹縣竹北市莊敬三路３５６號七樓,住宅大樓(11層含以上有電梯),房地(土地+建物)+車位,七層/十九層,4房2廳2衛,88.2,4620,59.7,-3.1,2025-10-08,坡道平面,預售屋、或土地及建物分件登記案件；
高鐵特區,114S4,2022-09-29,六家一路一段,RPXOMLOJJIKGFBJ88DA,六家一路一段２５３號,新竹縣竹北市六家一路一段２５３號八樓,住宅大樓(11層含以上有電梯),房地(土地+建物)+車位,八層/十七層,3房2廳2衛,67.2,3619,71.3,-2.9,2025-08-19,坡道平面,預售屋、或土地及建物分件登記案件；
高鐵特區,115S1,2022-10-01,莊敬三路,RPUTMLLLJIKGFBJ98DA,莊敬三路３５６號,新竹縣竹北市莊敬三路３５６號十三樓,住宅大樓(11層含以上有電梯),房地(土地+建物)+車位,十三層/十九層,4房2廳2衛,88.6,4690,60.6,-3.0,2025-10-08,坡道平面,預售屋、或土地及建物分件登記案件；
高鐵特區,114S4,2022-10-05,六家一路一段,RPVQMLMLRHKGFBJ96DA,六家一路一段２５９號,新竹縣竹北市六家一路一段２５９號六樓,住宅大樓(11層含以上有電梯),房地(土地+建物)+車位,六層/十七層,3房2廳2衛,55.2,3307,70.9,-2.8,2025-08-19,坡道平面,預售屋、或土地及建物分件登記案件；
高鐵特區,114S4,2022-10-12,六家一路一段,RPRNMLOJJIKGFBJ18DA,六家一路一段２５７號,新竹縣竹北市六家一路一段２５７號七樓,住宅大樓(11層含以上有電梯),房地(土地+建物)+車位,七層/十七層,0房0廳0衛,64.7,3915,69.1,-2.8,2025-08-19,坡道平面,毛胚屋；預售屋、或土地及建物分件登記案件；
高鐵特區,115S1,2022-10-12,六家一路一段,RPSNMLOJJIKGFBJ28DA,六家一路一段２５５號,新竹縣竹北市六家一路一段２５５號七樓,住宅大樓(11層含以上有電梯),房地(土地+建物)+車位,七層/十七層,0房0廳0衛,64.7,3915,69.1,-2.8,2025-08-19,坡道平面,毛胚屋；預售屋、或土地及建物分件登記案件；
高鐵特區,115S1,2022-10-16,莊敬三路,RPPPMLLLJIKGFBJ08DA,莊敬三路３６０號,新竹縣竹北市莊敬三路３６０號十二樓,住宅大樓(11層含以上有電梯),房地(土地+建物)+車位,十二層/十九層,4房2廳2衛,88.6,4680,60.4,-3.0,2025-10-08,坡道平面,預售屋、或土地及建物分件登記案件；
高鐵特區,114S4,2022-10-19,六家一路一段,RPXPMLOJJIKGFBJ98DA,六家一路一段２５５號,新竹縣竹北市六家一路一段２５５號五樓,住宅大樓(11層含以上有電梯),房地(土地+建物)+車位,五層/十七層,0房0廳0衛,64.7,3919,69.2,-2.8,2025-08-19,坡道平面,毛胚屋；預售屋、或土地及建物分件登記案件；
高鐵特區,114S4,2022-10-25,六家一路一段,RPROMLOJJIKGFBJ28DA,六家一路一段２５９號,新竹縣竹北市六家一路一段２５９號三樓,住宅大樓(11層含以上有電梯),房地(土地+建物)+車位,三層/十七層,3房2廳2衛,55.2,3366,72.3,-2.8,2025-08-19,坡道平面,預售屋、或土地及建物分件登記案件；
高鐵特區,115S1,2022-10-26,莊敬三路,RPVOMLLLJIKGFBJ58DA,莊敬三路３６０號,新竹縣竹北市莊敬三路３６０號八樓,住宅大樓(11層含以上有電梯),房地(土地+建物)+車位,八層/十九層,4房2廳2衛,88.6,4640,59.9,-3.0,2025-10-08,坡道平面,預售屋權利轉售，讓渡日期:112年09月25日，權利買賣契約成交價格4800萬元。預售屋、或土地及建物分件登記案件；
高鐵特區,115S1,2022-10-28,六家一路一段,RPTOMLOJJIKGFBJ48DA,六家一路一段２５９號,新竹縣竹北市六家一路一段２５９號十樓,住宅大樓(11層含以上有電梯),房地(土地+建物)+車位,十層/十七層,3房2廳2衛,55.2,3577,76.6,-2.8,2025-08-19,坡道平面,預售屋、或土地及建物分件登記案件；
高鐵特區,114S3,2022-11-03,光明六路東二段,RPTRMLLKMHKGFBJ78DA,光明六路東二段６５７號,新竹縣竹北市光明六路東二段６５７號四樓,住宅大樓(11層含以上有電梯),房地(土地+建物)+車位,四層/十五層,2房1廳2衛,38.5,2095,64.4,-2.4,2025-04-28,坡道平面,預售權利轉讓 112年12月1日轉讓契約金額2127萬元整預售屋、或土地及建物分件登記案件；
高鐵特區,114S3,2022-11-03,光明六路東二段,RPWSMLRJMHKGFBJ07DA,光明六路東二段６６１號,新竹縣竹北市光明六路東二段６６１號十五樓,住宅大樓(11層含以上有電梯),房地(土地+建物)+車位,十五層/十五層,2房2廳2衛,37.4,2057,65.5,-2.4,2025-04-28,坡道平面,預售屋、或土地及建物分件登記案件；
高鐵特區,114S3,2022-11-03,光明六路東二段,RPOOMLTKNHKGFBJ88DA,光明六路東二段６７１號,新竹縣竹北市光明六路東二段６７１號十二樓,住宅大樓(11層含以上有電梯),房地(土地+建物)+車位,十二層/十五層,2房1廳1衛,35.6,1937,64.8,-2.4,2025-04-28,坡道平面,預售屋、或土地及建物分件登記案件；
高鐵特區,114S3,2022-11-04,光明六路東二段,RPQQMLLJMHKGFBJ28DA,光明六路東二段６８１號,新竹縣竹北市光明六路東二段６８１號十二樓,住宅大樓(11層含以上有電梯),房地(土地+建物)+車位,十二層/十五層,3房2廳2衛,47.4,2690,64.1,-2.4,2025-04-28,坡道平面,預售屋、或土地及建物分件登記案件；
高鐵特區,114S3,2022-11-04,光明六路東二段,RPTQMLMJMHKGFBJ68DA,光明六路東二段６６７號,新竹縣竹北市光明六路東二段６６７號九樓,住宅大樓(11層含以上有電梯),房地(土地+建物)+車位,九層/十五層,2房1廳2衛,38.4,2132,65.4,-2.4,2025-04-28,坡道平面,預售屋、或土地及建物分件登記案件；
高鐵特區,114S3,2022-11-04,光明六路東二段,RPVQMLMJMHKGFBJ88DA,光明六路東二段６６７號,新竹縣竹北市光明六路東二段６６７號十一樓,住宅大樓(11層含以上有電梯),房地(土地+建物)+車位,十一層/十五層,2房1廳2衛,38.7,2160,65.6,-2.4,2025-04-28,坡道平面,預售屋、或土地及建物分件登記案件；
高鐵特區,114S3,2022-11-04,光明六路東二段,RPVSMLLMLHKGFBJ56DA,光明六路東二段６７５號,新竹縣竹北市光明六路東二段６７５號十一樓,住宅大樓(11層含以上有電梯),房地(土地+建物)+車位,十一層/十五層,3房2廳2衛,43.2,2406,64.2,-2.4,2025-04-28,坡道平面,預售權利轉讓112年9月16日轉讓契約金額2430萬元整預售屋、或土地及建物分件登記案件；
高鐵特區,114S3,2022-11-04,光明六路東二段,RPTUMLLMLHKGFBJ56DA,光明六路東二段６７７號,新竹縣竹北市光明六路東二段６７７號七樓,住宅大樓(11層含以上有電梯),房地(土地+建物)+車位,七層/十五層,2房1廳2衛,38.7,2106,64.4,-2.4,2025-04-28,坡道平面,預售屋、或土地及建物分件登記案件；
高鐵特區,114S3,2022-11-04,光明六路東二段,RPPOMLRJMHKGFBJ58DA,光明六路東二段６５７號,新竹縣竹北市光明六路東二段６５７號十二樓,住宅大樓(11層含以上有電梯),房地(土地+建物)+車位,十二層/十五層,2房1廳2衛,38.5,2153,66.4,-2.4,2025-04-28,坡道平面,預售屋、或土地及建物分件登記案件；
高鐵特區,114S3,2022-11-04,光明六路東二段,RPUSMLRJMHKGFBJ86DA,光明六路東二段６６１號,新竹縣竹北市光明六路東二段６６１號十四樓,住宅大樓(11層含以上有電梯),房地(土地+建物)+車位,十四層/十五層,2房2廳2衛,37.4,2076,65.7,-2.4,2025-04-28,坡道平面,預售屋、或土地及建物分件登記案件；
高鐵特區,114S3,2022-11-04,光明六路東二段,RPXQMLLKMHKGFBJ09DA,光明六路東二段６６７號,新竹縣竹北市光明六路東二段６６７號七樓,住宅大樓(11層含以上有電梯),房地(土地+建物)+車位,七層/十五層,2房1廳2衛,38.7,2129,64.7,-2.4,2025-04-28,坡道平面,預售屋、或土地及建物分件登記案件；
高鐵特區,114S3,2022-11-04,光明六路東二段,RPRRMLLKMHKGFBJ58DA,光明六路東二段６５５號,新竹縣竹北市光明六路東二段６５５號七樓,住宅大樓(11層含以上有電梯),房地(土地+建物)+車位,七層/十五層,3房2廳2衛,48.3,2714,63.3,-2.4,2025-04-28,坡道平面,預售屋、或土地及建物分件登記案件；
高鐵特區,114S3,2022-11-04,光明六路東二段,RPURMLLKMHKGFBJ88DA,光明六路東二段６５７號,新竹縣竹北市光明六路東二段６５７號五樓,住宅大樓(11層含以上有電梯),房地(土地+建物)+車位,五層/十五層,2房1廳2衛,38.5,2118,65.2,-2.4,2025-04-28,坡道平面,預售權利轉讓 112年10月27日轉讓契約金額2230萬元整預售屋、或土地及建物分件登記案件；
高鐵特區,114S3,2022-11-04,光明六路東二段,RPUPMLMJMHKGFBJ68DA,光明六路東二段６６７號,新竹縣竹北市光明六路東二段６６７號二樓,住宅大樓(11層含以上有電梯),房地(土地+建物)+車位,二層/十五層,2房1廳2衛,38.7,2125,64.5,-2.4,2025-04-28,坡道平面,預售權利轉讓113年7月12日轉讓契約金額2520萬元整預售屋、或土地及建物分件登記案件；
高鐵特區,114S3,2022-11-04,光明六路東二段,RPUQMLMJMHKGFBJ78DA,光明六路東二段６６７號,新竹縣竹北市光明六路東二段６６７號十樓,住宅大樓(11層含以上有電梯),房地(土地+建物)+車位,十層/十五層,2房1廳2衛,38.4,2141,65.6,-2.4,2025-04-28,坡道平面,預售屋、或土地及建物分件登記案件；
高鐵特區,114S3,2022-11-04,光明六路東二段,RPWQMLMJMHKGFBJ98DA,光明六路東二段６６７號,新竹縣竹北市光明六路東二段６６７號十二樓,住宅大樓(11層含以上有電梯),房地(土地+建物)+車位,十二層/十五層,2房1廳2衛,38.7,2141,65.5,-2.4,2025-04-28,坡道平面,預售屋、或土地及建物分件登記案件；
高鐵特區,114S3,2022-11-04,光明六路東二段,RPQTMLLMLHKGFBJ78DA,光明六路東二段６７５號,新竹縣竹北市光明六路東二段６７５號十四樓,住宅大樓(11層含以上有電梯),房地(土地+建物)+車位,十四層/十五層,3房2廳2衛,43.2,2417,64.8,-2.4,2025-04-28,坡道平面,預售權利轉讓113年7月16日轉讓契約金額2432萬元整預售屋、或土地及建物分件登記案件；
高鐵特區,114S3,2022-11-04,光明六路東二段,RPOVMLLMLHKGFBJ78DA,光明六路東二段６７７號,新竹縣竹北市光明六路東二段６７７號十三樓,住宅大樓(11層含以上有電梯),房地(土地+建物)+車位,十三層/十五層,2房1廳2衛,38.7,2138,65.4,-2.4,2025-04-28,坡道平面,預售屋、或土地及建物分件登記案件；
高鐵特區,114S3,2022-11-04,光明六路東二段,RPXPMLMJMHKGFBJ98DA,光明六路東二段６６７號,新竹縣竹北市光明六路東二段６６７號四樓,住宅大樓(11層含以上有電梯),房地(土地+建物)+車位,四層/十五層,2房1廳2衛,38.7,2102,63.7,-2.4,2025-04-28,坡道平面,預售屋、或土地及建物分件登記案件；
高鐵特區,114S3,2022-11-04,光明六路東二段,RPTNMLQJMHKGFBJ78DA,光明六路東二段６５５號,新竹縣竹北市光明六路東二段６５５號十一樓,住宅大樓(11層含以上有電梯),房地(土地+建物)+車位,十一層/十五層,3房2廳2衛,48.3,2704,63.9,-2.4,2025-04-28,坡道平面,預售屋、或土地及建物分件登記案件；
高鐵特區,114S3,2022-11-04,光明六路東二段,RPSOMLRJMHKGFBJ88DA,光明六路東二段６５７號,新竹縣竹北市光明六路東二段６５７號十四樓,住宅大樓(11層含以上有電梯),房地(土地+建物)+車位,十四層/十五層,2房1廳2衛,38.5,2178,66.8,-2.4,2025-04-28,坡道平面,預售屋、或土地及建物分件登記案件；
高鐵特區,114S3,2022-11-04,光明六路東二段,RPVRMLRJMHKGFBJ86DA,光明六路東二段６６１號,新竹縣竹北市光明六路東二段６６１號七樓,住宅大樓(11層含以上有電梯),房地(土地+建物)+車位,七層/十五層,2房2廳2衛,37.4,2042,64.5,-2.4,2025-04-28,坡道平面,預售屋、或土地及建物分件登記案件；
高鐵特區,114S3,2022-11-04,光明六路東二段,RPRSMLLKMHKGFBJ68DA,光明六路東二段６６１號,新竹縣竹北市光明六路東二段６６１號十樓,住宅大樓(11層含以上有電梯),房地(土地+建物)+車位,十層/十五層,2房2廳2衛,37.1,2062,65.1,-2.4,2025-04-28,坡道平面,預售權利轉讓 112年12月3日轉讓契約金額2180萬元整預售屋、或土地及建物分件登記案件；
高鐵特區,114S3,2022-11-04,光明六路東二段,RPVNMLSJNHKGFBJ66DA,光明六路東二段６５７號,新竹縣竹北市光明六路東二段６５７號三樓,住宅大樓(11層含以上有電梯),房地(土地+建物)+車位,三層/十五層,2房1廳2衛,38.5,2094,64.5,-2.4,2025-04-28,坡道平面,預售屋、或土地及建物分件登記案件；
高鐵特區,114S3,2022-11-04,光明六路東二段,RPQQMLLKMHKGFBJ38DA,光明六路東二段６７７號,新竹縣竹北市光明六路東二段６７７號六樓,住宅大樓(11層含以上有電梯),房地(土地+建物)+車位,六層/十五層,2房1廳2衛,38.7,2104,64.2,-2.4,2025-04-28,坡道平面,預售權利轉讓113年4月16日轉讓契約金額2381萬元整預售屋、或土地及建物分件登記案件；
高鐵特區,114S3,2022-11-04,光明六路東二段,RPWNMLQJMHKGFBJ09DA,光明六路東二段６５５號,新竹縣竹北市光明六路東二段６５５號十四樓,住宅大樓(11層含以上有電梯),房地(土地+建物)+車位,十四層/十五層,3房2廳2衛,48.3,2742,64.5,-2.4,2025-04-28,坡道平面,預售屋、或土地及建物分件登記案件；
高鐵特區,114S4,2022-11-04,光明六路東二段,RPRSMLLMLHKGFBJ78DA,光明六路東二段６７５號,新竹縣竹北市光明六路東二段６７５號八樓,住宅大樓(11層含以上有電梯),房地(土地+建物)+車位,八層/十五層,3房2廳2衛,43.2,2389,63.8,-2.4,2025-04-28,坡道平面,預售屋、或土地及建物分件登記案件；
高鐵特區,114S4,2022-11-04,光明六路東二段,RPXNMLLKQHKGFBJ56DA,光明六路東二段６５９號,新竹縣竹北市光明六路東二段６５９號十三樓,住宅大樓(11層含以上有電梯),房地(土地+建物)+車位,十三層/十五層,4房2廳2衛,55.6,3202,64.3,-2.4,2025-04-28,坡道平面,預售權利轉讓契約成立於112年12月23日金額3220萬元整113年1月20日兄弟讓渡金額3220萬元整預售屋、或土地及
高鐵特區,114S4,2022-11-04,光明六路東二段,RPPOMLOJRHKGFBJ78DA,光明六路東二段６６１號,新竹縣竹北市光明六路東二段６６１號五樓,住宅大樓(11層含以上有電梯),房地(土地+建物)+車位,五層/十五層,2房2廳2衛,37.1,2026,64.1,-2.4,2025-04-28,坡道平面,預售屋、或土地及建物分件登記案件；
高鐵特區,114S4,2022-11-04,光明六路東二段,RPVUMLMJMHKGFBJ66DA,光明六路東二段６５５號,新竹縣竹北市光明六路東二段６５５號三樓,住宅大樓(11層含以上有電梯),房地(土地+建物)+車位,三層/十五層,3房2廳2衛,48.3,2648,62.5,-2.4,2025-04-28,坡道平面,預售屋、或土地及建物分件登記案件；
高鐵特區,114S3,2022-11-05,光明六路東二段,RPWUMLLMLHKGFBJ86DA,光明六路東二段６７７號,新竹縣竹北市光明六路東二段６７７號十一樓,住宅大樓(11層含以上有電梯),房地(土地+建物)+車位,十一層/十五層,2房1廳2衛,38.7,2127,65.0,-2.4,2025-04-28,坡道平面,預售權利轉讓113年5月21日轉讓契約金額2565萬元整預售屋、或土地及建物分件登記案件；
高鐵特區,114S3,2022-11-05,光明六路東二段,RPXUMLLMLHKGFBJ96DA,光明六路東二段６７７號,新竹縣竹北市光明六路東二段６７７號十二樓,住宅大樓(11層含以上有電梯),房地(土地+建物)+車位,十二層/十五層,2房1廳2衛,38.4,2127,65.2,-2.4,2025-04-28,坡道平面,預售權利轉讓113年4月13日轉讓契約金額2398萬元整預售屋、或土地及建物分件登記案件；
高鐵特區,114S3,2022-11-05,光明六路東二段,RPQQMLLMLHKGFBJ48DA,光明六路東二段６７３號,新竹縣竹北市光明六路東二段６７３號五樓,住宅大樓(11層含以上有電梯),房地(土地+建物)+車位,五層/十五層,2房2廳1衛,35.4,1879,63.4,-2.4,2025-04-28,坡道平面,預售屋、或土地及建物分件登記案件；
高鐵特區,114S3,2022-11-05,光明六路東二段,RPRQMLLMLHKGFBJ58DA,光明六路東二段６７３號,新竹縣竹北市光明六路東二段６７３號六樓,住宅大樓(11層含以上有電梯),房地(土地+建物)+車位,六層/十五層,2房2廳1衛,35.4,1889,63.6,-2.4,2025-04-28,坡道平面,預售權利轉讓113年11月15日轉讓契約金額2395萬元整預售屋、或土地及建物分件登記案件；
高鐵特區,114S3,2022-11-05,光明六路東二段,RPQNMLQJMHKGFBJ48DA,光明六路東二段６５５號,新竹縣竹北市光明六路東二段６５５號八樓,住宅大樓(11層含以上有電梯),房地(土地+建物)+車位,八層/十五層,3房2廳2衛,48.3,2700,63.5,-2.4,2025-04-28,坡道平面,預售屋、或土地及建物分件登記案件；
高鐵特區,114S3,2022-11-05,光明六路東二段,RPSSMLLKMHKGFBJ78DA,光明六路東二段６７１號,新竹縣竹北市光明六路東二段６７１號十一樓,住宅大樓(11層含以上有電梯),房地(土地+建物)+車位,十一層/十五層,2房1廳1衛,36.0,1943,64.6,-2.4,2025-04-28,坡道平面,預售權利轉讓113年1月20日轉讓契約金額1963萬元整114年2月15日夫妻轉讓預售屋、或土地及建物分件登記案件；
高鐵特區,114S3,2022-11-05,光明六路東二段,RPVNMLLLNHKGFBJ78DA,光明六路東二段６６１號,新竹縣竹北市光明六路東二段６６１號三樓,住宅大樓(11層含以上有電梯),房地(土地+建物)+車位,三層/十五層,2房2廳2衛,37.4,2045,65.2,-2.4,2025-04-28,坡道平面,預售權利轉讓 112年11月7日轉讓契約金額2090萬元整預售屋、或土地及建物分件登記案件；
高鐵特區,114S3,2022-11-05,光明六路東二段,RPPUMLMJMHKGFBJ68DA,光明六路東二段６７１號,新竹縣竹北市光明六路東二段６７１號十樓,住宅大樓(11層含以上有電梯),房地(土地+建物)+車位,十層/十五層,2房1廳1衛,35.6,1931,64.6,-2.4,2025-04-28,坡道平面,預售權利轉讓113年4月15日轉讓契約金額2230萬元整預售屋、或土地及建物分件登記案件；
高鐵特區,114S3,2022-11-05,光明六路東二段,RPWRMLRJMHKGFBJ96DA,光明六路東二段６６１號,新竹縣竹北市光明六路東二段６６１號八樓,住宅大樓(11層含以上有電梯),房地(土地+建物)+車位,八層/十五層,2房2廳2衛,37.8,2039,64.7,-2.4,2025-04-28,坡道平面,預售屋、或土地及建物分件登記案件；
高鐵特區,114S3,2022-11-05,光明六路東二段,RPOSMLLMLHKGFBJ48DA,光明六路東二段６７５號,新竹縣竹北市光明六路東二段６７５號六樓,住宅大樓(11層含以上有電梯),房地(土地+建物)+車位,六層/十五層,3房2廳2衛,43.2,2376,63.4,-2.4,2025-04-28,坡道平面,預售屋、或土地及建物分件登記案件；
高鐵特區,114S3,2022-11-05,光明六路東二段,RPTSMLRJMHKGFBJ76DA,光明六路東二段６６１號,新竹縣竹北市光明六路東二段６６１號十三樓,住宅大樓(11層含以上有電梯),房地(土地+建物)+車位,十三層/十五層,2房2廳2衛,37.4,2046,65.5,-2.4,2025-04-28,坡道平面,預售屋、或土地及建物分件登記案件；
高鐵特區,114S3,2022-11-05,光明六路東二段,RPVRMLLMLHKGFBJ09DA,光明六路東二段６７５號,新竹縣竹北市光明六路東二段６７５號三樓,住宅大樓(11層含以上有電梯),房地(土地+建物)+車位,三層/十五層,3房2廳2衛,43.2,2345,62.5,-2.4,2025-04-28,坡道平面,預售屋、或土地及建物分件登記案件；
高鐵特區,114S4,2022-11-05,光明六路東二段,RPSRMLRJMHKGFBJ56DA,光明六路東二段６６１號,新竹縣竹北市光明六路東二段６６１號四樓,住宅大樓(11層含以上有電梯),房地(土地+建物)+車位,四層/十五層,2房2廳2衛,37.4,2002,63.2,-2.4,2025-04-28,坡道平面,預售屋、或土地及建物分件登記案件；
高鐵特區,114S4,2022-11-05,光明六路東二段,RPOSMLLKMHKGFBJ38DA,光明六路東二段６５９號,新竹縣竹北市光明六路東二段６５９號八樓,住宅大樓(11層含以上有電梯),房地(土地+建物)+車位,八層/十五層,4房2廳2衛,56.0,3161,63.5,-2.4,2025-04-28,坡道平面,預售屋、或土地及建物分件登記案件；
高鐵特區,114S4,2022-11-05,光明六路東二段,RPTTMLMJMHKGFBJ98DA,光明六路東二段６７１號,新竹縣竹北市光明六路東二段６７１號七樓,住宅大樓(11層含以上有電梯),房地(土地+建物)+車位,七層/十五層,2房1廳1衛,36.0,1932,64.0,-2.4,2025-04-28,坡道平面,預售屋、或土地及建物分件登記案件；
高鐵特區,114S4,2022-11-05,光明六路東二段,RPXQMLOKMHKGFBJ76DA,光明六路東二段６５７號,新竹縣竹北市光明六路東二段６５７號七樓,住宅大樓(11層含以上有電梯),房地(土地+建物)+車位,七層/十五層,2房1廳2衛,38.5,2135,65.5,-2.4,2025-04-28,坡道平面,預售屋、或土地及建物分件登記案件；
高鐵特區,114S4,2022-11-05,光明六路東二段,RPUUMLLMLHKGFBJ66DA,光明六路東二段６７７號,新竹縣竹北市光明六路東二段６７７號九樓,住宅大樓(11層含以上有電梯),房地(土地+建物)+車位,九層/十五層,2房1廳2衛,38.7,2121,64.8,-2.4,2025-04-28,坡道平面,預售屋、或土地及建物分件登記案件；
高鐵特區,114S3,2022-11-06,光明六路東二段,RPTOMLRJMHKGFBJ98DA,光明六路東二段６５７號,新竹縣竹北市光明六路東二段６５７號十五樓,住宅大樓(11層含以上有電梯),房地(土地+建物)+車位,十五層/十五層,2房1廳2衛,38.5,2170,66.6,-2.4,2025-04-28,坡道平面,預售屋、或土地及建物分件登記案件；
高鐵特區,114S3,2022-11-06,光明六路東二段,RPQSMLLKMHKGFBJ58DA,光明六路東二段６６１號,新竹縣竹北市光明六路東二段６６１號九樓,住宅大樓(11層含以上有電梯),房地(土地+建物)+車位,九層/十五層,2房2廳2衛,37.4,2053,64.9,-2.4,2025-04-28,坡道平面,預售屋、或土地及建物分件登記案件；
高鐵特區,114S3,2022-11-06,光明六路東二段,RPVNMLPJNHKGFBJ98DA,光明六路東二段６５７號,新竹縣竹北市光明六路東二段６５７號九樓,住宅大樓(11層含以上有電梯),房地(土地+建物)+車位,九層/十五層,2房1廳2衛,38.5,2144,66.0,-2.4,2025-04-28,坡道平面,預售權利轉讓112年10月10日轉讓契約金額2168萬元整預售屋、或土地及建物分件登記案件；
高鐵特區,114S3,2022-11-06,光明六路東二段,RPQSMLRJMHKGFBJ09DA,光明六路東二段６６１號,新竹縣竹北市光明六路東二段６６１號十一樓,住宅大樓(11層含以上有電梯),房地(土地+建物)+車位,十一層/十五層,2房2廳2衛,37.4,2056,65.1,-2.4,2025-04-28,坡道平面,預售權利轉讓 113年2月18日轉讓契約金額2220萬元整預售屋、或土地及建物分件登記案件；
高鐵特區,114S3,2022-11-06,光明六路東二段,RPUNMLPKMHKGFBJ88DA,光明六路東二段６６１號,新竹縣竹北市光明六路東二段６６１號六樓,住宅大樓(11層含以上有電梯),房地(土地+建物)+車位,六層/十五層,2房2廳2衛,37.4,2027,64.3,-2.4,2025-04-28,坡道平面,預售屋、或土地及建物分件登記案件；
高鐵特區,114S3,2022-11-06,光明六路東二段,RPTNMLLLNHKGFBJ58DA,光明六路東二段６７５號,新竹縣竹北市光明六路東二段６７５號十二樓,住宅大樓(11層含以上有電梯),房地(土地+建物)+車位,十二層/十五層,3房2廳2衛,43.2,2399,64.4,-2.4,2025-04-28,坡道平面,預售屋、或土地及建物分件登記案件；
高鐵特區,114S4,2022-11-06,光明六路東二段,RPUNMLLLNHKGFBJ68DA,光明六路東二段６７７號,新竹縣竹北市光明六路東二段６７７號四樓,住宅大樓(11層含以上有電梯),房地(土地+建物)+車位,四層/十五層,2房1廳2衛,38.7,2070,63.1,-2.4,2025-04-28,坡道平面,預售權利轉讓113年5月2日轉讓契約金額2463萬元整113年5月18日夫妻轉讓預售屋、或土地及建物分件登記案件；
高鐵特區,114S3,2022-11-07,光明六路東二段,RPQRMLLMLHKGFBJ58DA,光明六路東二段６７３號,新竹縣竹北市光明六路東二段６７３號十四樓,住宅大樓(11層含以上有電梯),房地(土地+建物)+車位,十四層/十五層,2房2廳1衛,35.4,1910,65.0,-2.4,2025-04-28,坡道平面,預售屋、或土地及建物分件登記案件；
高鐵特區,114S3,2022-11-07,光明六路東二段,RPUSMLLMLHKGFBJ09DA,光明六路東二段６７５號,新竹縣竹北市光明六路東二段６７５號十樓,住宅大樓(11層含以上有電梯),房地(土地+建物)+車位,十層/十五層,3房2廳2衛,43.2,2402,64.5,-2.4,2025-04-28,坡道平面,預售權利轉讓112年12月23日轉讓契約金額2580萬元整114年2月9日夫妻轉讓預售屋、或土地及建物分件登記案件；
高鐵特區,114S3,2022-11-07,光明六路東二段,RPSTMLMJMHKGFBJ88DA,光明六路東二段６７１號,新竹縣竹北市光明六路東二段６７１號六樓,住宅大樓(11層含以上有電梯),房地(土地+建物)+車位,六層/十五層,2房1廳1衛,36.0,1922,63.9,-2.4,2025-04-28,坡道平面,預售屋、或土地及建物分件登記案件；
高鐵特區,114S3,2022-11-07,光明六路東二段,RPSSMLRJMHKGFBJ66DA,光明六路東二段６６１號,新竹縣竹北市光明六路東二段６６１號十二樓,住宅大樓(11層含以上有電梯),房地(土地+建物)+車位,十二層/十五層,2房2廳2衛,37.4,2067,65.3,-2.4,2025-04-28,坡道平面,預售權利轉讓 112年10月27日轉讓契約金額2072萬元整預售屋、或土地及建物分件登記案件；
高鐵特區,114S3,2022-11-07,光明六路東二段,RPTOMLQJMHKGFBJ88DA,光明六路東二段６５７號,新竹縣竹北市光明六路東二段６５７號六樓,住宅大樓(11層含以上有電梯),房地(土地+建物)+車位,六層/十五層,2房1廳2衛,38.5,2132,65.4,-2.4,2025-04-28,坡道平面,預售屋、或土地及建物分件登記案件；
高鐵特區,114S4,2022-11-07,光明六路東二段,RPQOMLRJMHKGFBJ68DA,光明六路東二段６５７號,新竹縣竹北市光明六路東二段６５７號十一樓,住宅大樓(11層含以上有電梯),房地(土地+建物)+車位,十一層/十五層,2房1廳2衛,38.5,2139,66.2,-2.4,2025-04-28,坡道平面,預售屋、或土地及建物分件登記案件；
高鐵特區,114S4,2022-11-07,光明六路東二段,RPROMLRJMHKGFBJ78DA,光明六路東二段６５７號,新竹縣竹北市光明六路東二段６５７號十三樓,住宅大樓(11層含以上有電梯),房地(土地+建物)+車位,十三層/十五層,2房1廳2衛,38.5,2159,66.6,-2.4,2025-04-28,坡道平面,預售屋、或土地及建物分件登記案件；
高鐵特區,114S4,2022-11-07,光明六路東二段,RPPQMLRJMHKGFBJ78DA,光明六路東二段６５９號,新竹縣竹北市光明六路東二段６５９號十樓,住宅大樓(11層含以上有電梯),房地(土地+建物)+車位,十層/十五層,4房2廳2衛,64.7,3380,63.9,-2.4,2025-04-28,坡道平面,預售屋、或土地及建物分件登記案件；
高鐵特區,114S4,2022-11-07,光明六路東二段,RPTPMLQKIIKGFBJ78DA,光明六路東二段６７１號,新竹縣竹北市光明六路東二段６７１號八樓,住宅大樓(11層含以上有電梯),房地(土地+建物)+車位,八層/十五層,2房1廳1衛,36.0,1909,63.9,-2.4,2025-04-28,坡道平面,114年9月14日預售屋權利轉售，權利買賣契約成交價格新台幣2115萬元。預售屋、或土地及建物分件登記案件；
高鐵特區,114S3,2022-11-08,光明六路東二段,RPXTMLLMLHKGFBJ86DA,光明六路東二段６７７號,新竹縣竹北市光明六路東二段６７７號五樓,住宅大樓(11層含以上有電梯),房地(土地+建物)+車位,五層/十五層,2房1廳2衛,38.7,2097,64.0,-2.4,2025-04-28,坡道平面,預售權利轉讓114年2月8日轉讓契約金額2097萬元整預售屋、或土地及建物分件登記案件；
高鐵特區,114S3,2022-11-08,光明六路東二段,RPPSMLLMLHKGFBJ58DA,光明六路東二段６７５號,新竹縣竹北市光明六路東二段６７５號七樓,住宅大樓(11層含以上有電梯),房地(土地+建物)+車位,七層/十五層,3房2廳2衛,43.2,2371,63.6,-2.4,2025-04-28,坡道平面,預售屋、或土地及建物分件登記案件；
高鐵特區,114S3,2022-11-08,光明六路東二段,RPSNMLQJMHKGFBJ68DA,光明六路東二段６５５號,新竹縣竹北市光明六路東二段６５５號十樓,住宅大樓(11層含以上有電梯),房地(土地+建物)+車位,十層/十五層,3房2廳2衛,48.3,2708,64.0,-2.4,2025-04-28,坡道平面,預售屋、或土地及建物分件登記案件；
高鐵特區,114S3,2022-11-09,光明六路東二段,RPRNMLOKMHKGFBJ48DA,光明六路東二段６７７號,新竹縣竹北市光明六路東二段６７７號十五樓,住宅大樓(11層含以上有電梯),房地(土地+建物)+車位,十五層/十五層,2房1廳2衛,38.7,2141,65.4,-2.4,2025-04-28,坡道平面,預售權利轉讓113年4月9日轉讓契約金額2141萬元整預售屋、或土地及建物分件登記案件；
高鐵特區,114S3,2022-11-09,光明六路東二段,RPPRMLLMLHKGFBJ48DA,光明六路東二段６７３號,新竹縣竹北市光明六路東二段６７３號十三樓,住宅大樓(11層含以上有電梯),房地(土地+建物)+車位,十三層/十五層,2房2廳1衛,35.4,1900,64.6,-2.4,2025-04-28,坡道平面,預售屋、或土地及建物分件登記案件；
高鐵特區,114S3,2022-11-11,光明六路東二段,RPRTMLLMLHKGFBJ88DA,光明六路東二段６７５號,新竹縣竹北市光明六路東二段６７５號十五樓,住宅大樓(11層含以上有電梯),房地(土地+建物)+車位,十五層/十五層,3房2廳2衛,52.0,2608,64.8,-2.4,2025-04-28,坡道平面,預售屋、或土地及建物分件登記案件；
高鐵特區,114S3,2022-11-11,光明六路東二段,RPSSMLLMLHKGFBJ88DA,光明六路東二段６７５號,新竹縣竹北市光明六路東二段６７５號九樓,住宅大樓(11層含以上有電梯),房地(土地+建物)+車位,九層/十五層,3房2廳2衛,43.2,2403,64.2,-2.4,2025-04-28,坡道平面,預售屋、或土地及建物分件登記案件；
高鐵特區,114S4,2022-11-12,光明六路東二段,RPPTMLLMLHKGFBJ68DA,光明六路東二段６７５號,新竹縣竹北市光明六路東二段６７５號十三樓,住宅大樓(11層含以上有電梯),房地(土地+建物)+車位,十三層/十五層,3房2廳2衛,43.2,2415,64.8,-2.4,2025-04-28,坡道平面,預售屋、或土地及建物分件登記案件；
高鐵特區,114S4,2022-11-12,光明六路東二段,RPVTMLMJMHKGFBJ56DA,光明六路東二段６７１號,新竹縣竹北市光明六路東二段６７１號九樓,住宅大樓(11層含以上有電梯),房地(土地+建物)+車位,九層/十五層,2房1廳1衛,36.0,1949,64.6,-2.4,2025-04-28,坡道平面,預售屋、或土地及建物分件登記案件；
高鐵特區,114S4,2022-11-12,光明六路東二段,RPWPMLMJMHKGFBJ88DA,光明六路東二段６６７號,新竹縣竹北市光明六路東二段６６７號三樓,住宅大樓(11層含以上有電梯),房地(土地+建物)+車位,三層/十五層,2房1廳2衛,38.7,2100,64.1,-2.4,2025-04-28,坡道平面,預售屋、或土地及建物分件登記案件；
高鐵特區,115S1,2022-11-12,六家一路一段,RPTNMLSKJIKGFBJ88DA,六家一路一段２５７號,新竹縣竹北市六家一路一段２５７號十六樓,住宅大樓(11層含以上有電梯),房地(土地+建物)+車位,十六層/十七層,0房0廳0衛,64.7,3998,70.3,-2.8,2025-08-19,坡道平面,毛胚屋；預售屋、或土地及建物分件登記案件；
高鐵特區,114S3,2022-11-13,光明六路東二段,RPTTMLLMLHKGFBJ09DA,光明六路東二段６７７號,新竹縣竹北市光明六路東二段６７７號二樓,住宅大樓(11層含以上有電梯),房地(土地+建物)+車位,二層/十五層,2房1廳2衛,38.9,2092,63.0,-2.4,2025-04-28,坡道平面,預售權利轉讓113年6月9日轉讓契約金額2420萬元整預售屋、或土地及建物分件登記案件；
高鐵特區,114S3,2022-11-13,光明六路東二段,RPORMLMJMHKGFBJ28DA,光明六路東二段６６７號,新竹縣竹北市光明六路東二段６６７號十三樓,住宅大樓(11層含以上有電梯),房地(土地+建物)+車位,十三層/十五層,2房1廳2衛,38.7,2162,66.2,-2.4,2025-04-28,坡道平面,預售屋、或土地及建物分件登記案件；
高鐵特區,114S4,2022-11-13,光明六路東二段,RPTNMLPJNHKGFBJ78DA,光明六路東二段６７５號,新竹縣竹北市光明六路東二段６７５號五樓,住宅大樓(11層含以上有電梯),房地(土地+建物)+車位,五層/十五層,3房2廳2衛,43.2,2381,63.2,-2.4,2025-04-28,坡道平面,預售屋、或土地及建物分件登記案件；
高鐵特區,114S3,2022-11-14,光明六路東二段,RPXNMLTKNHKGFBJ07DA,光明六路東二段６７７號,新竹縣竹北市光明六路東二段６７７號三樓,住宅大樓(11層含以上有電梯),房地(土地+建物)+車位,三層/十五層,2房1廳2衛,38.7,2082,63.5,-2.4,2025-04-28,坡道平面,預售權利轉讓113年4月22日轉讓契約金額2082萬元整預售屋、或土地及建物分件登記案件；
高鐵特區,114S3,2022-11-16,光明六路東二段,RPSUMLLMLHKGFBJ09DA,光明六路東二段６７７號,新竹縣竹北市光明六路東二段６７７號八樓,住宅大樓(11層含以上有電梯),房地(土地+建物)+車位,八層/十五層,2房1廳2衛,38.7,2112,64.6,-2.4,2025-04-28,坡道平面,預售屋、或土地及建物分件登記案件；
高鐵特區,114S3,2022-11-17,光明六路東二段,RPVUMLLMLHKGFBJ76DA,光明六路東二段６７７號,新竹縣竹北市光明六路東二段６７７號十樓,住宅大樓(11層含以上有電梯),房地(土地+建物)+車位,十層/十五層,2房1廳2衛,38.7,2136,65.2,-2.4,2025-04-28,坡道平面,預售屋、或土地及建物分件登記案件；
高鐵特區,114S4,2022-11-17,光明六路東二段,RPTNMLLMIIKGFBJ28DA,光明六路東二段６６７號,新竹縣竹北市光明六路東二段６６７號十五樓,住宅大樓(11層含以上有電梯),房地(土地+建物)+車位,十五層/十五層,2房1廳2衛,38.7,2170,66.2,-2.4,2025-04-28,坡道平面,預售屋、或土地及建物分件登記案件；
高鐵特區,115S3,2022-11-17,高鐵七路,RPUNNLNKPHLGFBJ56DA,高鐵七路７號,新竹縣竹北市高鐵七路７號十一樓之六,住宅大樓(11層含以上有電梯),房地(土地+建物)+車位,十一層/二十一層,3房2廳2衛,59.9,3494,75.2,-3.6,2026-06-08,坡道平面,預售屋、或土地及建物分件登記案件；
高鐵特區,115S3,2022-11-17,高鐵七路,RPPOMLKKPHLGFBJ38DA,高鐵七路７號,新竹縣竹北市高鐵七路７號十二樓之七,住宅大樓(11層含以上有電梯),房地(土地+建物)+車位,十二層/二十一層,3房2廳2衛,61.9,3652,75.5,-3.6,2026-06-08,坡道平面,預售屋、或土地及建物分件登記案件；
高鐵特區,115S3,2022-11-17,高鐵七路,RPTONLNKPHLGFBJ56DA,高鐵七路７號,新竹縣竹北市高鐵七路７號二十樓之六,住宅大樓(11層含以上有電梯),房地(土地+建物)+車位,二十層/二十一層,3房2廳2衛,50.4,3415,78.4,-3.6,2026-06-08,坡道平面,預售屋、或土地及建物分件登記案件；
高鐵特區,115S3,2022-11-17,高鐵七路,RPUONLNKPHLGFBJ66DA,高鐵七路７號,新竹縣竹北市高鐵七路７號二十一樓之六,住宅大樓(11層含以上有電梯),房地(土地+建物)+車位,二十一層/二十一層,3房2廳2衛,59.4,3578,79.0,-3.6,2026-06-08,坡道平面,114/02/14換約，換約價格新台幣3857萬元。預售屋、或土地及建物分件登記案件；
高鐵特區,115S3,2022-11-17,高鐵七路,RPOOMLLLPHLGFBJ48DA,高鐵七路７號,新竹縣竹北市高鐵七路７號十六樓之一,住宅大樓(11層含以上有電梯),房地(土地+建物)+車位,十六層/二十一層,4房2廳2衛,73.1,4396,74.3,-3.6,2026-06-08,坡道平面,預售屋、或土地及建物分件登記案件；
高鐵特區,115S3,2022-11-17,高鐵七路,RPXNMLLLPHLGFBJ66DA,高鐵七路７號,新竹縣竹北市高鐵七路７號十五樓之一,住宅大樓(11層含以上有電梯),房地(土地+建物)+車位,十五層/二十一層,4房2廳2衛,73.1,4435,73.9,-3.6,2026-06-08,坡道平面,預售屋、或土地及建物分件登記案件；
高鐵特區,115S3,2022-11-17,高鐵七路,RPWOMLLLPHLGFBJ66DA,高鐵七路７號,新竹縣竹北市高鐵七路７號十五樓之三,住宅大樓(11層含以上有電梯),房地(土地+建物)+車位,十五層/二十一層,3房2廳2衛,53.2,3558,76.4,-3.6,2026-06-08,坡道平面,預售屋、或土地及建物分件登記案件；
高鐵特區,115S4,2022-11-17,高鐵七路,RPTNMLMJRHLGFBJ98DA,高鐵七路７號,新竹縣竹北市高鐵七路７號二十樓之七,住宅大樓(11層含以上有電梯),房地(土地+建物)+車位,二十層/二十一層,3房2廳2衛,61.9,3736,78.3,-3.6,2026-06-08,坡道平面,預售屋、或土地及建物分件登記案件；
高鐵特區,115S4,2022-11-17,高鐵七路,RPVNMLMJRHLGFBJ56DA,高鐵七路７號,新竹縣竹北市高鐵七路７號十五樓之二,住宅大樓(11層含以上有電梯),房地(土地+建物)+車位,十五層/二十一層,4房2廳2衛,74.8,4557,73.9,-3.6,2026-06-08,坡道平面,預售屋、或土地及建物分件登記案件；
高鐵特區,114S2,2022-11-18,十興路一段,RPVNMLRKKHKGFBJ98DA,十興路一段３９０號,新竹縣竹北市十興路一段３９０號十二樓,住宅大樓(11層含以上有電梯),房地(土地+建物)+車位,十二層/二十層,4房2廳2衛,79.6,4021,59.5,-2.0,2024-11-25,坡道平面,預售屋、或土地及建物分件登記案件；
高鐵特區,114S3,2022-11-18,光明六路東二段,RPSNMLPJNHKGFBJ68DA,光明六路東二段６７３號,新竹縣竹北市光明六路東二段６７３號十二樓,住宅大樓(11層含以上有電梯),房地(土地+建物)+車位,十二層/十五層,2房2廳1衛,35.4,1916,64.8,-2.4,2025-04-28,坡道平面,預售權利轉讓114年2月15日轉讓契約金額1916萬元整預售屋、或土地及建物分件登記案件；
高鐵特區,115S1,2022-11-18,莊敬三路,RPOOMLLLJIKGFBJ87DA,莊敬三路３６０號,新竹縣竹北市莊敬三路３６０號二樓,住宅大樓(11層含以上有電梯),房地(土地+建物)+車位,二層/十九層,4房2廳2衛,90.8,4966,61.8,-2.9,2025-10-08,坡道平面,預售屋、或土地及建物分件登記案件；
高鐵特區,115S3,2022-11-18,高鐵七路,RPXNMLKKPHLGFBJ09DA,高鐵七路７號,新竹縣竹北市高鐵七路７號十樓之七,住宅大樓(11層含以上有電梯),房地(土地+建物)+車位,十層/二十一層,3房2廳2衛,61.9,3626,74.8,-3.6,2026-06-08,坡道平面,預售屋、或土地及建物分件登記案件；
高鐵特區,115S3,2022-11-18,高鐵七路,RPXQMLNKPHLGFBJ07DA,高鐵七路７號,新竹縣竹北市高鐵七路７號五樓之三,住宅大樓(11層含以上有電梯),房地(土地+建物)+車位,五層/二十一層,3房2廳2衛,62.4,3599,73.0,-3.6,2026-06-08,坡道平面,預售屋、或土地及建物分件登記案件；
高鐵特區,115S3,2022-11-18,高鐵七路,RPVVMLNKPHLGFBJ37DA,高鐵七路７號,新竹縣竹北市高鐵七路７號五樓之五,住宅大樓(11層含以上有電梯),房地(土地+建物)+車位,五層/二十一層,3房2廳2衛,59.1,3355,73.0,-3.6,2026-06-08,坡道平面,預售屋、或土地及建物分件登記案件；
高鐵特區,115S3,2022-11-18,高鐵七路,RPSONLNKPHLGFBJ09DA,高鐵七路７號,新竹縣竹北市高鐵七路７號十九樓之六,住宅大樓(11層含以上有電梯),房地(土地+建物)+車位,十九層/二十一層,3房2廳2衛,50.4,3399,78.0,-3.6,2026-06-08,坡道平面,預售屋、或土地及建物分件登記案件；
高鐵特區,114S3,2022-11-19,光明六路東二段,RPRRMLLJMHKGFBJ48DA,光明六路東二段６６３號,新竹縣竹北市光明六路東二段６６３號九樓,住宅大樓(11層含以上有電梯),房地(土地+建物)+車位,九層/十五層,3房2廳2衛,44.4,2458,63.6,-2.4,2025-04-28,坡道平面,預售屋、或土地及建物分件登記案件；
高鐵特區,114S3,2022-11-19,光明六路東二段,RPOQMLMJMHKGFBJ18DA,光明六路東二段６６７號,新竹縣竹北市光明六路東二段６６７號五樓,住宅大樓(11層含以上有電梯),房地(土地+建物)+車位,五層/十五層,2房1廳2衛,38.4,2116,64.8,-2.4,2025-04-28,坡道平面,預售權利轉讓114年2月7日轉讓契約金額2360萬元整預售屋、或土地及建物分件登記案件；
高鐵特區,114S3,2022-11-19,光明六路東二段,RPUNMLQJMHKGFBJ88DA,光明六路東二段６５５號,新竹縣竹北市光明六路東二段６５５號十二樓,住宅大樓(11層含以上有電梯),房地(土地+建物)+車位,十二層/十五層,3房2廳2衛,48.3,2722,64.4,-2.4,2025-04-28,坡道平面,預售屋、或土地及建物分件登記案件；
高鐵特區,114S3,2022-11-19,光明六路東二段,RPPRMLMJMHKGFBJ38DA,光明六路東二段６６７號,新竹縣竹北市光明六路東二段６６７號十四樓,住宅大樓(11層含以上有電梯),房地(土地+建物)+車位,十四層/十五層,2房1廳2衛,38.7,2180,66.4,-2.4,2025-04-28,坡道平面,預售權利轉讓113年3月4日轉讓契約金額2180萬元整預售屋、或土地及建物分件登記案件；
高鐵特區,114S3,2022-11-19,光明六路東二段,RPQTMLMJMHKGFBJ68DA,光明六路東二段６７１號,新竹縣竹北市光明六路東二段６７１號五樓,住宅大樓(11層含以上有電梯),房地(土地+建物)+車位,五層/十五層,2房1廳1衛,36.0,1915,63.8,-2.4,2025-04-28,坡道平面,預售屋、或土地及建物分件登記案件；
高鐵特區,115S3,2022-11-19,高鐵七路,RPUNMLKKPHLGFBJ78DA,高鐵七路７號,新竹縣竹北市高鐵七路７號八樓之七,住宅大樓(11層含以上有電梯),房地(土地+建物)+車位,八層/二十一層,3房2廳2衛,52.7,3390,74.2,-3.6,2026-06-08,坡道平面,預售屋、或土地及建物分件登記案件；
高鐵特區,115S3,2022-11-19,高鐵七路,RPWOMLKKPHLGFBJ09DA,高鐵七路７號,新竹縣竹北市高鐵七路７號十八樓之七,住宅大樓(11層含以上有電梯),房地(土地+建物)+車位,十八層/二十一層,3房2廳2衛,61.9,3701,77.5,-3.6,2026-06-08,坡道平面,預售屋、或土地及建物分件登記案件；
高鐵特區,115S3,2022-11-19,高鐵七路,RPPQMLNKPHLGFBJ88DA,高鐵七路７號,新竹縣竹北市高鐵七路７號六樓之二,住宅大樓(11層含以上有電梯),房地(土地+建物)+車位,六層/二十一層,4房2廳2衛,74.8,4396,71.0,-3.6,2026-06-08,坡道平面,預售屋、或土地及建物分件登記案件；
高鐵特區,115S3,2022-11-19,高鐵七路,RPSQMLNKPHLGFBJ56DA,高鐵七路７號,新竹縣竹北市高鐵七路７號十四樓之二,住宅大樓(11層含以上有電梯),房地(土地+建物)+車位,十四層/二十一層,4房2廳2衛,74.8,4521,73.6,-3.6,2026-06-08,坡道平面,預售屋、或土地及建物分件登記案件；
高鐵特區,115S3,2022-11-19,高鐵七路,RPPSMLNKPHLGFBJ09DA,高鐵七路７號,新竹縣竹北市高鐵七路７號三樓之五,住宅大樓(11層含以上有電梯),房地(土地+建物)+車位,三層/二十一層,3房2廳2衛,59.4,3305,72.5,-3.6,2026-06-08,坡道平面,預售屋、或土地及建物分件登記案件；
高鐵特區,115S3,2022-11-19,高鐵七路,RPSNNLNKPHLGFBJ98DA,高鐵七路７號,新竹縣竹北市高鐵七路７號十一樓之三,住宅大樓(11層含以上有電梯),房地(土地+建物)+車位,十一層/二十一層,3房2廳2衛,53.2,3495,75.2,-3.6,2026-06-08,坡道平面,預售屋、或土地及建物分件登記案件；
高鐵特區,115S3,2022-11-19,高鐵七路,RPXNNLNKPHLGFBJ86DA,高鐵七路７號,新竹縣竹北市高鐵七路７號十四樓之六,住宅大樓(11層含以上有電梯),房地(土地+建物)+車位,十四層/二十一層,3房2廳2衛,50.4,3331,76.1,-3.6,2026-06-08,坡道平面,114/08/11換約，換約價格新台幣3680萬元。預售屋、或土地及建物分件登記案件；
高鐵特區,115S3,2022-11-19,高鐵七路,RPOONLNKPHLGFBJ68DA,高鐵七路７號,新竹縣竹北市高鐵七路７號十五樓之六,住宅大樓(11層含以上有電梯),房地(土地+建物)+車位,十五層/二十一層,3房2廳2衛,50.4,3333,76.4,-3.6,2026-06-08,坡道平面,預售屋、或土地及建物分件登記案件；
高鐵特區,115S3,2022-11-19,高鐵七路,RPRONLNKPHLGFBJ98DA,高鐵七路７號,新竹縣竹北市高鐵七路７號十八樓之六,住宅大樓(11層含以上有電梯),房地(土地+建物)+車位,十八層/二十一層,3房2廳2衛,59.9,3612,77.6,-3.6,2026-06-08,坡道平面,預售屋、或土地及建物分件登記案件；
高鐵特區,115S3,2022-11-19,高鐵七路,RPQQMLNKPHLGFBJ98DA,高鐵七路７號,新竹縣竹北市高鐵七路７號十三樓之二,住宅大樓(11層含以上有電梯),房地(土地+建物)+車位,十三層/二十一層,4房2廳2衛,74.8,4504,73.3,-3.6,2026-06-08,坡道平面,預售屋、或土地及建物分件登記案件；
高鐵特區,115S3,2022-11-19,高鐵七路,RPPOMLLLPHLGFBJ58DA,高鐵七路７號,新竹縣竹北市高鐵七路７號二十一樓之一,住宅大樓(11層含以上有電梯),房地(土地+建物)+車位,二十一層/二十一層,4房2廳2衛,72.8,4494,76.3,-3.6,2026-06-08,坡道平面,預售屋、或土地及建物分件登記案件；
高鐵特區,115S3,2022-11-19,高鐵七路,RPUOMLLLPHLGFBJ09DA,高鐵七路７號,新竹縣竹北市高鐵七路７號十六樓之二,住宅大樓(11層含以上有電梯),房地(土地+建物)+車位,十六層/二十一層,4房2廳2衛,74.8,4560,74.3,-3.6,2026-06-08,坡道平面,預售屋、或土地及建物分件登記案件；
高鐵特區,115S3,2022-11-19,高鐵七路,RPOPMLNKQHLGFBJ78DA,高鐵七路７號,新竹縣竹北市高鐵七路７號六樓之七,住宅大樓(11層含以上有電梯),房地(土地+建物)+車位,六層/二十一層,3房2廳2衛,52.4,3356,73.4,-3.6,2026-06-08,坡道平面,預售屋、或土地及建物分件登記案件；
高鐵特區,115S3,2022-11-19,高鐵七路,RPXPMLNKQHLGFBJ07DA,高鐵七路７號,新竹縣竹北市高鐵七路７號十二樓之五,住宅大樓(11層含以上有電梯),房地(土地+建物)+車位,十二層/二十一層,3房2廳2衛,49.9,3256,75.5,-3.6,2026-06-08,坡道平面,112/11/13換約，換約價格新台幣3276萬元。預售屋、或土地及建物分件登記案件；
高鐵特區,115S4,2022-11-19,高鐵七路,RPTWMLLJRHLGFBJ17DA,高鐵七路７號,新竹縣竹北市高鐵七路７號七樓之七,住宅大樓(11層含以上有電梯),房地(土地+建物)+車位,七層/二十一層,3房2廳2衛,52.4,3378,74.0,-3.6,2026-06-08,坡道平面,預售屋、或土地及建物分件登記案件；
高鐵特區,115S3,2022-11-20,高鐵七路,RPSNMLKKPHLGFBJ58DA,高鐵七路７號,新竹縣竹北市高鐵七路７號二樓之七,住宅大樓(11層含以上有電梯),房地(土地+建物)+車位,二層/二十一層,3房2廳2衛,50.8,3130,70.4,-3.6,2026-06-08,坡道平面,預售屋、或土地及建物分件登記案件；
高鐵特區,115S3,2022-11-20,高鐵七路,RPTVMLNKPHLGFBJ17DA,高鐵七路７號,新竹縣竹北市高鐵七路７號二十一樓之三,住宅大樓(11層含以上有電梯),房地(土地+建物)+車位,二十一層/二十一層,3房2廳2衛,62.7,3822,78.8,-3.6,2026-06-08,坡道平面,預售屋、或土地及建物分件登記案件；
高鐵特區,115S3,2022-11-20,高鐵七路,RPPONLNKPHLGFBJ78DA,高鐵七路７號,新竹縣竹北市高鐵七路７號十六樓之六,住宅大樓(11層含以上有電梯),房地(土地+建物)+車位,十六層/二十一層,3房2廳2衛,50.4,3360,76.8,-3.6,2026-06-08,坡道平面,預售屋、或土地及建物分件登記案件；
高鐵特區,115S3,2022-11-20,高鐵七路,RPTNMLKKPHLGFBJ68DA,高鐵七路７號,新竹縣竹北市高鐵七路７號四樓之七,住宅大樓(11層含以上有電梯),房地(土地+建物)+車位,四層/二十一層,3房2廳2衛,61.6,3492,71.9,-3.6,2026-06-08,坡道平面,預售屋、或土地及建物分件登記案件；
高鐵特區,115S3,2022-11-20,高鐵七路,RPVOMLKKPHLGFBJ98DA,高鐵七路７號,新竹縣竹北市高鐵七路７號十七樓之七,住宅大樓(11層含以上有電梯),房地(土地+建物)+車位,十七層/二十一層,3房2廳2衛,61.9,3724,77.1,-3.6,2026-06-08,坡道平面,預售屋、或土地及建物分件登記案件；
高鐵特區,115S3,2022-11-20,高鐵七路,RPUQMLNKPHLGFBJ76DA,高鐵七路７號,新竹縣竹北市高鐵七路７號十六樓之七,住宅大樓(11層含以上有電梯),房地(土地+建物)+車位,十六層/二十一層,3房2廳2衛,61.9,3727,76.7,-3.6,2026-06-08,坡道平面,預售屋、或土地及建物分件登記案件；
高鐵特區,115S3,2022-11-20,高鐵七路,RPXVMLNKPHLGFBJ57DA,高鐵七路７號,新竹縣竹北市高鐵七路７號六樓之五,住宅大樓(11層含以上有電梯),房地(土地+建物)+車位,六層/二十一層,3房2廳2衛,59.1,3335,73.5,-3.6,2026-06-08,坡道平面,預售屋、或土地及建物分件登記案件；
高鐵特區,115S3,2022-11-20,高鐵七路,RPRWMLNKPHLGFBJ07DA,高鐵七路７號,新竹縣竹北市高鐵七路７號九樓之五,住宅大樓(11層含以上有電梯),房地(土地+建物)+車位,九層/二十一層,3房2廳2衛,49.9,3219,74.6,-3.6,2026-06-08,坡道平面,114/01/10換約，換約價格新台幣3870萬元。預售屋、或土地及建物分件登記案件；
高鐵特區,115S3,2022-11-20,高鐵七路,RPQOMLOKPHLGFBJ88DA,高鐵七路７號,新竹縣竹北市高鐵七路７號八樓之六,住宅大樓(11層含以上有電梯),房地(土地+建物)+車位,八層/二十一層,3房2廳2衛,59.6,3468,74.3,-3.6,2026-06-08,坡道平面,預售屋、或土地及建物分件登記案件；
高鐵特區,115S3,2022-11-20,高鐵七路,RPPQMLNKQHLGFBJ98DA,高鐵七路７號,新竹縣竹北市高鐵七路７號九樓之六,住宅大樓(11層含以上有電梯),房地(土地+建物)+車位,九層/二十一層,3房2廳2衛,50.4,3240,74.6,-3.6,2026-06-08,坡道平面,預售屋、或土地及建物分件登記案件；
高鐵特區,115S4,2022-11-20,高鐵七路,RPUNNLLJRHLGFBJ09DA,高鐵七路７號,新竹縣竹北市高鐵七路７號十七樓之一,住宅大樓(11層含以上有電梯),房地(土地+建物)+車位,十七層/二十一層,4房2廳2衛,73.1,4458,74.7,-3.6,2026-06-08,坡道平面,預售屋、或土地及建物分件登記案件；
高鐵特區,115S4,2022-11-20,高鐵七路,RPPONLLJRHLGFBJ68DA,高鐵七路７號,新竹縣竹北市高鐵七路７號十七樓之二,住宅大樓(11層含以上有電梯),房地(土地+建物)+車位,十七層/二十一層,4房2廳2衛,74.8,4602,74.7,-3.6,2026-06-08,坡道平面,預售屋、或土地及建物分件登記案件；
高鐵特區,115S4,2022-11-20,高鐵七路,RPWPNLLJRHLGFBJ86DA,高鐵七路７號,新竹縣竹北市高鐵七路７號八樓之三,住宅大樓(11層含以上有電梯),房地(土地+建物)+車位,八層/二十一層,3房2廳2衛,53.2,3436,74.3,-3.6,2026-06-08,坡道平面,預售屋、或土地及建物分件登記案件；
高鐵特區,114S3,2022-11-21,光明六路東二段,RPPRMLLJMHKGFBJ28DA,光明六路東二段６６３號,新竹縣竹北市光明六路東二段６６３號七樓,住宅大樓(11層含以上有電梯),房地(土地+建物)+車位,七層/十五層,3房2廳2衛,44.4,2445,63.2,-2.4,2025-04-28,坡道平面,預售屋、或土地及建物分件登記案件；
高鐵特區,115S3,2022-11-21,高鐵七路,RPTRMLNKPHLGFBJ76DA,高鐵七路７號,新竹縣竹北市高鐵七路７號十三樓之三,住宅大樓(11層含以上有電梯),房地(土地+建物)+車位,十三層/二十一層,3房2廳2衛,62.4,3721,75.8,-3.6,2026-06-08,坡道平面,預售屋、或土地及建物分件登記案件；
高鐵特區,115S3,2022-11-21,高鐵七路,RPROMLKKPHLGFBJ58DA,高鐵七路７號,新竹縣竹北市高鐵七路７號十四樓之七,住宅大樓(11層含以上有電梯),房地(土地+建物)+車位,十四層/二十一層,3房2廳2衛,61.6,3667,76.0,-3.6,2026-06-08,坡道平面,預售屋、或土地及建物分件登記案件；
高鐵特區,115S3,2022-11-21,高鐵七路,RPVQMLNKPHLGFBJ86DA,高鐵七路７號,新竹縣竹北市高鐵七路７號二十一樓之二,住宅大樓(11層含以上有電梯),房地(土地+建物)+車位,二十一層/二十一層,4房2廳2衛,74.8,4691,76.3,-3.6,2026-06-08,坡道平面,預售屋、或土地及建物分件登記案件；
高鐵特區,115S3,2022-11-21,高鐵七路,RPVPMLNKQHLGFBJ86DA,高鐵七路７號,新竹縣竹北市高鐵七路７號二樓之五,住宅大樓(11層含以上有電梯),房地(土地+建物)+車位,二層/二十一層,3房2廳2衛,49.9,3034,70.5,-3.6,2026-06-08,坡道平面,預售屋、或土地及建物分件登記案件；
高鐵特區,114S4,2022-11-22,光明六路東二段,RPUPMLMJOHKGFBJ88DA,光明六路東二段６５７號,新竹縣竹北市光明六路東二段６５７號八樓,住宅大樓(11層含以上有電梯),房地(土地+建物)+車位,八層/十五層,2房1廳2衛,38.5,2138,66.0,-2.4,2025-04-28,坡道平面,預售屋、或土地及建物分件登記案件；
高鐵特區,114S4,2022-11-22,光明六路東二段,RPXNMLRJMHKGFBJ66DA,光明六路東二段６５７號,新竹縣竹北市光明六路東二段６５７號十樓,住宅大樓(11層含以上有電梯),房地(土地+建物)+車位,十層/十五層,2房1廳2衛,38.5,2166,66.5,-2.4,2025-04-28,坡道平面,預售屋、或土地及建物分件登記案件；
高鐵特區,115S3,2022-11-22,高鐵七路,RPUWMLNKPHLGFBJ37DA,高鐵七路７號,新竹縣竹北市高鐵七路７號十三樓之五,住宅大樓(11層含以上有電梯),房地(土地+建物)+車位,十三層/二十一層,3房2廳2衛,49.5,3238,75.8,-3.6,2026-06-08,坡道平面,預售屋、或土地及建物分件登記案件；
高鐵特區,115S3,2022-11-22,高鐵七路,RPROMLNKQHLGFBJ98DA,高鐵七路７號,新竹縣竹北市高鐵七路７號五樓之七,住宅大樓(11層含以上有電梯),房地(土地+建物)+車位,五層/二十一層,3房2廳2衛,52.4,3315,73.0,-3.6,2026-06-08,坡道平面,預售屋、或土地及建物分件登記案件；
高鐵特區,115S3,2022-11-23,高鐵七路,RPUNMLOKPHLGFBJ56DA,高鐵七路７號,新竹縣竹北市高鐵七路７號二樓之六,住宅大樓(11層含以上有電梯),房地(土地+建物)+車位,二層/二十一層,3房2廳2衛,59.6,3253,70.5,-3.6,2026-06-08,坡道平面,預售屋、或土地及建物分件登記案件；
高鐵特區,115S3,2022-11-23,高鐵七路,RPQWMLNKPHLGFBJ96DA,高鐵七路７號,新竹縣竹北市高鐵七路７號八樓之五,住宅大樓(11層含以上有電梯),房地(土地+建物)+車位,八層/二十一層,3房2廳2衛,49.9,3207,74.3,-3.6,2026-06-08,坡道平面,112/8/02換約，換約價格新台幣3360萬元。預售屋、或土地及建物分件登記案件；
高鐵特區,115S4,2022-11-23,高鐵七路,RPTPNLLJRHLGFBJ56DA,高鐵七路７號,新竹縣竹北市高鐵七路７號十三樓之一,住宅大樓(11層含以上有電梯),房地(土地+建物)+車位,十三層/二十一層,4房2廳2衛,73.1,4342,73.3,-3.6,2026-06-08,坡道平面,預售屋、或土地及建物分件登記案件；
高鐵特區,114S3,2022-11-24,光明六路東二段,RPOVMLMJMHKGFBJ68DA,光明六路東二段６５５號,新竹縣竹北市光明六路東二段６５５號六樓,住宅大樓(11層含以上有電梯),房地(土地+建物)+車位,六層/十五層,3房2廳2衛,48.3,2669,63.0,-2.4,2025-04-28,坡道平面,預售屋、或土地及建物分件登記案件；
高鐵特區,114S3,2022-11-24,光明六路東二段,RPSRMLLKMHKGFBJ68DA,光明六路東二段６５７號,新竹縣竹北市光明六路東二段６５７號二樓,住宅大樓(11層含以上有電梯),房地(土地+建物)+車位,二層/十五層,2房1廳2衛,39.9,2188,64.1,-2.4,2025-04-28,坡道平面,預售權利轉讓 113年5月2日轉讓契約金額2468萬元整預售屋、或土地及建物分件登記案件；
高鐵特區,115S3,2022-11-24,高鐵七路,RPVWMLNKPHLGFBJ47DA,高鐵七路７號,新竹縣竹北市高鐵七路７號十五樓之五,住宅大樓(11層含以上有電梯),房地(土地+建物)+車位,十五層/二十一層,3房2廳2衛,49.9,3272,76.4,-3.6,2026-06-08,坡道平面,預售屋、或土地及建物分件登記案件；
高鐵特區,115S3,2022-11-24,高鐵七路,RPWWMLNKPHLGFBJ57DA,高鐵七路７號,新竹縣竹北市高鐵七路７號十七樓之五,住宅大樓(11層含以上有電梯),房地(土地+建物)+車位,十七層/二十一層,3房2廳2衛,49.9,3304,77.2,-3.6,2026-06-08,坡道平面,預售屋、或土地及建物分件登記案件；
高鐵特區,115S3,2022-11-24,高鐵七路,RPTNMLOKPHLGFBJ09DA,高鐵七路７號,新竹縣竹北市高鐵七路７號四樓之六,住宅大樓(11層含以上有電梯),房地(土地+建物)+車位,四層/二十一層,3房2廳2衛,59.9,3324,72.0,-3.6,2026-06-08,坡道平面,預售屋、或土地及建物分件登記案件；
高鐵特區,114S3,2022-11-25,光明六路東二段,RPVNMLQJMHKGFBJ98DA,光明六路東二段６５５號,新竹縣竹北市光明六路東二段６５５號十三樓,住宅大樓(11層含以上有電梯),房地(土地+建物)+車位,十三層/十五層,3房2廳2衛,48.3,2740,64.5,-2.4,2025-04-28,坡道平面,預售權利轉讓 113年6月23日轉讓契約金額3468萬元整預售屋、或土地及建物分件登記案件；
高鐵特區,114S3,2022-11-25,光明六路東二段,RPPVMLLMLHKGFBJ88DA,光明六路東二段６７７號,新竹縣竹北市光明六路東二段６７７號十四樓,住宅大樓(11層含以上有電梯),房地(土地+建物)+車位,十四層/十五層,2房1廳2衛,38.7,2150,65.8,-2.4,2025-04-28,坡道平面,預售屋、或土地及建物分件登記案件；
高鐵特區,114S4,2022-11-25,光明六路東二段,RPOOMLQJMHKGFBJ38DA,光明六路東二段６５１號,新竹縣竹北市光明六路東二段６５１號,住宅大樓(11層含以上有電梯),房地(土地+建物),一層/十五層,0房0廳1衛,20.0,1475,73.9,-2.4,2025-04-28,,預售屋、或土地及建物分件登記案件；
高鐵特區,115S3,2022-11-25,高鐵七路,RPVNMLKKPHLGFBJ88DA,高鐵七路７號,新竹縣竹北市高鐵七路７號九樓之七,住宅大樓(11層含以上有電梯),房地(土地+建物)+車位,九層/二十一層,3房2廳2衛,52.4,3413,74.5,-3.6,2026-06-08,坡道平面,預售屋、或土地及建物分件登記案件；
高鐵特區,115S3,2022-11-25,高鐵七路,RPPNNLNKPHLGFBJ68DA,高鐵七路７號,新竹縣竹北市高鐵七路７號二十一樓之五,住宅大樓(11層含以上有電梯),房地(土地+建物)+車位,二十一層/二十一層,3房2廳2衛,59.5,3593,78.9,-3.6,2026-06-08,坡道平面,1.112/11/30換約，換約價格新台幣3600萬元。2.114/12/10配偶間轉讓，換約價格新台幣3600萬元整。
高鐵特區,115S1,2022-11-26,光明六路東二段,RPUQMLLMLHKGFBJ88DA,光明六路東二段６７３號,新竹縣竹北市光明六路東二段６７３號八樓,住宅大樓(11層含以上有電梯),房地(土地+建物)+車位,八層/十五層,2房2廳1衛,35.4,1885,64.2,-2.4,2025-04-28,坡道平面,預售屋、或土地及建物分件登記案件；
高鐵特區,114S3,2022-11-27,光明六路東二段,RPRNMLQJMHKGFBJ58DA,光明六路東二段６５５號,新竹縣竹北市光明六路東二段６５５號九樓,住宅大樓(11層含以上有電梯),房地(土地+建物)+車位,九層/十五層,3房2廳2衛,48.3,2720,63.7,-2.4,2025-04-28,坡道平面,預售屋、或土地及建物分件登記案件；
高鐵特區,115S3,2022-11-27,高鐵七路,RPWVMLNKPHLGFBJ47DA,高鐵七路７號,新竹縣竹北市高鐵七路７號四樓之五,住宅大樓(11層含以上有電梯),房地(土地+建物)+車位,四層/二十一層,3房2廳2衛,50.2,3095,72.0,-3.6,2026-06-08,坡道平面,112/11/29換約，換約價格新台幣3228萬元。預售屋、或土地及建物分件登記案件；
高鐵特區,114S3,2022-11-28,光明六路東二段,RPUNMLPJNHKGFBJ88DA,光明六路東二段６７１號,新竹縣竹北市光明六路東二段６７１號十三樓,住宅大樓(11層含以上有電梯),房地(土地+建物)+車位,十三層/十五層,2房1廳1衛,36.0,1968,65.2,-2.4,2025-04-28,坡道平面,預售權利轉讓114年1月23日轉讓契約金額2150萬元整預售屋、或土地及建物分件登記案件；
高鐵特區,114S3,2022-11-30,光明六路東二段,RPUOMLSKMHKGFBJ66DA,光明六路東二段６７１號,新竹縣竹北市光明六路東二段６７１號四樓,住宅大樓(11層含以上有電梯),房地(土地+建物)+車位,四層/十五層,2房1廳1衛,36.0,1903,62.9,-2.4,2025-04-28,坡道平面,預售權利轉讓113年6月30日轉讓契約金額2030萬元整預售屋、或土地及建物分件登記案件；
高鐵特區,114S4,2022-12-01,光明六路東二段,RPSQMLMJMHKGFBJ58DA,光明六路東二段６６７號,新竹縣竹北市光明六路東二段６６７號八樓,住宅大樓(11層含以上有電梯),房地(土地+建物)+車位,八層/十五層,2房1廳2衛,38.7,2138,65.3,-2.3,2025-04-28,坡道平面,預售屋、或土地及建物分件登記案件；
高鐵特區,114S1,2022-12-02,十興路一段,RPVOMLLLJHKGFBJ48DA,十興路一段３９０號,新竹縣竹北市十興路一段３９０號二樓,住宅大樓(11層含以上有電梯),房地(土地+建物),二層/二十層,4房2廳2衛,63.4,3998,63.1,-1.9,2024-11-25,,預售屋、或土地及建物分件登記案件；
高鐵特區,114S3,2022-12-02,光明六路東二段,RPOTMLMJMHKGFBJ48DA,光明六路東二段６７１號,新竹縣竹北市光明六路東二段６７１號三樓,住宅大樓(11層含以上有電梯),房地(土地+建物)+車位,三層/十五層,2房1廳1衛,36.0,1897,63.1,-2.3,2025-04-28,坡道平面,預售權利轉讓113年9月19日轉讓契約金額2180萬元整預售屋、或土地及建物分件登記案件；
高鐵特區,114S4,2022-12-06,光明六路東二段,RPTUMLMJMHKGFBJ09DA,光明六路東二段６４９號,新竹縣竹北市光明六路東二段６４９號,住宅大樓(11層含以上有電梯),房地(土地+建物),一層/十五層,0房0廳1衛,29.3,2235,76.3,-2.3,2025-04-28,,預售屋、或土地及建物分件登記案件；
高鐵特區,114S3,2022-12-08,光明六路東二段,RPSPMLLJMHKGFBJ38DA,光明六路東二段６８１號,新竹縣竹北市光明六路東二段６８１號五樓,住宅大樓(11層含以上有電梯),房地(土地+建物)+車位,五層/十五層,3房2廳2衛,47.4,2627,63.1,-2.3,2025-04-28,坡道平面,預售權利轉讓113年4月28日轉讓金額2688萬元整預售屋、或土地及建物分件登記案件；
高鐵特區,114S3,2022-12-09,光明六路東二段,RPPUMLRJMHKGFBJ56DA,光明六路東二段６８３號,新竹縣竹北市光明六路東二段６８３號十五樓,住宅大樓(11層含以上有電梯),房地(土地+建物)+車位,十五層/十五層,2房2廳1衛,35.6,1941,65.3,-2.3,2025-04-28,坡道平面,預售屋、或土地及建物分件登記案件；
高鐵特區,115S1,2022-12-09,隘口七街,RPVOMLOLKIKGFBJ98DA,隘口七街６２號,新竹縣竹北市隘口七街６２號六樓,華廈(10層含以下有電梯),房地(土地+建物)+車位,六層/七層,3房2廳2衛,45.1,2727,64.5,-2.8,2025-10-28,坡道平面,轉讓價格2950萬元整，日期:114.06.14。預售屋、或土地及建物分件登記案件；
高鐵特區,114S3,2022-12-10,光明六路東二段,RPOTMLRJMHKGFBJ98DA,光明六路東二段６８３號,新竹縣竹北市光明六路東二段６８３號四樓,住宅大樓(11層含以上有電梯),房地(土地+建物)+車位,四層/十五層,2房2廳1衛,35.6,1867,63.2,-2.3,2025-04-28,坡道平面,預售屋、或土地及建物分件登記案件；
高鐵特區,114S1,2022-12-12,嘉豐南路二段,RPUOMLTKPHJGFBJ96DA,嘉豐南路二段３９號,新竹縣竹北市嘉豐南路二段３９號,華廈(10層含以下有電梯),房地(土地+建物)+車位,一層，見其他登記事項/十層,0房0廳0衛,55.7,4546,98.5,-1.8,2024-10-04,坡道平面,夾層；預售屋、或土地及建物分件登記案件；
高鐵特區,114S1,2022-12-12,嘉豐南路二段,RPVQMLSJQHJGFBJ17DA,嘉豐南路二段３３號,新竹縣竹北市嘉豐南路二段３３號七樓,華廈(10層含以下有電梯),房地(土地+建物)+車位,七層/十層,2房2廳2衛,67.9,3981,78.6,-1.8,2024-10-04,坡道平面,預售屋、或土地及建物分件登記案件；
高鐵特區,115S1,2022-12-12,隘口七街,RPUOMLOLKIKGFBJ88DA,隘口七街６０號,新竹縣竹北市隘口七街６０號六樓,華廈(10層含以下有電梯),房地(土地+建物)+車位,六層/七層,3房2廳2衛,45.2,2642,62.2,-2.8,2025-10-28,坡道平面,預售屋、或土地及建物分件登記案件；
高鐵特區,114S3,2022-12-14,光明六路東二段,RPXQMLSLLHKGFBJ17DA,光明六路東二段６８７號,新竹縣竹北市光明六路東二段６８７號十樓,住宅大樓(11層含以上有電梯),房地(土地+建物)+車位,十層/十五層,2房1廳2衛,39.6,2227,65.8,-2.3,2025-04-28,坡道平面,預售屋、或土地及建物分件登記案件；
高鐵特區,114S3,2022-12-14,光明六路東二段,RPWQMLSLLHKGFBJ07DA,光明六路東二段６８７號,新竹縣竹北市光明六路東二段６８７號六樓,住宅大樓(11層含以上有電梯),房地(土地+建物)+車位,六層/十五層,2房1廳2衛,39.6,2191,65.0,-2.3,2025-04-28,坡道平面,預售屋、或土地及建物分件登記案件；
高鐵特區,114S3,2022-12-14,光明六路東二段,RPVOMLKMLHKGFBJ68DA,光明六路東二段６９５號,新竹縣竹北市光明六路東二段６９５號十一樓,住宅大樓(11層含以上有電梯),房地(土地+建物)+車位,十一層/十五層,3房2廳2衛,47.5,2695,64.1,-2.3,2025-04-28,坡道平面,預售屋、或土地及建物分件登記案件；
高鐵特區,114S3,2022-12-14,光明六路東二段,RPQQMLKMLHKGFBJ38DA,光明六路東二段６９７號,新竹縣竹北市光明六路東二段６９７號九樓,住宅大樓(11層含以上有電梯),房地(土地+建物)+車位,九層/十五層,2房1廳2衛,39.6,2228,66.2,-2.3,2025-04-28,坡道平面,預售屋、或土地及建物分件登記案件；
高鐵特區,114S3,2022-12-14,光明六路東二段,RPSTMLRJMHKGFBJ76DA,光明六路東二段６８３號,新竹縣竹北市光明六路東二段６８３號八樓,住宅大樓(11層含以上有電梯),房地(土地+建物)+車位,八層/十五層,2房2廳1衛,35.2,1901,64.5,-2.3,2025-04-28,坡道平面,預售屋權利轉讓權利讓渡契約成立於113年4月10日價格2145萬元整預售屋、或土地及建物分件登記案件；
高鐵特區,114S3,2022-12-14,光明六路東二段,RPPPMLSKMHKGFBJ88DA,光明六路東二段６９７號,新竹縣竹北市光明六路東二段６９７號三樓,住宅大樓(11層含以上有電梯),房地(土地+建物)+車位,三層/十五層,2房1廳2衛,39.6,2270,67.9,-2.3,2025-04-28,坡道平面,預售權利轉讓契約成立於113年3月26日金額2460萬元整預售屋、或土地及建物分件登記案件；
高鐵特區,114S3,2022-12-14,光明六路東二段,RPTPMLTLLHKGFBJ76DA,光明六路東二段６９３號,新竹縣竹北市光明六路東二段６９３號十二樓,住宅大樓(11層含以上有電梯),房地(土地+建物)+車位,十二層/十五層,2房2廳1衛,35.6,1922,65.1,-2.3,2025-04-28,坡道平面,預售屋、或土地及建物分件登記案件；
高鐵特區,114S4,2022-12-14,光明六路東二段,RPUPMLKMLHKGFBJ68DA,光明六路東二段６９７號,新竹縣竹北市光明六路東二段６９７號四樓,住宅大樓(11層含以上有電梯),房地(土地+建物)+車位,四層/十五層,2房1廳2衛,39.6,2165,64.5,-2.3,2025-04-28,坡道平面,預售屋、或土地及建物分件登記案件；
高鐵特區,114S2,2022-12-15,高鐵九路,RPPOMLSKMHKGFBJ78DA,高鐵九路１６７號,新竹縣竹北市高鐵九路１６７號七樓,華廈(10層含以下有電梯),房地(土地+建物)+車位,七層/七層,3房2廳2衛,53.4,2951,62.1,-2.2,2025-02-27,坡道平面,預售屋、或土地及建物分件登記案件；
高鐵特區,114S3,2022-12-15,光明六路東二段,RPRQMLKMLHKGFBJ48DA,光明六路東二段６９７號,新竹縣竹北市光明六路東二段６９７號十樓,住宅大樓(11層含以上有電梯),房地(土地+建物)+車位,十層/十五層,2房1廳2衛,39.6,2234,66.4,-2.3,2025-04-28,坡道平面,預售權利轉讓契約成立於114年1月11日金額2234萬元整預售屋、或土地及建物分件登記案件；
高鐵特區,114S3,2022-12-15,光明六路東二段,RPRQMLLJMHKGFBJ38DA,光明六路東二段６８１號,新竹縣竹北市光明六路東二段６８１號十三樓,住宅大樓(11層含以上有電梯),房地(土地+建物)+車位,十三層/十五層,3房2廳2衛,47.4,2683,64.5,-2.3,2025-04-28,坡道平面,預售屋、或土地及建物分件登記案件；
高鐵特區,114S3,2022-12-15,光明六路東二段,RPXOMLMJMHKGFBJ88DA,光明六路東二段６６５號,新竹縣竹北市光明六路東二段６６５號九樓,住宅大樓(11層含以上有電梯),房地(土地+建物)+車位,九層/十五層,3房2廳2衛,43.0,2376,63.8,-2.3,2025-04-28,坡道平面,預售屋、或土地及建物分件登記案件；
高鐵特區,114S3,2022-12-15,光明六路東二段,RPXQMLKMLHKGFBJ09DA,光明六路東二段６９７號,新竹縣竹北市光明六路東二段６９７號十五樓,住宅大樓(11層含以上有電梯),房地(土地+建物)+車位,十五層/十五層,2房1廳2衛,39.6,2246,66.8,-2.3,2025-04-28,坡道平面,預售屋、或土地及建物分件登記案件；
高鐵特區,114S3,2022-12-15,光明六路東二段,RPTQMLKMLHKGFBJ68DA,光明六路東二段６９７號,新竹縣竹北市光明六路東二段６９７號十二樓,住宅大樓(11層含以上有電梯),房地(土地+建物)+車位,十二層/十五層,2房1廳2衛,39.6,2235,66.6,-2.3,2025-04-28,坡道平面,預售屋、或土地及建物分件登記案件；
高鐵特區,114S3,2022-12-15,光明六路東二段,RPVQMLKMLHKGFBJ88DA,光明六路東二段６９７號,新竹縣竹北市光明六路東二段６９７號十三樓,住宅大樓(11層含以上有電梯),房地(土地+建物)+車位,十三層/十五層,2房1廳2衛,39.6,2251,66.8,-2.3,2025-04-28,坡道平面,預售屋、或土地及建物分件登記案件；
高鐵特區,114S3,2022-12-16,光明六路東二段,RPUQMLSLLHKGFBJ86DA,光明六路東二段６８７號,新竹縣竹北市光明六路東二段６８７號十三樓,住宅大樓(11層含以上有電梯),房地(土地+建物)+車位,十三層/十五層,2房1廳2衛,39.2,2233,66.2,-2.3,2025-04-28,坡道平面,預售屋、或土地及建物分件登記案件；
高鐵特區,114S3,2022-12-16,光明六路東二段,RPRTMLRJMHKGFBJ66DA,光明六路東二段６８３號,新竹縣竹北市光明六路東二段６８３號七樓,住宅大樓(11層含以上有電梯),房地(土地+建物)+車位,七層/十五層,2房2廳1衛,35.6,1912,64.3,-2.3,2025-04-28,坡道平面,預售屋、或土地及建物分件登記案件；
高鐵特區,114S3,2022-12-16,光明六路東二段,RPWTMLRJMHKGFBJ17DA,光明六路東二段６８３號,新竹縣竹北市光明六路東二段６８３號十二樓,住宅大樓(11層含以上有電梯),房地(土地+建物)+車位,十二層/十五層,2房2廳1衛,35.6,1950,65.3,-2.3,2025-04-28,坡道平面,預售屋、或土地及建物分件登記案件；
高鐵特區,114S4,2022-12-16,光明六路東二段,RPSQMLKMLHKGFBJ58DA,光明六路東二段６９７號,新竹縣竹北市光明六路東二段６９７號十一樓,住宅大樓(11層含以上有電梯),房地(土地+建物)+車位,十一層/十五層,2房1廳2衛,39.6,2235,66.4,-2.3,2025-04-28,坡道平面,預售屋、或土地及建物分件登記案件；
高鐵特區,114S4,2022-12-16,光明六路東二段,RPTTMLRJMHKGFBJ86DA,光明六路東二段６８３號,新竹縣竹北市光明六路東二段６８３號九樓,住宅大樓(11層含以上有電梯),房地(土地+建物)+車位,九層/十五層,2房2廳1衛,35.6,1922,64.7,-2.3,2025-04-28,坡道平面,預售屋、或土地及建物分件登記案件；
高鐵特區,114S4,2022-12-17,光明六路東二段,RPXPMLSLLHKGFBJ07DA,光明六路東二段６８７號,新竹縣竹北市光明六路東二段６８７號八樓,住宅大樓(11層含以上有電梯),房地(土地+建物)+車位,八層/十五層,2房1廳2衛,39.6,2182,65.4,-2.3,2025-04-28,坡道平面,預售屋權利轉讓權利讓渡契約成立於113年4月16日價格2438萬元整預售屋、或土地及建物分件登記案件；
高鐵特區,114S3,2022-12-18,光明六路東二段,RPXTMLRJMHKGFBJ27DA,光明六路東二段６８３號,新竹縣竹北市光明六路東二段６８３號十三樓,住宅大樓(11層含以上有電梯),房地(土地+建物)+車位,十三層/十五層,2房2廳1衛,35.6,1939,65.5,-2.3,2025-04-28,坡道平面,預售屋、或土地及建物分件登記案件；
高鐵特區,114S3,2022-12-18,光明六路東二段,RPTQMLSLLHKGFBJ76DA,光明六路東二段６８７號,新竹縣竹北市光明六路東二段６８７號十二樓,住宅大樓(11層含以上有電梯),房地(土地+建物)+車位,十二層/十五層,2房1廳2衛,39.6,2221,66.0,-2.3,2025-04-28,坡道平面,預售屋、或土地及建物分件登記案件；
高鐵特區,114S3,2022-12-18,光明六路東二段,RPUTMLRJMHKGFBJ96DA,光明六路東二段６８３號,新竹縣竹北市光明六路東二段６８３號十樓,住宅大樓(11層含以上有電梯),房地(土地+建物)+車位,十層/十五層,2房2廳1衛,35.6,1917,64.9,-2.3,2025-04-28,坡道平面,預售屋、或土地及建物分件登記案件；
高鐵特區,115S1,2022-12-19,隘口七街,RPUNMLOLKIKGFBJ78DA,隘口七街６２號,新竹縣竹北市隘口七街６２號二樓,華廈(10層含以下有電梯),房地(土地+建物)+車位,二層/七層,3房2廳2衛,53.0,2998,63.4,-2.8,2025-10-28,坡道平面,預售屋、或土地及建物分件登記案件；
高鐵特區,115S1,2022-12-20,隘口七街,RPSPMLKMKIKGFBJ48DA,隘口七街６２號,新竹縣竹北市隘口七街６２號七樓,華廈(10層含以下有電梯),房地(土地+建物)+車位,七層/七層,3房2廳2衛,45.1,2742,64.8,-2.8,2025-10-28,坡道平面,預售屋、或土地及建物分件登記案件；
高鐵特區,114S3,2022-12-23,光明六路東二段,RPRNMLKMLHKGFBJ18DA,光明六路東二段６９３號,新竹縣竹北市光明六路東二段６９３號十四樓,住宅大樓(11層含以上有電梯),房地(土地+建物)+車位,十四層/十五層,2房2廳1衛,35.2,1956,65.7,-2.3,2025-04-28,坡道平面,預售屋、或土地及建物分件登記案件；
高鐵特區,114S3,2022-12-24,光明六路東二段,RPOUMLRJMHKGFBJ09DA,光明六路東二段６８３號,新竹縣竹北市光明六路東二段６８３號十四樓,住宅大樓(11層含以上有電梯),房地(土地+建物)+車位,十四層/十五層,2房2廳1衛,35.6,1945,65.5,-2.3,2025-04-28,坡道平面,預售屋、或土地及建物分件登記案件；
高鐵特區,114S3,2022-12-25,光明六路東二段,RPQNMLKMLHKGFBJ08DA,光明六路東二段６９３號,新竹縣竹北市光明六路東二段６９３號十三樓,住宅大樓(11層含以上有電梯),房地(土地+建物)+車位,十三層/十五層,2房2廳1衛,35.6,1933,65.5,-2.3,2025-04-28,坡道平面,預售屋、或土地及建物分件登記案件；
高鐵特區,114S3,2022-12-25,光明六路東二段,RPVTMLRJMHKGFBJ07DA,光明六路東二段６８３號,新竹縣竹北市光明六路東二段６８３號十一樓,住宅大樓(11層含以上有電梯),房地(土地+建物)+車位,十一層/十五層,2房2廳1衛,35.6,1925,65.1,-2.3,2025-04-28,坡道平面,預售屋、或土地及建物分件登記案件；
高鐵特區,114S3,2022-12-25,光明六路東二段,RPTOMLLKMHKGFBJ48DA,光明六路東二段６９５號,新竹縣竹北市光明六路東二段６９５號十五樓,住宅大樓(11層含以上有電梯),房地(土地+建物)+車位,十五層/十五層,3房2廳2衛,47.5,2699,64.5,-2.3,2025-04-28,坡道平面,預售屋、或土地及建物分件登記案件；
高鐵特區,114S3,2022-12-26,光明六路東二段,RPUOMLTLLHKGFBJ76DA,光明六路東二段６９３號,新竹縣竹北市光明六路東二段６９３號五樓,住宅大樓(11層含以上有電梯),房地(土地+建物)+車位,五層/十五層,2房2廳1衛,35.6,1877,63.4,-2.3,2025-04-28,坡道平面,預售權利轉讓於112年10月9日轉讓金額1950萬元整預售屋、或土地及建物分件登記案件；
高鐵特區,115S3,2022-12-30,高鐵七路,RPQPMLLLPHLGFBJ78DA,高鐵七路７號,新竹縣竹北市高鐵七路７號十九樓之五,住宅大樓(11層含以上有電梯),房地(土地+建物)+車位,十九層/二十一層,3房2廳2衛,59.1,3587,78.5,-3.5,2026-06-08,坡道平面,113/04/22換約，換約價格新台幣3888萬元。預售屋、或土地及建物分件登記案件；
高鐵特區,115S3,2022-12-31,高鐵七路,RPOOMLKKPHLGFBJ28DA,高鐵七路７號,新竹縣竹北市高鐵七路７號十一樓之七,住宅大樓(11層含以上有電梯),房地(土地+建物)+車位,十一層/二十一層,3房2廳2衛,61.6,3680,75.6,-3.5,2026-06-08,坡道平面,預售屋、或土地及建物分件登記案件；
高鐵特區,114S4,2023-01-03,六家一路一段,RPTQMLMLRHKGFBJ76DA,六家一路一段２５９號,新竹縣竹北市六家一路一段２５９號五樓,住宅大樓(11層含以上有電梯),房地(土地+建物)+車位,五層/十七層,3房2廳2衛,55.2,3383,72.7,-2.6,2025-08-19,坡道平面,預售屋、或土地及建物分件登記案件；
高鐵特區,115S1,2023-01-04,隘口七街,RPTOMLOLKIKGFBJ78DA,隘口七街５８號,新竹縣竹北市隘口七街５８號六樓,華廈(10層含以下有電梯),房地(土地+建物)+車位,六層/七層,3房2廳2衛,43.7,2583,62.9,-2.8,2025-10-28,一樓平面,預售屋、或土地及建物分件登記案件；
高鐵特區,115S3,2023-01-04,高鐵七路,RPORMLNKPHLGFBJ88DA,高鐵七路７號,新竹縣竹北市高鐵七路７號七樓之三,住宅大樓(11層含以上有電梯),房地(土地+建物)+車位,七層/二十一層,3房2廳2衛,62.4,3675,74.5,-3.4,2026-06-08,坡道平面,預售屋、或土地及建物分件登記案件；
高鐵特區,115S3,2023-01-05,高鐵七路,RPSVMLNKPHLGFBJ07DA,高鐵七路７號,新竹縣竹北市高鐵七路７號二十樓之三,住宅大樓(11層含以上有電梯),房地(土地+建物)+車位,二十層/二十一層,3房2廳2衛,62.4,3827,78.9,-3.4,2026-06-08,坡道平面,預售屋、或土地及建物分件登記案件；
高鐵特區,114S3,2023-01-07,光明六路東二段,RPWPMLKMLHKGFBJ88DA,光明六路東二段６９７號,新竹縣竹北市光明六路東二段６９７號六樓,住宅大樓(11層含以上有電梯),房地(土地+建物)+車位,六層/十五層,2房1廳2衛,39.6,2200,65.6,-2.2,2025-04-28,坡道平面,預售屋、或土地及建物分件登記案件；
高鐵特區,115S3,2023-01-08,高鐵七路,RPQOMLKKPHLGFBJ48DA,高鐵七路７號,新竹縣竹北市高鐵七路７號十三樓之七,住宅大樓(11層含以上有電梯),房地(土地+建物)+車位,十三層/二十一層,3房2廳2衛,52.4,3496,76.2,-3.4,2026-06-08,坡道平面,預售屋、或土地及建物分件登記案件；
高鐵特區,115S3,2023-01-08,高鐵七路,RPTPMLNKQHLGFBJ66DA,高鐵七路７號,新竹縣竹北市高鐵七路７號三樓之三,住宅大樓(11層含以上有電梯),房地(土地+建物)+車位,三層/二十一層,3房2廳2衛,53.2,3409,73.0,-3.4,2026-06-08,坡道平面,預售屋、或土地及建物分件登記案件；
高鐵特區,114S2,2023-01-09,高鐵九路,RPOPMLSKMHKGFBJ78DA,高鐵九路１６９號,新竹縣竹北市高鐵九路１６９號六樓,華廈(10層含以下有電梯),房地(土地+建物)+車位,六層/七層,3房2廳2衛,53.8,2980,62.3,-2.1,2025-02-27,坡道平面,預售屋、或土地及建物分件登記案件；
高鐵特區,115S1,2023-01-10,隘口七街,RPROMLOLKIKGFBJ58DA,隘口七街６０號,新竹縣竹北市隘口七街６０號五樓,華廈(10層含以下有電梯),房地(土地+建物)+車位,五層/七層,3房2廳2衛,45.2,2706,63.6,-2.8,2025-10-28,一樓平面,預售屋、或土地及建物分件登記案件；
高鐵特區,115S3,2023-01-10,高鐵七路,RPPWMLNKPHLGFBJ86DA,高鐵七路７號,新竹縣竹北市高鐵七路７號二十樓之二,住宅大樓(11層含以上有電梯),房地(土地+建物)+車位,二十層/二十一層,4房2廳2衛,85.1,4806,67.0,-3.4,2026-06-08,坡道平面,預售屋、或土地及建物分件登記案件；
高鐵特區,114S3,2023-01-11,光明六路東二段,RPQTMLRJMHKGFBJ56DA,光明六路東二段６８３號,新竹縣竹北市光明六路東二段６８３號六樓,住宅大樓(11層含以上有電梯),房地(土地+建物)+車位,六層/十五層,2房2廳1衛,35.6,1899,64.2,-2.2,2025-04-28,坡道平面,預售屋、或土地及建物分件登記案件；
高鐵特區,115S1,2023-01-12,隘口七街,RPWOMLOLKIKGFBJ09DA,隘口七街５８號,新竹縣竹北市隘口七街５８號七樓,華廈(10層含以下有電梯),房地(土地+建物)+車位,七層/七層,3房2廳2衛,43.7,2670,65.3,-2.8,2025-10-28,一樓平面,預售屋、或土地及建物分件登記案件；
高鐵特區,114S3,2023-01-13,光明六路東二段,RPWQMLKMLHKGFBJ98DA,光明六路東二段６９７號,新竹縣竹北市光明六路東二段６９７號十四樓,住宅大樓(11層含以上有電梯),房地(土地+建物)+車位,十四層/十五層,2房1廳2衛,39.6,2242,67.0,-2.2,2025-04-28,坡道平面,預售屋、或土地及建物分件登記案件；
高鐵特區,114S4,2023-01-13,六家一路一段,RPRPMLMLRHKGFBJ09DA,六家一路一段２５５號,新竹縣竹北市六家一路一段２５５號十七樓,住宅大樓(11層含以上有電梯),房地(土地+建物)+車位,十七層/十七層,0房0廳0衛,64.7,3995,71.1,-2.6,2025-08-19,坡道平面,毛胚屋；預售屋、或土地及建物分件登記案件；
高鐵特區,115S3,2023-01-14,高鐵七路,RPSOMLKKPHLGFBJ68DA,高鐵七路７號,新竹縣竹北市高鐵七路７號十五樓之七,住宅大樓(11層含以上有電梯),房地(土地+建物)+車位,十五層/二十一層,3房2廳2衛,61.6,3672,76.8,-3.4,2026-06-08,坡道平面,112/8/18換約，換約價格新台幣3700萬元。預售屋、或土地及建物分件登記案件；
高鐵特區,115S3,2023-01-15,高鐵七路,RPOQMLNKPHLGFBJ78DA,高鐵七路７號,新竹縣竹北市高鐵七路７號十二樓之二,住宅大樓(11層含以上有電梯),房地(土地+建物)+車位,十二層/二十一層,4房2廳2衛,74.8,4555,73.5,-3.4,2026-06-08,坡道平面,預售屋、或土地及建物分件登記案件；
高鐵特區,115S1,2023-01-16,隘口七街,RPQOMLOLKIKGFBJ48DA,隘口七街５８號,新竹縣竹北市隘口七街５８號五樓,華廈(10層含以下有電梯),房地(土地+建物)+車位,五層/七層,3房2廳2衛,43.7,2632,64.5,-2.8,2025-10-28,一樓平面,預售屋、或土地及建物分件登記案件；
高鐵特區,114S3,2023-01-18,光明六路東二段,RPRUMLMJMHKGFBJ88DA,光明六路東二段６７１號,新竹縣竹北市光明六路東二段６７１號十四樓,住宅大樓(11層含以上有電梯),房地(土地+建物)+車位,十四層/十五層,2房1廳1衛,36.0,1956,65.2,-2.2,2025-04-28,坡道平面,預售屋、或土地及建物分件登記案件；
高鐵特區,115S3,2023-01-18,高鐵七路,RPWNNLNKPHLGFBJ76DA,高鐵七路７號,新竹縣竹北市高鐵七路７號十三樓之六,住宅大樓(11層含以上有電梯),房地(土地+建物)+車位,十三層/二十一層,3房2廳2衛,50.4,3319,76.3,-3.4,2026-06-08,坡道平面,114/03/05換約，換約價格新台幣3930萬元。預售屋、或土地及建物分件登記案件；
高鐵特區,114S3,2023-01-20,光明六路東二段,RPSNMLLKMHKGFBJ28DA,光明六路東二段６８７號,新竹縣竹北市光明六路東二段６８７號十一樓,住宅大樓(11層含以上有電梯),房地(土地+建物)+車位,十一層/十五層,2房1廳2衛,39.6,2231,66.3,-2.2,2025-04-28,坡道平面,預售屋、或土地及建物分件登記案件；
高鐵特區,114S3,2023-01-20,光明六路東二段,RPPTMLRJMHKGFBJ09DA,光明六路東二段６８３號,新竹縣竹北市光明六路東二段６８３號五樓,住宅大樓(11層含以上有電梯),房地(土地+建物)+車位,五層/十五層,2房2廳1衛,35.2,1890,64.1,-2.2,2025-04-28,坡道平面,預售屋、或土地及建物分件登記案件；
高鐵特區,115S3,2023-01-27,高鐵七路,RPQNMLKKPHLGFBJ38DA,高鐵七路７號,新竹縣竹北市高鐵七路７號十九樓之二,住宅大樓(11層含以上有電梯),房地(土地+建物)+車位,十九層/二十一層,4房2廳2衛,74.8,4695,76.0,-3.4,2026-06-08,坡道平面,預售屋、或土地及建物分件登記案件；
高鐵特區,114S3,2023-01-29,光明六路東二段,RPSTMLSLLHKGFBJ96DA,光明六路東二段６９１號,新竹縣竹北市光明六路東二段６９１號四樓,住宅大樓(11層含以上有電梯),房地(土地+建物)+車位,四層/十五層,3房2廳2衛,43.3,2318,61.8,-2.2,2025-04-28,坡道平面,預售屋、或土地及建物分件登記案件；
高鐵特區,114S4,2023-01-29,光明六路東二段,RPQOMLKMLHKGFBJ18DA,光明六路東二段６９５號,新竹縣竹北市光明六路東二段６９５號七樓,住宅大樓(11層含以上有電梯),房地(土地+建物)+車位,七層/十五層,3房2廳2衛,47.1,2632,63.5,-2.2,2025-04-28,坡道平面,預售權利轉讓契約成立於113年3月17日金額3000萬元整預售屋、或土地及建物分件登記案件；
高鐵特區,115S3,2023-01-30,高鐵七路,RPQONLNKPHLGFBJ88DA,高鐵七路７號,新竹縣竹北市高鐵七路７號十七樓之六,住宅大樓(11層含以上有電梯),房地(土地+建物)+車位,十七層/二十一層,3房2廳2衛,59.6,3556,77.7,-3.4,2026-06-08,坡道平面,預售屋、或土地及建物分件登記案件；
高鐵特區,115S3,2023-01-31,高鐵七路,RPWPMLNKQHLGFBJ96DA,高鐵七路７號,新竹縣竹北市高鐵七路７號七樓之五,住宅大樓(11層含以上有電梯),房地(土地+建物)+車位,七層/二十一層,3房2廳2衛,49.9,3205,74.5,-3.4,2026-06-08,坡道平面,預售屋、或土地及建物分件登記案件；
高鐵特區,115S4,2023-01-31,高鐵七路,RPWWMLLJRHLGFBJ47DA,高鐵七路７號,新竹縣竹北市高鐵七路７號十九樓之七,住宅大樓(11層含以上有電梯),房地(土地+建物)+車位,十九層/二十一層,3房2廳2衛,61.6,3740,78.4,-3.4,2026-06-08,坡道平面,預售屋、或土地及建物分件登記案件；
高鐵特區,115S4,2023-01-31,高鐵七路,RPXNNLLJRHLGFBJ76DA,高鐵七路７號,新竹縣竹北市高鐵七路７號十八樓之一,住宅大樓(11層含以上有電梯),房地(土地+建物)+車位,十八層/二十一層,4房2廳2衛,82.7,4686,75.6,-3.4,2026-06-08,坡道平面,預售屋、或土地及建物分件登記案件；
高鐵特區,115S4,2023-01-31,高鐵七路,RPRPNLLJRHLGFBJ98DA,高鐵七路７號,新竹縣竹北市高鐵七路７號十八樓之三,住宅大樓(11層含以上有電梯),房地(土地+建物)+車位,十八層/二十一層,3房2廳2衛,62.4,3792,78.1,-3.4,2026-06-08,坡道平面,預售屋、或土地及建物分件登記案件；
高鐵特區,115S4,2023-01-31,高鐵七路,RPTQNLLJRHLGFBJ66DA,高鐵七路７號,新竹縣竹北市高鐵七路７號十八樓之二,住宅大樓(11層含以上有電梯),房地(土地+建物)+車位,十八層/二十一層,4房2廳2衛,96.8,5018,64.8,-3.4,2026-06-08,坡道平面,預售屋、或土地及建物分件登記案件；
高鐵特區,114S3,2023-02-02,光明六路東二段,RPSRMLLMLHKGFBJ78DA,光明六路東二段６７５號,新竹縣竹北市光明六路東二段６７５號二樓,住宅大樓(11層含以上有電梯),房地(土地+建物)+車位,二層/十五層,3房2廳2衛,43.7,2408,63.3,-2.2,2025-04-28,坡道平面,預售屋、或土地及建物分件登記案件；
高鐵特區,115S3,2023-02-03,高鐵七路,RPVPMLNKPHLGFBJ76DA,高鐵七路７號,新竹縣竹北市高鐵七路７號十樓之二,住宅大樓(11層含以上有電梯),房地(土地+建物)+車位,十層/二十一層,4房2廳2衛,84.0,4702,72.9,-3.3,2026-06-08,坡道平面,預售屋、或土地及建物分件登記案件；
高鐵特區,115S3,2023-02-04,高鐵七路,RPTWMLNKPHLGFBJ27DA,高鐵七路７號,新竹縣竹北市高鐵七路７號十一樓之五,住宅大樓(11層含以上有電梯),房地(土地+建物)+車位,十一層/二十一層,3房2廳2衛,49.9,3275,75.7,-3.3,2026-06-08,坡道平面,預售屋、或土地及建物分件登記案件；
高鐵特區,114S4,2023-02-09,光明六路東二段,RPVPMLKMLHKGFBJ78DA,光明六路東二段６９７號,新竹縣竹北市光明六路東二段６９７號五樓,住宅大樓(11層含以上有電梯),房地(土地+建物)+車位,五層/十五層,2房1廳2衛,39.6,2162,64.4,-2.2,2025-04-28,坡道平面,預售權利轉讓契約成立於113年6月15日金額2450萬元整預售屋、或土地及建物分件登記案件；
高鐵特區,114S3,2023-02-11,光明六路東二段,RPVOMLTLLHKGFBJ86DA,光明六路東二段６９３號,新竹縣竹北市光明六路東二段６９３號六樓,住宅大樓(11層含以上有電梯),房地(土地+建物)+車位,六層/十五層,2房2廳1衛,35.6,1896,64.1,-2.2,2025-04-28,坡道平面,預售屋、或土地及建物分件登記案件；
高鐵特區,115S3,2023-02-11,高鐵七路,RPUOMLNKPHLGFBJ56DA,高鐵七路７號,新竹縣竹北市高鐵七路７號二十樓之一,住宅大樓(11層含以上有電梯),房地(土地+建物)+車位,二十層/二十一層,4房2廳2衛,73.1,4570,76.4,-3.3,2026-06-08,坡道平面,預售屋、或土地及建物分件登記案件；
高鐵特區,115S3,2023-02-12,高鐵七路,RPRVMLNKPHLGFBJ96DA,高鐵七路７號,新竹縣竹北市高鐵七路７號十九樓之三,住宅大樓(11層含以上有電梯),房地(土地+建物)+車位,十九層/二十一層,3房2廳2衛,62.4,3849,78.5,-3.3,2026-06-08,坡道平面,預售屋、或土地及建物分件登記案件；
高鐵特區,115S3,2023-02-13,高鐵七路,RPXOMLKKPHLGFBJ56DA,高鐵七路７號,新竹縣竹北市高鐵七路７號二十一樓之七,住宅大樓(11層含以上有電梯),房地(土地+建物)+車位,二十一層/二十一層,3房2廳2衛,61.3,3800,79.4,-3.3,2026-06-08,坡道平面,預售屋、或土地及建物分件登記案件；
高鐵特區,114S3,2023-02-15,光明六路東二段,RPSPMLTLLHKGFBJ66DA,光明六路東二段６９３號,新竹縣竹北市光明六路東二段６９３號十一樓,住宅大樓(11層含以上有電梯),房地(土地+建物)+車位,十一層/十五層,2房2廳1衛,35.6,1922,65.0,-2.2,2025-04-28,坡道平面,預售屋、或土地及建物分件登記案件；
高鐵特區,114S3,2023-02-16,光明六路東二段,RPXPMLKMLHKGFBJ98DA,光明六路東二段６９７號,新竹縣竹北市光明六路東二段６９７號七樓,住宅大樓(11層含以上有電梯),房地(土地+建物)+車位,七層/十五層,2房1廳2衛,39.2,2227,66.2,-2.2,2025-04-28,坡道平面,預售屋、或土地及建物分件登記案件；
高鐵特區,115S1,2023-02-18,莊敬三路,RPXOMLLLJIKGFBJ78DA,莊敬三路３６０號,新竹縣竹北市莊敬三路３６０號十樓,住宅大樓(11層含以上有電梯),房地(土地+建物)+車位,十層/十九層,4房2廳2衛,88.6,4660,60.2,-2.7,2025-10-08,坡道平面,預售屋、或土地及建物分件登記案件；
高鐵特區,114S3,2023-02-21,光明六路東二段,RPWPMLSLLHKGFBJ96DA,光明六路東二段６８７號,新竹縣竹北市光明六路東二段６８７號七樓,住宅大樓(11層含以上有電梯),房地(土地+建物)+車位,七層/十五層,2房1廳2衛,39.6,2220,66.0,-2.2,2025-04-28,坡道平面,預售屋、或土地及建物分件登記案件；
高鐵特區,115S3,2023-02-21,光明六路東二段,RPSRMLRLMHLGFBJ86DA,光明六路東二段３１２號,新竹縣竹北市光明六路東二段３１２號十五樓,住宅大樓(11層含以上有電梯),房地(土地+建物)+車位,十五層/二十二層,3房2廳2衛,50.3,3565,79.4,-3.2,2026-05-19,坡道平面,預售屋、或土地及建物分件登記案件；
高鐵特區,115S3,2023-02-21,光明六路東二段,RPUNMLRLMHLGFBJ66DA,光明六路東二段３０８號,新竹縣竹北市光明六路東二段３０８號八樓,住宅大樓(11層含以上有電梯),房地(土地+建物)+車位,八層/二十二層,3房2廳2衛,56.8,3543,77.2,-3.2,2026-05-19,坡道平面,預售屋、或土地及建物分件登記案件；
高鐵特區,115S3,2023-02-21,光明六路東二段,RPSNMLRJNHLGFBJ98DA,光明六路東二段３１０號,新竹縣竹北市光明六路東二段３１０號六樓,住宅大樓(11層含以上有電梯),房地(土地+建物)+車位,六層/二十二層,3房2廳2衛,48.0,3279,76.3,-3.2,2026-05-19,坡道平面,預售屋、或土地及建物分件登記案件；
高鐵特區,115S1,2023-02-22,隘口七街,RPXNMLOLKIKGFBJ09DA,隘口七街５８號,新竹縣竹北市隘口七街５８號四樓,華廈(10層含以下有電梯),房地(土地+建物)+車位,四層/七層,3房2廳2衛,43.7,2613,64.2,-2.7,2025-10-28,坡道平面,預售屋、或土地及建物分件登記案件；
高鐵特區,114S4,2023-02-24,光明六路東二段,RPUOMLKMLHKGFBJ58DA,光明六路東二段６９５號,新竹縣竹北市光明六路東二段６９５號十樓,住宅大樓(11層含以上有電梯),房地(土地+建物)+車位,十層/十五層,3房2廳2衛,47.5,2665,63.9,-2.2,2025-04-28,坡道平面,預售屋、或土地及建物分件登記案件；
高鐵特區,114S3,2023-02-25,光明六路東二段,RPSRMLLJMHKGFBJ58DA,光明六路東二段６６３號,新竹縣竹北市光明六路東二段６６３號十樓,住宅大樓(11層含以上有電梯),房地(土地+建物)+車位,十層/十五層,3房2廳2衛,44.4,2468,63.8,-2.2,2025-04-28,坡道平面,預售屋、或土地及建物分件登記案件；
高鐵特區,115S3,2023-02-25,高鐵七路,RPWQMLNKPHLGFBJ96DA,高鐵七路７號,新竹縣竹北市高鐵七路７號四樓之三,住宅大樓(11層含以上有電梯),房地(土地+建物)+車位,四層/二十一層,3房2廳2衛,53.2,3397,72.5,-3.3,2026-06-08,坡道平面,預售屋、或土地及建物分件登記案件；
高鐵特區,115S3,2023-02-25,高鐵七路,RPVNNLNKPHLGFBJ66DA,高鐵七路７號,新竹縣竹北市高鐵七路７號十二樓之六,住宅大樓(11層含以上有電梯),房地(土地+建物)+車位,十二層/二十一層,3房2廳2衛,50.4,3337,76.0,-3.3,2026-06-08,坡道平面,預售屋、或土地及建物分件登記案件；
高鐵特區,114S3,2023-02-26,光明六路東二段,RPWOMLTLLHKGFBJ96DA,光明六路東二段６９３號,新竹縣竹北市光明六路東二段６９３號七樓,住宅大樓(11層含以上有電梯),房地(土地+建物)+車位,七層/十五層,2房2廳1衛,35.6,1906,64.5,-2.2,2025-04-28,坡道平面,預售屋、或土地及建物分件登記案件；
高鐵特區,115S1,2023-02-26,莊敬三路,RPVSMLLLJIKGFBJ98DA,莊敬三路３５６號,新竹縣竹北市莊敬三路３５６號五樓,住宅大樓(11層含以上有電梯),房地(土地+建物)+車位,五層/十九層,4房2廳2衛,88.2,4623,59.5,-2.7,2025-10-08,坡道平面,預售屋、或土地及建物分件登記案件；
高鐵特區,114S3,2023-03-01,光明六路東二段,RPOPMLKMLHKGFBJ08DA,光明六路東二段６９５號,新竹縣竹北市光明六路東二段６９５號十四樓,住宅大樓(11層含以上有電梯),房地(土地+建物)+車位,十四層/十五層,3房2廳2衛,56.6,2945,65.0,-2.1,2025-04-28,坡道平面,預售屋、或土地及建物分件登記案件；
高鐵特區,115S1,2023-03-01,隘口七街,RPSOMLOLKIKGFBJ68DA,隘口七街６２號,新竹縣竹北市隘口七街６２號五樓,華廈(10層含以下有電梯),房地(土地+建物)+車位,五層/七層,3房2廳2衛,45.1,2720,64.1,-2.6,2025-10-28,一樓平面,預售屋、或土地及建物分件登記案件；
高鐵特區,115S3,2023-03-01,光明六路東二段,RPRRMLRLMHLGFBJ76DA,光明六路東二段３１２號,新竹縣竹北市光明六路東二段３１２號十三樓,住宅大樓(11層含以上有電梯),房地(土地+建物)+車位,十三層/二十二層,3房2廳2衛,58.7,3783,79.6,-3.2,2026-05-19,坡道平面,預售屋、或土地及建物分件登記案件；
高鐵特區,115S3,2023-03-01,高鐵七路,RPPPMLLLPHLGFBJ68DA,高鐵七路７號,新竹縣竹北市高鐵七路７號六樓之六,住宅大樓(11層含以上有電梯),房地(土地+建物)+車位,六層/二十一層,3房2廳2衛,50.4,3245,74.0,-3.2,2026-06-08,坡道平面,預售屋、或土地及建物分件登記案件；
高鐵特區,114S3,2023-03-02,光明六路東二段,RPRPMLTLLHKGFBJ56DA,光明六路東二段６９３號,新竹縣竹北市光明六路東二段６９３號十樓,住宅大樓(11層含以上有電梯),房地(土地+建物)+車位,十層/十五層,2房2廳1衛,35.2,1918,65.2,-2.1,2025-04-28,坡道平面,預售屋、或土地及建物分件登記案件；
高鐵特區,114S3,2023-03-02,光明六路東二段,RPTOMLTLLHKGFBJ66DA,光明六路東二段６９３號,新竹縣竹北市光明六路東二段６９３號四樓,住宅大樓(11層含以上有電梯),房地(土地+建物)+車位,四層/十五層,2房2廳1衛,35.2,1890,63.2,-2.1,2025-04-28,坡道平面,預售屋、或土地及建物分件登記案件；
高鐵特區,114S3,2023-03-03,光明六路東二段,RPUNMLTKNHKGFBJ76DA,光明六路東二段６９５號,新竹縣竹北市光明六路東二段６９５號十二樓,住宅大樓(11層含以上有電梯),房地(土地+建物)+車位,十二層/十五層,3房2廳2衛,47.1,2688,64.6,-2.1,2025-04-28,坡道平面,預售屋、或土地及建物分件登記案件；
高鐵特區,114S3,2023-03-05,光明六路東二段,RPQPMLTLLHKGFBJ09DA,光明六路東二段６９３號,新竹縣竹北市光明六路東二段６９３號九樓,住宅大樓(11層含以上有電梯),房地(土地+建物)+車位,九層/十五層,2房2廳1衛,35.2,1916,65.1,-2.1,2025-04-28,坡道平面,預售屋、或土地及建物分件登記案件；
高鐵特區,115S3,2023-03-05,高鐵七路,RPQRMLNKPHLGFBJ09DA,高鐵七路７號,新竹縣竹北市高鐵七路７號十樓之三,住宅大樓(11層含以上有電梯),房地(土地+建物)+車位,十層/二十一層,3房2廳2衛,53.6,3495,75.5,-3.2,2026-06-08,坡道平面,預售屋、或土地及建物分件登記案件；
高鐵特區,115S4,2023-03-05,高鐵七路,RPUQNLLJRHLGFBJ76DA,高鐵七路７號,新竹縣竹北市高鐵七路７號十四樓之三,住宅大樓(11層含以上有電梯),房地(土地+建物)+車位,十四層/二十一層,3房2廳2衛,53.2,3566,76.6,-3.2,2026-06-08,坡道平面,預售屋、或土地及建物分件登記案件；
高鐵特區,114S4,2023-03-06,六家一路一段,RPPOMLOJJIKGFBJ08DA,六家一路一段２５３號,新竹縣竹北市六家一路一段２５３號十七樓,住宅大樓(11層含以上有電梯),房地(土地+建物)+車位,十七層/十七層,3房2廳2衛,55.2,3647,78.5,-2.4,2025-08-19,坡道平面,預售屋、或土地及建物分件登記案件；
高鐵特區,114S3,2023-03-08,光明六路東二段,RPPQMLKMLHKGFBJ28DA,光明六路東二段６９７號,新竹縣竹北市光明六路東二段６９７號八樓,住宅大樓(11層含以上有電梯),房地(土地+建物)+車位,八層/十五層,2房1廳2衛,39.6,2250,66.5,-2.1,2025-04-28,坡道平面,預售屋、或土地及建物分件登記案件；
高鐵特區,114S3,2023-03-09,光明六路東二段,RPSOMLKMLHKGFBJ38DA,光明六路東二段６９５號,新竹縣竹北市光明六路東二段６９５號九樓,住宅大樓(11層含以上有電梯),房地(土地+建物)+車位,九層/十五層,3房2廳2衛,47.5,2668,64.0,-2.1,2025-04-28,坡道平面,預售屋、或土地及建物分件登記案件；
高鐵特區,115S3,2023-03-09,高鐵七路,RPTNNLNKPHLGFBJ09DA,高鐵七路７號,新竹縣竹北市高鐵七路７號十樓之六,住宅大樓(11層含以上有電梯),房地(土地+建物)+車位,十層/二十一層,3房2廳2衛,50.4,3282,75.4,-3.2,2026-06-08,坡道平面,預售屋、或土地及建物分件登記案件；
高鐵特區,114S3,2023-03-10,光明六路東二段,RPTQMLRJMHKGFBJ56DA,光明六路東二段６５９號,新竹縣竹北市光明六路東二段６５９號十四樓,住宅大樓(11層含以上有電梯),房地(土地+建物)+車位,十四層/十五層,4房2廳2衛,55.6,3227,65.0,-2.1,2025-04-28,坡道平面,預售屋、或土地及建物分件登記案件；
高鐵特區,114S3,2023-03-10,光明六路東二段,RPOQMLRJMHKGFBJ68DA,光明六路東二段６５９號,新竹縣竹北市光明六路東二段６５９號九樓,住宅大樓(11層含以上有電梯),房地(土地+建物)+車位,九層/十五層,4房2廳2衛,64.7,3400,64.0,-2.1,2025-04-28,坡道平面,預售屋、或土地及建物分件登記案件；
高鐵特區,114S4,2023-03-10,光明六路東二段,RPSNMLKMLHKGFBJ28DA,光明六路東二段６９３號,新竹縣竹北市光明六路東二段６９３號十五樓,住宅大樓(11層含以上有電梯),房地(土地+建物)+車位,十五層/十五層,2房2廳1衛,35.6,1932,65.5,-2.1,2025-04-28,坡道平面,預售屋、或土地及建物分件登記案件；
高鐵特區,115S3,2023-03-10,高鐵七路,RPURMLNKPHLGFBJ86DA,高鐵七路７號,新竹縣竹北市高鐵七路７號十六樓之三,住宅大樓(11層含以上有電梯),房地(土地+建物)+車位,十六層/二十一層,3房2廳2衛,52.9,3577,77.3,-3.2,2026-06-08,坡道平面,預售屋、或土地及建物分件登記案件；
高鐵特區,114S3,2023-03-11,光明六路東二段,RPTNMLMJMHKGFBJ38DA,光明六路東二段６６３號,新竹縣竹北市光明六路東二段６６３號十二樓,住宅大樓(11層含以上有電梯),房地(土地+建物)+車位,十二層/十五層,3房2廳2衛,44.4,2473,64.3,-2.1,2025-04-28,坡道平面,預售屋、或土地及建物分件登記案件；
高鐵特區,114S3,2023-03-11,光明六路東二段,RPWRMLLMLHKGFBJ56DA,光明六路東二段６７５號,新竹縣竹北市光明六路東二段６７５號四樓,住宅大樓(11層含以上有電梯),房地(土地+建物)+車位,四層/十五層,3房2廳2衛,43.2,2352,62.7,-2.1,2025-04-28,坡道平面,預售屋、或土地及建物分件登記案件；
高鐵特區,114S4,2023-03-11,光明六路東二段,RPPPMLTLLHKGFBJ98DA,光明六路東二段６９３號,新竹縣竹北市光明六路東二段６９３號八樓,住宅大樓(11層含以上有電梯),房地(土地+建物)+車位,八層/十五層,2房2廳1衛,35.2,1925,65.4,-2.1,2025-04-28,坡道平面,預售屋、或土地及建物分件登記案件；
高鐵特區,115S3,2023-03-11,高鐵七路,RPSPMLNKPHLGFBJ09DA,高鐵七路７號,新竹縣竹北市高鐵七路７號九樓之二,住宅大樓(11層含以上有電梯),房地(土地+建物)+車位,九層/二十一層,4房2廳2衛,74.8,4485,72.6,-3.2,2026-06-08,坡道平面,預售屋、或土地及建物分件登記案件；
高鐵特區,115S3,2023-03-11,高鐵七路,RPPNMLPKPHLGFBJ78DA,高鐵七路７號,新竹縣竹北市高鐵七路７號八樓之一,住宅大樓(11層含以上有電梯),房地(土地+建物)+車位,八層/二十一層,4房2廳2衛,73.1,4308,72.3,-3.2,2026-06-08,坡道平面,預售屋、或土地及建物分件登記案件；
高鐵特區,115S3,2023-03-11,高鐵七路,RPWOMLNKQHLGFBJ86DA,高鐵七路７號,新竹縣竹北市高鐵七路７號十樓之一,住宅大樓(11層含以上有電梯),房地(土地+建物)+車位,十層/二十一層,4房2廳2衛,82.0,4548,64.9,-3.2,2026-06-08,坡道平面,預售屋、或土地及建物分件登記案件；
高鐵特區,115S3,2023-03-12,高鐵七路,RPTOMLNKPHLGFBJ09DA,高鐵七路７號,新竹縣竹北市高鐵七路７號十九樓之一,住宅大樓(11層含以上有電梯),房地(土地+建物)+車位,十九層/二十一層,4房2廳2衛,73.1,4548,76.0,-3.2,2026-06-08,坡道平面,預售屋、或土地及建物分件登記案件；
高鐵特區,115S3,2023-03-12,高鐵七路,RPVOMLNKQHLGFBJ76DA,高鐵七路７號,新竹縣竹北市高鐵七路７號四樓之一,住宅大樓(11層含以上有電梯),房地(土地+建物)+車位,四層/二十一層,4房2廳2衛,63.6,3985,70.0,-3.2,2026-06-08,坡道平面,預售屋、或土地及建物分件登記案件；
高鐵特區,114S2,2023-03-13,高鐵九路,RPXOMLSKMHKGFBJ96DA,高鐵九路１６９號,新竹縣竹北市高鐵九路１６９號五樓,華廈(10層含以下有電梯),房地(土地+建物)+車位,五層/七層,3房2廳2衛,53.4,2950,61.7,-1.9,2025-02-27,坡道平面,預售屋、或土地及建物分件登記案件；
高鐵特區,114S3,2023-03-17,光明六路東二段,RPXSMLRJMHKGFBJ17DA,光明六路東二段６８３號,新竹縣竹北市光明六路東二段６８３號三樓,住宅大樓(11層含以上有電梯),房地(土地+建物)+車位,三層/十五層,2房2廳1衛,35.6,1925,65.2,-2.1,2025-04-28,坡道平面,預售屋、或土地及建物分件登記案件；
高鐵特區,114S3,2023-03-17,光明六路東二段,RPROMLLKMHKGFBJ28DA,光明六路東二段６９５號,新竹縣竹北市光明六路東二段６９５號五樓,住宅大樓(11層含以上有電梯),房地(土地+建物)+車位,五層/十五層,3房2廳2衛,47.5,2641,63.0,-2.1,2025-04-28,坡道平面,預售屋、或土地及建物分件登記案件；
高鐵特區,114S3,2023-03-17,嘉豐二街一段,RPOOMLSJPHKGFBJ88DA,嘉豐二街一段１００巷１９號,新竹縣竹北市嘉豐二街一段１００巷１９號三樓,華廈(10層含以下有電梯),房地(土地+建物)+車位,三層/五層,2房2廳2衛,38.5,2520,69.1,-1.8,2025-01-22,一樓平面,預售屋權利轉讓，讓售日期：114.06.19，權利轉讓買賣契約成交價為24800000元。預售屋、或土地及建物分件登記案
高鐵特區,114S4,2023-03-17,六家一路一段,RPWOMLMLRHKGFBJ86DA,六家一路一段２５５號,新竹縣竹北市六家一路一段２５５號四樓,住宅大樓(11層含以上有電梯),房地(土地+建物)+車位,四層/十七層,0房0廳0衛,64.7,3859,68.8,-2.4,2025-08-19,坡道平面,毛胚屋；預售屋、或土地及建物分件登記案件；
高鐵特區,114S3,2023-03-18,光明六路東二段,RPWNMLTKNHKGFBJ96DA,光明六路東二段６７３號,新竹縣竹北市光明六路東二段６７３號十樓,住宅大樓(11層含以上有電梯),房地(土地+建物)+車位,十層/十五層,2房2廳1衛,35.4,1912,65.4,-2.1,2025-04-28,坡道平面,預售屋、或土地及建物分件登記案件；
高鐵特區,115S3,2023-03-18,高鐵七路,RPXWMLNKPHLGFBJ67DA,高鐵七路７號,新竹縣竹北市高鐵七路７號十八樓之五,住宅大樓(11層含以上有電梯),房地(土地+建物)+車位,十八層/二十一層,3房2廳2衛,59.1,3570,78.1,-3.2,2026-06-08,坡道平面,預售屋、或土地及建物分件登記案件；
高鐵特區,114S3,2023-03-19,光明六路東二段,RPRNMLLKMHKGFBJ18DA,光明六路東二段６８７號,新竹縣竹北市光明六路東二段６８７號五樓,住宅大樓(11層含以上有電梯),房地(土地+建物)+車位,五層/十五層,2房1廳2衛,39.6,2220,65.9,-2.1,2025-04-28,坡道平面,預售屋、或土地及建物分件登記案件；
高鐵特區,115S3,2023-03-19,高鐵七路,RPPOMLNKPHLGFBJ68DA,高鐵七路７號,新竹縣竹北市高鐵七路７號九樓之一,住宅大樓(11層含以上有電梯),房地(土地+建物)+車位,九層/二十一層,4房2廳2衛,73.1,4325,72.6,-3.2,2026-06-08,坡道平面,預售屋、或土地及建物分件登記案件；
高鐵特區,115S3,2023-03-19,高鐵七路,RPPRMLNKPHLGFBJ98DA,高鐵七路７號,新竹縣竹北市高鐵七路７號九樓之三,住宅大樓(11層含以上有電梯),房地(土地+建物)+車位,九層/二十一層,3房2廳2衛,53.2,3481,75.1,-3.2,2026-06-08,坡道平面,預售屋、或土地及建物分件登記案件；
高鐵特區,115S4,2023-03-19,高鐵七路,RPPQNLLJRHLGFBJ88DA,高鐵七路７號,新竹縣竹北市高鐵七路７號三樓之六,住宅大樓(11層含以上有電梯),房地(土地+建物)+車位,三層/二十一層,3房2廳2衛,50.4,3205,73.0,-3.2,2026-06-08,坡道平面,預售屋、或土地及建物分件登記案件；
高鐵特區,115S3,2023-03-21,高鐵七路,RPRPMLNKPHLGFBJ98DA,高鐵七路７號,新竹縣竹北市高鐵七路７號八樓之二,住宅大樓(11層含以上有電梯),房地(土地+建物)+車位,八層/二十一層,4房2廳2衛,74.8,4429,72.3,-3.2,2026-06-08,坡道平面,預售屋、或土地及建物分件登記案件；
高鐵特區,115S3,2023-03-21,光明六路東二段,RPSQMLRLMHLGFBJ76DA,光明六路東二段３１２號,新竹縣竹北市光明六路東二段３１２號三樓,住宅大樓(11層含以上有電梯),房地(土地+建物)+車位,三層/二十二層,3房2廳2衛,49.9,3403,76.3,-3.2,2026-05-19,坡道平面,預售屋、或土地及建物分件登記案件；
高鐵特區,114S3,2023-03-22,光明六路東二段,RPVQMLSLLHKGFBJ96DA,光明六路東二段６８７號,新竹縣竹北市光明六路東二段６８７號十四樓,住宅大樓(11層含以上有電梯),房地(土地+建物)+車位,十四層/十五層,2房1廳2衛,39.6,2252,67.0,-2.1,2025-04-28,坡道平面,預售屋、或土地及建物分件登記案件；
高鐵特區,115S3,2023-03-22,高鐵七路,RPUNMLNLPHLGFBJ56DA,高鐵七路７號,新竹縣竹北市高鐵七路７號六樓之三,住宅大樓(11層含以上有電梯),房地(土地+建物)+車位,六層/二十一層,3房2廳2衛,52.9,3413,74.0,-3.2,2026-06-08,坡道平面,預售屋、或土地及建物分件登記案件；
高鐵特區,114S3,2023-03-23,光明六路東二段,RPQQMLRJMHKGFBJ88DA,光明六路東二段６５９號,新竹縣竹北市光明六路東二段６５９號十一樓,住宅大樓(11層含以上有電梯),房地(土地+建物)+車位,十一層/十五層,4房2廳2衛,64.7,3435,64.2,-2.1,2025-04-28,坡道平面,預售屋、或土地及建物分件登記案件；
高鐵特區,114S3,2023-03-23,光明六路東二段,RPSOMLTLLHKGFBJ56DA,光明六路東二段６９３號,新竹縣竹北市光明六路東二段６９３號三樓,住宅大樓(11層含以上有電梯),房地(土地+建物)+車位,三層/十五層,2房2廳1衛,35.6,1910,64.2,-2.1,2025-04-28,坡道平面,預售權利轉讓於113年4月25日轉讓金額1933萬元整預售屋、或土地及建物分件登記案件；
高鐵特區,114S3,2023-03-23,光明六路東二段,RPSUMLMJMHKGFBJ98DA,光明六路東二段６７１號,新竹縣竹北市光明六路東二段６７１號十五樓,住宅大樓(11層含以上有電梯),房地(土地+建物)+車位,十五層/十五層,2房1廳1衛,36.0,1970,65.7,-2.1,2025-04-28,坡道平面,預售屋、或土地及建物分件登記案件；
高鐵特區,114S3,2023-03-24,光明六路東二段,RPXNMLKMLHKGFBJ78DA,光明六路東二段６９５號,新竹縣竹北市光明六路東二段６９５號六樓,住宅大樓(11層含以上有電梯),房地(土地+建物)+車位,六層/十五層,3房2廳2衛,47.5,2652,63.6,-2.1,2025-04-28,坡道平面,預售屋、或土地及建物分件登記案件；
高鐵特區,114S3,2023-03-24,光明六路東二段,RPVQMLRJMHKGFBJ76DA,光明六路東二段６５９號,新竹縣竹北市光明六路東二段６５９號十五樓,住宅大樓(11層含以上有電梯),房地(土地+建物)+車位,十五層/十五層,4房2廳2衛,64.7,3436,64.3,-2.1,2025-04-28,坡道平面,預售屋、或土地及建物分件登記案件；
高鐵特區,115S3,2023-03-24,高鐵七路,RPROMLNKPHLGFBJ88DA,高鐵七路７號,新竹縣竹北市高鐵七路７號十二樓之一,住宅大樓(11層含以上有電梯),房地(土地+建物)+車位,十二層/二十一層,4房2廳2衛,79.5,4478,67.5,-3.2,2026-06-08,坡道平面,預售屋、或土地及建物分件登記案件；
高鐵特區,115S1,2023-03-25,隘口七街,RPPOMLOLKIKGFBJ38DA,隘口七街６２號,新竹縣竹北市隘口七街６２號四樓,華廈(10層含以下有電梯),房地(土地+建物)+車位,四層/七層,3房2廳2衛,45.1,2712,63.9,-2.6,2025-10-28,一樓平面,預售屋、或土地及建物分件登記案件；
高鐵特區,115S1,2023-03-26,莊敬三路,RPSOMLLLJIKGFBJ28DA,莊敬三路３６０號,新竹縣竹北市莊敬三路３６０號六樓,住宅大樓(11層含以上有電梯),房地(土地+建物)+車位,六層/十九層,4房2廳2衛,88.6,4660,59.6,-2.6,2025-10-08,坡道平面,預售屋、或土地及建物分件登記案件；
高鐵特區,115S1,2023-03-26,莊敬三路,RPUOMLLLJIKGFBJ48DA,莊敬三路３６０號,新竹縣竹北市莊敬三路３６０號七樓,住宅大樓(11層含以上有電梯),房地(土地+建物)+車位,七層/十九層,4房2廳2衛,88.3,4650,60.0,-2.6,2025-10-08,坡道平面,預售屋、或土地及建物分件登記案件；
高鐵特區,114S3,2023-03-27,光明六路東二段,RPUNMLKMLHKGFBJ48DA,光明六路東二段６９５號,新竹縣竹北市光明六路東二段６９５號三樓,住宅大樓(11層含以上有電梯),房地(土地+建物)+車位,三層/十五層,3房2廳2衛,47.5,2708,64.6,-2.1,2025-04-28,坡道平面,預售屋、或土地及建物分件登記案件；
高鐵特區,114S4,2023-03-28,光明六路東二段,RPTQMLLMLHKGFBJ78DA,光明六路東二段６７３號,新竹縣竹北市光明六路東二段６７３號七樓,住宅大樓(11層含以上有電梯),房地(土地+建物)+車位,七層/十五層,2房2廳1衛,35.4,1908,64.8,-2.1,2025-04-28,坡道平面,預售屋、或土地及建物分件登記案件；
高鐵特區,114S3,2023-03-30,光明六路東二段,RPTNMLTKNHKGFBJ66DA,光明六路東二段６９５號,新竹縣竹北市光明六路東二段６９５號四樓,住宅大樓(11層含以上有電梯),房地(土地+建物)+車位,四層/十五層,3房2廳2衛,47.5,2606,62.4,-2.1,2025-04-28,坡道平面,預售屋、或土地及建物分件登記案件；
高鐵特區,114S4,2023-04-02,光明六路東二段,RPWQMLLKMHKGFBJ98DA,光明六路東二段６６７號,新竹縣竹北市光明六路東二段６６７號六樓,住宅大樓(11層含以上有電梯),房地(土地+建物)+車位,六層/十五層,2房1廳2衛,38.7,2150,65.7,-2.0,2025-04-28,坡道平面,預售屋、或土地及建物分件登記案件；
高鐵特區,114S3,2023-04-03,光明六路東二段,RPQNMLMJMHKGFBJ08DA,光明六路東二段６６３號,新竹縣竹北市光明六路東二段６６３號十一樓,住宅大樓(11層含以上有電梯),房地(土地+建物)+車位,十一層/十五層,3房2廳2衛,44.4,2460,63.9,-2.0,2025-04-28,坡道平面,預售屋、或土地及建物分件登記案件；
高鐵特區,114S3,2023-04-04,光明六路東二段,RPTOMLMJMHKGFBJ48DA,光明六路東二段６６５號,新竹縣竹北市光明六路東二段６６５號六樓,住宅大樓(11層含以上有電梯),房地(土地+建物)+車位,六層/十五層,3房2廳2衛,43.0,2356,63.3,-2.0,2025-04-28,坡道平面,預售權利轉讓114年2月14日轉讓契約金額2468萬元整預售屋、或土地及建物分件登記案件；
高鐵特區,114S3,2023-04-04,光明六路東二段,RPWOMLSLLHKGFBJ86DA,光明六路東二段６８５號,新竹縣竹北市光明六路東二段６８５號十五樓,住宅大樓(11層含以上有電梯),房地(土地+建物)+車位,十五層/十五層,3房2廳2衛,47.5,2680,64.0,-2.0,2025-04-28,坡道平面,預售屋、或土地及建物分件登記案件；
高鐵特區,114S3,2023-04-05,光明六路東二段,RPQOMLLMLHKGFBJ28DA,光明六路東二段７０１號,新竹縣竹北市光明六路東二段７０１號四樓,住宅大樓(11層含以上有電梯),房地(土地+建物)+車位,四層/十五層,3房2廳2衛,43.3,2318,62.0,-2.0,2025-04-28,坡道平面,預售屋、或土地及建物分件登記案件；
高鐵特區,115S3,2023-04-06,高鐵七路,RPXOMLLLPHLGFBJ76DA,高鐵七路７號,新竹縣竹北市高鐵七路７號十四樓之五,住宅大樓(11層含以上有電梯),房地(土地+建物)+車位,十四層/二十一層,3房2廳2衛,49.9,3290,76.6,-3.2,2026-06-08,坡道平面,預售屋、或土地及建物分件登記案件；
高鐵特區,114S3,2023-04-07,光明六路東二段,RPSNMLTLLHKGFBJ09DA,光明六路東二段６９１號,新竹縣竹北市光明六路東二段６９１號八樓,住宅大樓(11層含以上有電梯),房地(土地+建物)+車位,八層/十五層,3房2廳2衛,43.3,2365,63.2,-2.0,2025-04-28,坡道平面,預售屋、或土地及建物分件登記案件；
高鐵特區,114S4,2023-04-07,六家一路一段,RPROMLMLRHKGFBJ98DA,六家一路一段２５７號,新竹縣竹北市六家一路一段２５７號六樓,住宅大樓(11層含以上有電梯),房地(土地+建物)+車位,六層/十七層,0房0廳0衛,64.7,3934,70.0,-2.3,2025-08-19,坡道平面,毛胚屋；預售屋、或土地及建物分件登記案件；
高鐵特區,115S4,2023-04-07,高鐵七路,RPOQNLLJRHLGFBJ78DA,高鐵七路７號,新竹縣竹北市高鐵七路７號十六樓之五,住宅大樓(11層含以上有電梯),房地(土地+建物)+車位,十六層/二十一層,3房2廳2衛,49.9,3348,77.3,-3.2,2026-06-08,坡道平面,預售屋、或土地及建物分件登記案件；
高鐵特區,114S3,2023-04-08,光明六路東二段,RPUOMLMJMHKGFBJ58DA,光明六路東二段６６３號,新竹縣竹北市光明六路東二段６６３號十四樓,住宅大樓(11層含以上有電梯),房地(土地+建物)+車位,十四層/十五層,3房2廳2衛,44.4,2493,64.6,-2.0,2025-04-28,坡道平面,預售權利轉讓112年7月1日轉讓契約金額2505萬元整預售屋、或土地及建物分件登記案件；
高鐵特區,114S3,2023-04-08,光明六路東二段,RPUQMLRJMHKGFBJ66DA,光明六路東二段６５９號,新竹縣竹北市光明六路東二段６５９號十二樓,住宅大樓(11層含以上有電梯),房地(土地+建物)+車位,十二層/十五層,4房2廳2衛,64.7,3410,64.4,-2.0,2025-04-28,坡道平面,預售屋、或土地及建物分件登記案件；
高鐵特區,114S3,2023-04-08,光明六路東二段,RPRNMLTLLHKGFBJ98DA,光明六路東二段６９１號,新竹縣竹北市光明六路東二段６９１號七樓,住宅大樓(11層含以上有電梯),房地(土地+建物)+車位,七層/十五層,3房2廳2衛,43.3,2366,62.9,-2.0,2025-04-28,坡道平面,預售屋、或土地及建物分件登記案件；
高鐵特區,114S3,2023-04-08,光明六路東二段,RPVNMLTKNHKGFBJ86DA,光明六路東二段６７３號,新竹縣竹北市光明六路東二段６７３號四樓,住宅大樓(11層含以上有電梯),房地(土地+建物)+車位,四層/十五層,2房2廳1衛,35.4,1876,63.7,-2.0,2025-04-28,坡道平面,預售屋、或土地及建物分件登記案件；
高鐵特區,115S3,2023-04-08,高鐵七路,RPSWMLNKPHLGFBJ17DA,高鐵七路７號,新竹縣竹北市高鐵七路７號十樓之五,住宅大樓(11層含以上有電梯),房地(土地+建物)+車位,十層/二十一層,3房2廳2衛,49.9,3262,75.4,-3.2,2026-06-08,坡道平面,預售屋、或土地及建物分件登記案件；
高鐵特區,114S3,2023-04-09,光明六路東二段,RPTTMLSLLHKGFBJ07DA,光明六路東二段６９１號,新竹縣竹北市光明六路東二段６９１號五樓,住宅大樓(11層含以上有電梯),房地(土地+建物)+車位,五層/十五層,3房2廳2衛,43.3,2351,62.8,-2.0,2025-04-28,坡道平面,預售屋、或土地及建物分件登記案件；
高鐵特區,114S2,2023-04-12,高鐵九路,RPRPMLSKMHKGFBJ09DA,高鐵九路１６９號,新竹縣竹北市高鐵九路１６９號七樓,華廈(10層含以下有電梯),房地(土地+建物)+車位,七層/七層,3房2廳2衛,53.8,3016,62.7,-1.8,2025-02-27,一樓平面,預售屋、或土地及建物分件登記案件；
高鐵特區,114S3,2023-04-14,光明六路東二段,RPSOMLLKMHKGFBJ38DA,光明六路東二段６９５號,新竹縣竹北市光明六路東二段６９５號八樓,住宅大樓(11層含以上有電梯),房地(土地+建物)+車位,八層/十五層,3房2廳2衛,47.5,2669,63.7,-2.0,2025-04-28,坡道平面,預售屋、或土地及建物分件登記案件；
高鐵特區,115S3,2023-04-14,高鐵七路,RPQVMLNKPHLGFBJ86DA,高鐵七路７號,新竹縣竹北市高鐵七路７號十七樓之三,住宅大樓(11層含以上有電梯),房地(土地+建物)+車位,十七層/二十一層,3房2廳2衛,53.2,3647,78.2,-3.2,2026-06-08,坡道平面,預售屋、或土地及建物分件登記案件；
高鐵特區,115S3,2023-04-14,高鐵七路,RPSOMLNKPHLGFBJ98DA,高鐵七路７號,新竹縣竹北市高鐵七路７號十四樓之一,住宅大樓(11層含以上有電梯),房地(土地+建物)+車位,十四層/二十一層,4房2廳2衛,72.8,4425,74.1,-3.2,2026-06-08,坡道平面,預售屋、或土地及建物分件登記案件；
高鐵特區,114S3,2023-04-15,光明六路東二段,RPPOMLLKMHKGFBJ08DA,光明六路東二段６９１號,新竹縣竹北市光明六路東二段６９１號九樓,住宅大樓(11層含以上有電梯),房地(土地+建物)+車位,九層/十五層,3房2廳2衛,43.3,2403,63.7,-2.0,2025-04-28,坡道平面,預售屋、或土地及建物分件登記案件；
高鐵特區,114S3,2023-04-15,光明六路東二段,RPSPMLSLLHKGFBJ56DA,光明六路東二段６８７號,新竹縣竹北市光明六路東二段６８７號四樓,住宅大樓(11層含以上有電梯),房地(土地+建物)+車位,四層/十五層,2房1廳2衛,39.6,2190,65.3,-2.0,2025-04-28,坡道平面,預售屋、或土地及建物分件登記案件；
高鐵特區,114S3,2023-04-15,光明六路東二段,RPUOMLSLLHKGFBJ66DA,光明六路東二段６８５號,新竹縣竹北市光明六路東二段６８５號十三樓,住宅大樓(11層含以上有電梯),房地(土地+建物)+車位,十三層/十五層,3房2廳2衛,47.5,2655,63.9,-2.0,2025-04-28,坡道平面,預售屋、或土地及建物分件登記案件；
高鐵特區,115S4,2023-04-15,高鐵七路,RPVPNLLJRHLGFBJ76DA,高鐵七路７號,新竹縣竹北市高鐵七路７號二樓之二,住宅大樓(11層含以上有電梯),房地(土地+建物)+車位,二層/二十一層,4房2廳2衛,72.1,4075,68.5,-3.2,2026-06-08,坡道平面,預售屋、或土地及建物分件登記案件；
高鐵特區,114S3,2023-04-17,光明六路東二段,RPOQMLSLLHKGFBJ88DA,光明六路東二段６８７號,新竹縣竹北市光明六路東二段６８７號九樓,住宅大樓(11層含以上有電梯),房地(土地+建物)+車位,九層/十五層,2房1廳2衛,39.6,2240,67.0,-2.0,2025-04-28,坡道平面,預售屋、或土地及建物分件登記案件；
高鐵特區,114S3,2023-04-19,光明六路東二段,RPPPMLLMLHKGFBJ28DA,光明六路東二段７０１號,新竹縣竹北市光明六路東二段７０１號十樓,住宅大樓(11層含以上有電梯),房地(土地+建物)+車位,十層/十五層,3房2廳2衛,43.3,2400,63.9,-2.0,2025-04-28,坡道平面,預售屋、或土地及建物分件登記案件；
高鐵特區,114S3,2023-04-21,光明六路東二段,RPXNMLQJMHKGFBJ56DA,光明六路東二段６５５號,新竹縣竹北市光明六路東二段６５５號十五樓,住宅大樓(11層含以上有電梯),房地(土地+建物)+車位,十五層/十五層,3房2廳2衛,48.3,2752,64.5,-2.0,2025-04-28,坡道平面,預售屋、或土地及建物分件登記案件；
高鐵特區,115S3,2023-04-21,高鐵七路,RPXNMLNKPHLGFBJ76DA,高鐵七路７號,新竹縣竹北市高鐵七路７號七樓之一,住宅大樓(11層含以上有電梯),房地(土地+建物)+車位,七層/二十一層,4房2廳2衛,72.8,4339,72.5,-3.2,2026-06-08,坡道平面,預售屋、或土地及建物分件登記案件；
高鐵特區,115S3,2023-04-21,高鐵七路,RPXPMLNKPHLGFBJ96DA,高鐵七路７號,新竹縣竹北市高鐵七路７號十一樓之二,住宅大樓(11層含以上有電梯),房地(土地+建物)+車位,十一層/二十一層,4房2廳2衛,74.8,4506,73.7,-3.2,2026-06-08,坡道平面,114/12/15換約，換約價格新台幣4600萬元。預售屋、或土地及建物分件登記案件；
高鐵特區,114S3,2023-04-22,光明六路東二段,RPUNMLTLLHKGFBJ66DA,光明六路東二段６９１號,新竹縣竹北市光明六路東二段６９１號十樓,住宅大樓(11層含以上有電梯),房地(土地+建物)+車位,十層/十五層,3房2廳2衛,43.3,2405,64.1,-2.0,2025-04-28,坡道平面,預售屋、或土地及建物分件登記案件；
高鐵特區,114S3,2023-04-22,光明六路東二段,RPWOMLLMLHKGFBJ88DA,光明六路東二段７０１號,新竹縣竹北市光明六路東二段７０１號七樓,住宅大樓(11層含以上有電梯),房地(土地+建物)+車位,七層/十五層,3房2廳2衛,43.3,2360,63.4,-2.0,2025-04-28,坡道平面,預售屋、或土地及建物分件登記案件；
高鐵特區,114S3,2023-04-23,光明六路東二段,RPQNMLTLLHKGFBJ88DA,光明六路東二段６９１號,新竹縣竹北市光明六路東二段６９１號六樓,住宅大樓(11層含以上有電梯),房地(土地+建物)+車位,六層/十五層,3房2廳2衛,42.9,2377,63.3,-2.0,2025-04-28,坡道平面,預售屋、或土地及建物分件登記案件；
高鐵特區,115S1,2023-04-23,莊敬三路,RPWOMLLLJIKGFBJ68DA,莊敬三路３６０號,新竹縣竹北市莊敬三路３６０號九樓,住宅大樓(11層含以上有電梯),房地(土地+建物)+車位,九層/十九層,4房2廳2衛,88.0,4683,60.2,-2.5,2025-10-08,坡道平面,預售屋、或土地及建物分件登記案件；
高鐵特區,115S1,2023-04-24,六家一路一段,RPOQMLOJJIKGFBJ18DA,六家一路一段２５５號,新竹縣竹北市六家一路一段２５５號六樓,住宅大樓(11層含以上有電梯),房地(土地+建物)+車位,六層/十七層,0房0廳0衛,64.7,3928,69.9,-2.3,2025-08-19,坡道平面,毛胚屋；預售屋、或土地及建物分件登記案件；
高鐵特區,115S3,2023-04-24,高鐵七路,RPPVMLNKPHLGFBJ76DA,高鐵七路７號,新竹縣竹北市高鐵七路７號十二樓之三,住宅大樓(11層含以上有電梯),房地(土地+建物)+車位,十二層/二十一層,3房2廳2衛,53.2,3562,76.5,-3.2,2026-06-08,坡道平面,預售屋、或土地及建物分件登記案件；
高鐵特區,114S3,2023-04-25,光明六路東二段,RPQOMLSLLHKGFBJ88DA,光明六路東二段６８５號,新竹縣竹北市光明六路東二段６８５號九樓,住宅大樓(11層含以上有電梯),房地(土地+建物)+車位,九層/十五層,3房2廳2衛,47.5,2637,63.2,-2.0,2025-04-28,坡道平面,預售屋、或土地及建物分件登記案件；
高鐵特區,115S3,2023-04-28,光明六路東二段,RPQRMLRLMHLGFBJ66DA,光明六路東二段３１２號,新竹縣竹北市光明六路東二段３１２號十二樓,住宅大樓(11層含以上有電梯),房地(土地+建物)+車位,十二層/二十二層,3房2廳2衛,58.7,3770,79.3,-3.1,2026-05-19,坡道平面,預售屋、或土地及建物分件登記案件；
高鐵特區,114S3,2023-04-30,光明六路東二段,RPXQMLLMLHKGFBJ56DA,光明六路東二段６７３號,新竹縣竹北市光明六路東二段６７３號十一樓,住宅大樓(11層含以上有電梯),房地(土地+建物)+車位,十一層/十五層,2房2廳1衛,35.4,1926,65.6,-2.0,2025-04-28,坡道平面,預售屋、或土地及建物分件登記案件；
高鐵特區,114S3,2023-04-30,光明六路東二段,RPVOMLMJMHKGFBJ68DA,光明六路東二段６６５號,新竹縣竹北市光明六路東二段６６５號七樓,住宅大樓(11層含以上有電梯),房地(土地+建物)+車位,七層/十五層,3房2廳2衛,43.0,2368,63.9,-2.0,2025-04-28,坡道平面,預售屋、或土地及建物分件登記案件；
高鐵特區,114S3,2023-04-30,光明六路東二段,RPSOMLSLLHKGFBJ09DA,光明六路東二段６８５號,新竹縣竹北市光明六路東二段６８５號十一樓,住宅大樓(11層含以上有電梯),房地(土地+建物)+車位,十一層/十五層,3房2廳2衛,47.5,2640,63.5,-2.0,2025-04-28,坡道平面,預售屋、或土地及建物分件登記案件；
高鐵特區,114S4,2023-05-01,六家一路一段,RPUOMLOJJIKGFBJ58DA,六家一路一段２５９號,新竹縣竹北市六家一路一段２５９號十四樓,住宅大樓(11層含以上有電梯),房地(土地+建物)+車位,十四層/十七層,3房2廳2衛,67.2,3881,77.4,-2.2,2025-08-19,坡道平面,本案於114/2/27辦理轉售讓渡 權利讓渡總金額新台幣3700萬元整預售屋、或土地及建物分件登記案件；
高鐵特區,115S3,2023-05-01,高鐵七路,RPONNLNKPHLGFBJ58DA,高鐵七路７號,新竹縣竹北市高鐵七路７號二十樓之五,住宅大樓(11層含以上有電梯),房地(土地+建物)+車位,二十層/二十一層,3房2廳2衛,49.9,3423,79.4,-3.1,2026-06-08,坡道平面,預售屋、或土地及建物分件登記案件；
高鐵特區,115S3,2023-05-02,高鐵七路,RPQOMLNKPHLGFBJ78DA,高鐵七路７號,新竹縣竹北市高鐵七路７號十一樓之一,住宅大樓(11層含以上有電梯),房地(土地+建物)+車位,十一層/二十一層,4房2廳2衛,73.1,4424,73.7,-3.1,2026-06-08,坡道平面,預售屋、或土地及建物分件登記案件；
高鐵特區,114S2,2023-05-04,高鐵九路,RPOOMLSKMHKGFBJ68DA,高鐵九路１６７號,新竹縣竹北市高鐵九路１６７號六樓,華廈(10層含以下有電梯),房地(土地+建物)+車位,六層/七層,3房2廳2衛,53.6,2988,62.3,-1.8,2025-02-27,一樓平面,預售屋、或土地及建物分件登記案件；
高鐵特區,114S3,2023-05-04,光明六路東二段,RPTPMLMJOHKGFBJ78DA,光明六路東二段６５５號,新竹縣竹北市光明六路東二段６５５號四樓,住宅大樓(11層含以上有電梯),房地(土地+建物)+車位,四層/十五層,3房2廳2衛,48.3,2672,62.5,-1.9,2025-04-28,坡道平面,預售屋、或土地及建物分件登記案件；
高鐵特區,115S3,2023-05-04,高鐵七路,RPUNMLNKPHLGFBJ09DA,高鐵七路７號,新竹縣竹北市高鐵七路７號三樓之一,住宅大樓(11層含以上有電梯),房地(土地+建物)+車位,三層/二十一層,4房2廳2衛,72.8,4258,71.0,-3.1,2026-06-08,坡道平面,預售屋、或土地及建物分件登記案件；
高鐵特區,115S3,2023-05-04,高鐵七路,RPXOMLNKPHLGFBJ86DA,高鐵七路７號,新竹縣竹北市高鐵七路７號三樓之二,住宅大樓(11層含以上有電梯),房地(土地+建物)+車位,三層/二十一層,4房2廳2衛,74.8,4396,71.0,-3.1,2026-06-08,坡道平面,預售屋、或土地及建物分件登記案件；
高鐵特區,115S3,2023-05-04,高鐵七路,RPRPMLOKPHLGFBJ09DA,高鐵七路７號,新竹縣竹北市高鐵七路７號二樓之三,住宅大樓(11層含以上有電梯),房地(土地+建物)+車位,二層/二十一層,3房2廳2衛,51.6,3206,71.5,-3.1,2026-06-08,坡道平面,預售屋、或土地及建物分件登記案件；
高鐵特區,115S1,2023-05-05,隘口七街,RPWNMLOLKIKGFBJ98DA,隘口七街６２號,新竹縣竹北市隘口七街６２號三樓,華廈(10層含以下有電梯),房地(土地+建物)+車位,三層/七層,3房2廳2衛,45.1,2738,64.6,-2.4,2025-10-28,一樓平面,預售屋、或土地及建物分件登記案件；
高鐵特區,115S1,2023-05-05,隘口七街,RPOOMLOLKIKGFBJ28DA,隘口七街６０號,新竹縣竹北市隘口七街６０號四樓,華廈(10層含以下有電梯),房地(土地+建物)+車位,四層/七層,3房2廳2衛,45.2,2715,63.9,-2.4,2025-10-28,一樓平面,預售屋、或土地及建物分件登記案件；
高鐵特區,114S4,2023-05-06,光明六路東二段,RPUPMLLKMHKGFBJ68DA,光明六路東二段７０１號,新竹縣竹北市光明六路東二段７０１號八樓,住宅大樓(11層含以上有電梯),房地(土地+建物)+車位,八層/十五層,3房2廳2衛,43.3,2373,63.5,-1.9,2025-04-28,坡道平面,預售屋、或土地及建物分件登記案件；
高鐵特區,115S3,2023-05-06,高鐵七路,RPQOMLNKQHLGFBJ88DA,高鐵七路７號,新竹縣竹北市高鐵七路７號三樓之七,住宅大樓(11層含以上有電梯),房地(土地+建物)+車位,三層/二十一層,3房2廳2衛,52.4,3366,73.4,-3.1,2026-06-08,坡道平面,預售屋、或土地及建物分件登記案件；
高鐵特區,114S3,2023-05-07,光明六路東二段,RPVQMLLMLHKGFBJ98DA,光明六路東二段６７３號,新竹縣竹北市光明六路東二段６７３號九樓,住宅大樓(11層含以上有電梯),房地(土地+建物)+車位,九層/十五層,2房2廳1衛,35.4,1921,65.4,-1.9,2025-04-28,坡道平面,預售屋、或土地及建物分件登記案件；
高鐵特區,114S3,2023-05-07,光明六路東二段,RPTNMLOKMHKGFBJ68DA,光明六路東二段６７３號,新竹縣竹北市光明六路東二段６７３號十五樓,住宅大樓(11層含以上有電梯),房地(土地+建物)+車位,十五層/十五層,2房2廳1衛,35.0,1950,66.2,-1.9,2025-04-28,坡道平面,預售權利轉讓113年3月31日轉讓契約金額2023萬元整114年2月28日夫妻轉讓預售屋、或土地及建物分件登記案件；
高鐵特區,114S3,2023-05-10,光明六路東二段,RPXQMLLJMHKGFBJ98DA,光明六路東二段６６３號,新竹縣竹北市光明六路東二段６６３號五樓,住宅大樓(11層含以上有電梯),房地(土地+建物)+車位,五層/十五層,3房2廳2衛,44.4,2440,63.0,-1.9,2025-04-28,坡道平面,預售屋、或土地及建物分件登記案件；
高鐵特區,115S3,2023-05-10,高鐵七路,RPQPMLNKPHLGFBJ88DA,高鐵七路７號,新竹縣竹北市高鐵七路７號七樓之二,住宅大樓(11層含以上有電梯),房地(土地+建物)+車位,七層/二十一層,4房2廳2衛,74.8,4440,72.5,-3.1,2026-06-08,坡道平面,預售屋、或土地及建物分件登記案件；
高鐵特區,114S4,2023-05-14,光明六路東二段,RPXRMLLKMHKGFBJ56DA,光明六路東二段６５９號,新竹縣竹北市光明六路東二段６５９號五樓,住宅大樓(11層含以上有電梯),房地(土地+建物)+車位,五層/十五層,4房2廳2衛,64.4,3332,63.1,-1.9,2025-04-28,坡道平面,預售屋、或土地及建物分件登記案件；
高鐵特區,114S3,2023-05-15,光明六路東二段,RPWPMLLKMHKGFBJ88DA,光明六路東二段６７３號,新竹縣竹北市光明六路東二段６７３號三樓,住宅大樓(11層含以上有電梯),房地(土地+建物)+車位,三層/十五層,2房2廳1衛,35.4,1882,64.3,-1.9,2025-04-28,坡道平面,預售屋、或土地及建物分件登記案件；
高鐵特區,114S3,2023-05-16,光明六路東二段,RPVOMLLMLHKGFBJ78DA,光明六路東二段７０１號,新竹縣竹北市光明六路東二段７０１號六樓,住宅大樓(11層含以上有電梯),房地(土地+建物)+車位,六層/十五層,3房2廳2衛,43.3,2366,63.3,-1.9,2025-04-28,坡道平面,預售屋、或土地及建物分件登記案件；
高鐵特區,114S3,2023-05-19,光明六路東二段,RPSOMLMJMHKGFBJ38DA,光明六路東二段６６５號,新竹縣竹北市光明六路東二段６６５號五樓,住宅大樓(11層含以上有電梯),房地(土地+建物)+車位,五層/十五層,3房2廳2衛,43.0,2365,63.5,-1.9,2025-04-28,坡道平面,預售屋、或土地及建物分件登記案件；
高鐵特區,114S3,2023-05-20,光明六路東二段,RPTOMLSLLHKGFBJ56DA,光明六路東二段６８５號,新竹縣竹北市光明六路東二段６８５號十二樓,住宅大樓(11層含以上有電梯),房地(土地+建物)+車位,十二層/十五層,3房2廳2衛,47.5,2651,63.8,-1.9,2025-04-28,坡道平面,預售屋、或土地及建物分件登記案件；
高鐵特區,114S3,2023-05-20,光明六路東二段,RPVPMLLKMHKGFBJ78DA,光明六路東二段６７３號,新竹縣竹北市光明六路東二段６７３號二樓,住宅大樓(11層含以上有電梯),房地(土地+建物)+車位,二層/十五層,2房2廳1衛,34.9,1857,63.5,-1.9,2025-04-28,坡道平面,預售權利轉讓113年4月7日轉讓契約金額2020萬元整預售屋、或土地及建物分件登記案件；
高鐵特區,114S4,2023-05-22,光明六路東二段,RPXNMLMJRHKGFBJ66DA,光明六路東二段６７１號,新竹縣竹北市光明六路東二段６７１號二樓,住宅大樓(11層含以上有電梯),房地(土地+建物)+車位,二層/十五層,2房1廳1衛,36.0,1902,63.6,-1.9,2025-04-28,坡道平面,預售屋、或土地及建物分件登記案件；
高鐵特區,114S3,2023-05-24,光明六路東二段,RPPNMLLKMHKGFBJ97DA,光明六路東二段６８５號,新竹縣竹北市光明六路東二段６８５號十樓,住宅大樓(11層含以上有電梯),房地(土地+建物)+車位,十層/十五層,3房2廳2衛,47.5,2642,63.6,-1.9,2025-04-28,坡道平面,預售屋、或土地及建物分件登記案件；
高鐵特區,114S3,2023-05-26,光明六路東二段,RPOPMLLMLHKGFBJ18DA,光明六路東二段７０１號,新竹縣竹北市光明六路東二段７０１號九樓,住宅大樓(11層含以上有電梯),房地(土地+建物)+車位,九層/十五層,3房2廳2衛,43.3,2395,64.0,-1.9,2025-04-28,坡道平面,預售屋、或土地及建物分件登記案件；
高鐵特區,114S3,2023-05-27,光明六路東二段,RPWOMLMJMHKGFBJ78DA,光明六路東二段６６５號,新竹縣竹北市光明六路東二段６６５號八樓,住宅大樓(11層含以上有電梯),房地(土地+建物)+車位,八層/十五層,3房2廳2衛,43.0,2377,64.2,-1.9,2025-04-28,坡道平面,預售屋、或土地及建物分件登記案件；
高鐵特區,114S3,2023-05-28,光明六路東二段,RPROMLMJMHKGFBJ28DA,光明六路東二段６６５號,新竹縣竹北市光明六路東二段６６５號四樓,住宅大樓(11層含以上有電梯),房地(土地+建物)+車位,四層/十五層,3房2廳2衛,43.0,2330,62.8,-1.9,2025-04-28,坡道平面,預售屋、或土地及建物分件登記案件；
高鐵特區,114S3,2023-05-29,光明六路東二段,RPWPMLRJMHKGFBJ76DA,光明六路東二段６５９號,新竹縣竹北市光明六路東二段６５９號七樓,住宅大樓(11層含以上有電梯),房地(土地+建物)+車位,七層/十五層,4房2廳2衛,64.7,3389,63.6,-1.9,2025-04-28,坡道平面,預售權利轉讓 113年3月21日轉讓契約金額3403萬元整預售屋、或土地及建物分件登記案件；
高鐵特區,114S3,2023-05-30,光明六路東二段,RPTPMLLKMHKGFBJ58DA,光明六路東二段７０１號,新竹縣竹北市光明六路東二段７０１號五樓,住宅大樓(11層含以上有電梯),房地(土地+建物)+車位,五層/十五層,3房2廳2衛,43.3,2360,63.1,-1.9,2025-04-28,坡道平面,預售屋、或土地及建物分件登記案件；
高鐵特區,115S1,2023-05-30,隘口七街,RPVNMLOLKIKGFBJ88DA,隘口七街５８號,新竹縣竹北市隘口七街５８號三樓,華廈(10層含以下有電梯),房地(土地+建物)+車位,三層/七層,3房2廳2衛,43.7,2625,64.4,-2.4,2025-10-28,坡道平面,預售屋、或土地及建物分件登記案件；
高鐵特區,115S3,2023-05-30,高鐵七路,RPWNMLNKPHLGFBJ66DA,高鐵七路７號,新竹縣竹北市高鐵七路７號六樓之一,住宅大樓(11層含以上有電梯),房地(土地+建物)+車位,六層/二十一層,4房2廳2衛,73.1,4292,72.0,-3.1,2026-06-08,坡道平面,預售屋、或土地及建物分件登記案件；
高鐵特區,115S3,2023-05-30,高鐵七路,RPSOMLLLPHLGFBJ88DA,高鐵七路７號,新竹縣竹北市高鐵七路７號五樓之二,住宅大樓(11層含以上有電梯),房地(土地+建物)+車位,五層/二十一層,4房2廳2衛,74.8,4384,71.5,-3.1,2026-06-08,坡道平面,113/11/14換約，換約價格新台幣5250萬元。預售屋、或土地及建物分件登記案件；
高鐵特區,114S3,2023-05-31,光明六路東二段,RPPOMLTLLHKGFBJ88DA,光明六路東二段６９１號,新竹縣竹北市光明六路東二段６９１號十五樓,住宅大樓(11層含以上有電梯),房地(土地+建物)+車位,十五層/十五層,3房2廳2衛,43.3,2430,64.8,-1.9,2025-04-28,坡道平面,預售屋、或土地及建物分件登記案件；
高鐵特區,115S3,2023-06-01,高鐵七路,RPWNMLLLPHLGFBJ56DA,高鐵七路７號,新竹縣竹北市高鐵七路７號二樓之一,住宅大樓(11層含以上有電梯),房地(土地+建物)+車位,二層/二十一層,4房2廳2衛,70.1,3966,69.0,-3.0,2026-06-08,坡道平面,預售屋、或土地及建物分件登記案件；
高鐵特區,114S3,2023-06-03,光明六路東二段,RPQNMLLKMHKGFBJ08DA,光明六路東二段６８５號,新竹縣竹北市光明六路東二段６８５號十四樓,住宅大樓(11層含以上有電梯),房地(土地+建物)+車位,十四層/十五層,3房2廳2衛,47.5,2676,64.5,-1.8,2025-04-28,坡道平面,預售屋、或土地及建物分件登記案件；
高鐵特區,115S3,2023-06-03,高鐵七路,RPVNMLNKPHLGFBJ56DA,高鐵七路７號,新竹縣竹北市高鐵七路７號五樓之一,住宅大樓(11層含以上有電梯),房地(土地+建物)+車位,五層/二十一層,4房2廳2衛,73.1,4325,71.5,-3.0,2026-06-08,坡道平面,預售屋、或土地及建物分件登記案件；
高鐵特區,115S3,2023-06-04,高鐵七路,RPROMLLLPHLGFBJ78DA,高鐵七路７號,新竹縣竹北市高鐵七路７號四樓之二,住宅大樓(11層含以上有電梯),房地(土地+建物)+車位,四層/二十一層,4房2廳2衛,74.8,4328,70.5,-3.0,2026-06-08,坡道平面,預售屋、或土地及建物分件登記案件；
高鐵特區,114S3,2023-06-09,光明六路東二段,RPVSMLMJMHKGFBJ09DA,光明六路東二段６６９號,新竹縣竹北市光明六路東二段６６９號十四樓,住宅大樓(11層含以上有電梯),房地(土地+建物)+車位,十四層/十五層,3房2廳2衛,43.3,2420,64.5,-1.8,2025-04-28,坡道平面,預售屋、或土地及建物分件登記案件；
高鐵特區,114S3,2023-06-10,光明六路東二段,RPOOMLSLLHKGFBJ68DA,光明六路東二段６８５號,新竹縣竹北市光明六路東二段６８５號七樓,住宅大樓(11層含以上有電梯),房地(土地+建物)+車位,七層/十五層,3房2廳2衛,47.5,2650,63.2,-1.8,2025-04-28,坡道平面,預售屋、或土地及建物分件登記案件；
高鐵特區,115S1,2023-06-10,光明六路東二段,RPQPMLLMLHKGFBJ38DA,光明六路東二段７０１號,新竹縣竹北市光明六路東二段７０１號十一樓,住宅大樓(11層含以上有電梯),房地(土地+建物)+車位,十一層/十五層,3房2廳2衛,42.9,2405,64.2,-1.8,2025-04-28,坡道平面,預售屋、或土地及建物分件登記案件；
高鐵特區,114S3,2023-06-11,光明六路東二段,RPTQMLLJMHKGFBJ58DA,光明六路東二段６８１號,新竹縣竹北市光明六路東二段６８１號十五樓,住宅大樓(11層含以上有電梯),房地(土地+建物)+車位,十五層/十五層,3房2廳2衛,47.4,2683,64.5,-1.8,2025-04-28,坡道平面,預售屋、或土地及建物分件登記案件；
高鐵特區,114S3,2023-06-12,光明六路東二段,RPQRMLLJMHKGFBJ38DA,光明六路東二段６６３號,新竹縣竹北市光明六路東二段６６３號八樓,住宅大樓(11層含以上有電梯),房地(土地+建物)+車位,八層/十五層,3房2廳2衛,44.4,2475,64.1,-1.8,2025-04-28,坡道平面,預售屋、或土地及建物分件登記案件；
高鐵特區,114S4,2023-06-12,六家一路一段,RPQOMLMLRHKGFBJ88DA,六家一路一段２５７號,新竹縣竹北市六家一路一段２５７號五樓,住宅大樓(11層含以上有電梯),房地(土地+建物)+車位,五層/十七層,0房0廳0衛,64.7,3933,69.5,-2.2,2025-08-19,坡道平面,毛胚屋；預售屋、或土地及建物分件登記案件；
高鐵特區,114S3,2023-06-16,光明六路東二段,RPXNMLMJMHKGFBJ78DA,光明六路東二段６６３號,新竹縣竹北市光明六路東二段６６３號十三樓,住宅大樓(11層含以上有電梯),房地(土地+建物)+車位,十三層/十五層,3房2廳2衛,44.4,2478,64.5,-1.8,2025-04-28,坡道平面,預售屋、或土地及建物分件登記案件；
高鐵特區,114S3,2023-06-17,光明六路東二段,RPPRMLSLLHKGFBJ09DA,光明六路東二段６８７號,新竹縣竹北市光明六路東二段６８７號十五樓,住宅大樓(11層含以上有電梯),房地(土地+建物)+車位,十五層/十五層,2房1廳2衛,39.6,2298,68.5,-1.8,2025-04-28,坡道平面,預售屋、或土地及建物分件登記案件；
高鐵特區,115S1,2023-06-17,隘口七街,RPRPMLKMKIKGFBJ38DA,隘口七街６０號,新竹縣竹北市隘口七街６０號七樓,華廈(10層含以下有電梯),房地(土地+建物)+車位,七層/七層,3房2廳2衛,51.7,3035,66.2,-2.3,2025-10-28,一樓平面,預售屋、或土地及建物分件登記案件；
高鐵特區,114S3,2023-06-18,光明六路東二段,RPWUMLRJMHKGFBJ27DA,光明六路東二段６８５號,新竹縣竹北市光明六路東二段６８５號六樓,住宅大樓(11層含以上有電梯),房地(土地+建物)+車位,六層/十五層,3房2廳2衛,47.5,2631,63.3,-1.8,2025-04-28,坡道平面,預售屋、或土地及建物分件登記案件；
高鐵特區,114S3,2023-06-18,光明六路東二段,RPXOMLKMLHKGFBJ88DA,光明六路東二段６９５號,新竹縣竹北市光明六路東二段６９５號十三樓,住宅大樓(11層含以上有電梯),房地(土地+建物)+車位,十三層/十五層,3房2廳2衛,47.5,2733,65.7,-1.8,2025-04-28,坡道平面,預售屋、或土地及建物分件登記案件；
高鐵特區,115S3,2023-06-20,光明六路東二段,RPPRMLRLMHLGFBJ56DA,光明六路東二段３１２號,新竹縣竹北市光明六路東二段３１２號十一樓,住宅大樓(11層含以上有電梯),房地(土地+建物)+車位,十一層/二十二層,3房2廳2衛,50.0,3496,78.5,-2.9,2026-05-19,坡道平面,預售屋、或土地及建物分件登記案件；
高鐵特區,114S3,2023-06-21,光明六路東二段,RPPOMLSLLHKGFBJ78DA,光明六路東二段６８５號,新竹縣竹北市光明六路東二段６８５號八樓,住宅大樓(11層含以上有電梯),房地(土地+建物)+車位,八層/十五層,3房2廳2衛,47.1,2654,63.5,-1.8,2025-04-28,坡道平面,預售屋、或土地及建物分件登記案件；
高鐵特區,114S3,2023-06-24,光明六路東二段,RPRPMLLMLHKGFBJ48DA,光明六路東二段７０１號,新竹縣竹北市光明六路東二段７０１號十二樓,住宅大樓(11層含以上有電梯),房地(土地+建物)+車位,十二層/十五層,3房2廳2衛,42.9,2420,64.6,-1.8,2025-04-28,坡道平面,預售屋、或土地及建物分件登記案件；
高鐵特區,115S1,2023-06-25,莊敬三路,RPROMLLLJIKGFBJ18DA,莊敬三路３６０號,新竹縣竹北市莊敬三路３６０號五樓,住宅大樓(11層含以上有電梯),房地(土地+建物)+車位,五層/十九層,4房2廳2衛,88.3,4630,59.7,-2.3,2025-10-08,坡道平面,預售屋、或土地及建物分件登記案件；
高鐵特區,114S3,2023-06-28,光明六路東二段,RPVUMLRJMHKGFBJ17DA,光明六路東二段６８５號,新竹縣竹北市光明六路東二段６８５號五樓,住宅大樓(11層含以上有電梯),房地(土地+建物)+車位,五層/十五層,3房2廳2衛,47.5,2637,63.2,-1.8,2025-04-28,坡道平面,預售屋、或土地及建物分件登記案件；
高鐵特區,114S4,2023-06-28,六家一路一段,RPUOMLMLRHKGFBJ66DA,六家一路一段２５７號,新竹縣竹北市六家一路一段２５７號十七樓,住宅大樓(11層含以上有電梯),房地(土地+建物)+車位,十七層/十七層,0房0廳0衛,64.7,3995,70.3,-2.2,2025-08-19,坡道平面,毛胚屋；預售屋、或土地及建物分件登記案件；
高鐵特區,114S3,2023-06-29,光明六路東二段,RPUSMLMJMHKGFBJ98DA,光明六路東二段６６９號,新竹縣竹北市光明六路東二段６６９號十三樓,住宅大樓(11層含以上有電梯),房地(土地+建物)+車位,十三層/十五層,3房2廳2衛,43.3,2425,64.5,-1.8,2025-04-28,坡道平面,預售屋、或土地及建物分件登記案件；
高鐵特區,115S3,2023-06-29,光明六路東二段,RPQNNLRLMHLGFBJ98DA,光明六路東二段３２０號,新竹縣竹北市光明六路東二段３２０號十五樓,住宅大樓(11層含以上有電梯),房地(土地+建物)+車位,十五層/二十二層,3房2廳2衛,49.5,3440,77.9,-2.9,2026-05-19,坡道平面,預售屋、或土地及建物分件登記案件；
高鐵特區,114S3,2023-06-30,光明六路東二段,RPVNMLTLLHKGFBJ76DA,光明六路東二段６９１號,新竹縣竹北市光明六路東二段６９１號十一樓,住宅大樓(11層含以上有電梯),房地(土地+建物)+車位,十一層/十五層,3房2廳2衛,43.3,2402,64.6,-1.8,2025-04-28,坡道平面,預售屋、或土地及建物分件登記案件；
高鐵特區,114S3,2023-06-30,光明六路東二段,RPORMLLJMHKGFBJ18DA,光明六路東二段６６３號,新竹縣竹北市光明六路東二段６６３號六樓,住宅大樓(11層含以上有電梯),房地(土地+建物)+車位,六層/十五層,3房2廳2衛,44.4,2445,63.8,-1.8,2025-04-28,坡道平面,預售屋、或土地及建物分件登記案件；
高鐵特區,114S3,2023-06-30,光明六路東二段,RPOPMLSLLHKGFBJ78DA,光明六路東二段７０９號,新竹縣竹北市光明六路東二段７０９號,住宅大樓(11層含以上有電梯),房地(土地+建物)+車位,一層，二層/十五層,0房0廳1衛,43.3,2531,67.7,-1.8,2025-04-28,坡道平面,預售屋、或土地及建物分件登記案件；
高鐵特區,114S4,2023-06-30,光明六路東二段,RPXPMLLJMHKGFBJ88DA,光明六路東二段６８１號,新竹縣竹北市光明六路東二段６８１號九樓,住宅大樓(11層含以上有電梯),房地(土地+建物)+車位,九層/十五層,3房2廳2衛,47.4,2655,63.9,-1.8,2025-04-28,坡道平面,預售屋、或土地及建物分件登記案件；
高鐵特區,114S4,2023-06-30,六家一路一段,RPTOMLMLRHKGFBJ56DA,六家一路一段２５７號,新竹縣竹北市六家一路一段２５７號九樓,住宅大樓(11層含以上有電梯),房地(土地+建物)+車位,九層/十七層,0房0廳0衛,64.7,3943,70.1,-2.2,2025-08-19,坡道平面,毛胚屋；預售屋、或土地及建物分件登記案件；
高鐵特區,114S3,2023-07-08,光明六路東二段,RPWQMLLJMHKGFBJ88DA,光明六路東二段６６３號,新竹縣竹北市光明六路東二段６６３號四樓,住宅大樓(11層含以上有電梯),房地(土地+建物)+車位,四層/十五層,3房2廳2衛,44.4,2428,63.0,-1.8,2025-04-28,坡道平面,預售屋、或土地及建物分件登記案件；
高鐵特區,114S3,2023-07-16,光明六路東二段,RPSPMLLMLHKGFBJ58DA,光明六路東二段７０１號,新竹縣竹北市光明六路東二段７０１號十三樓,住宅大樓(11層含以上有電梯),房地(土地+建物)+車位,十三層/十五層,3房2廳2衛,43.3,2430,64.9,-1.8,2025-04-28,坡道平面,預售屋、或土地及建物分件登記案件；
高鐵特區,114S3,2023-07-23,光明六路東二段,RPOOMLMJMHKGFBJ97DA,光明六路東二段６６３號,新竹縣竹北市光明六路東二段６６３號十五樓,住宅大樓(11層含以上有電梯),房地(土地+建物)+車位,十五層/十五層,3房2廳2衛,44.4,2505,64.9,-1.8,2025-04-28,坡道平面,預售屋、或土地及建物分件登記案件；
高鐵特區,114S3,2023-07-23,光明六路東二段,RPURMLMJMHKGFBJ88DA,光明六路東二段６６９號,新竹縣竹北市光明六路東二段６６９號五樓,住宅大樓(11層含以上有電梯),房地(土地+建物)+車位,五層/十五層,3房2廳2衛,43.3,2370,63.0,-1.8,2025-04-28,坡道平面,預售屋、或土地及建物分件登記案件；
高鐵特區,115S3,2023-07-25,高鐵八路,RPPNMLLLNHLGFBJ28DA,高鐵八路３２６號,新竹縣竹北市高鐵八路３２６號三樓,華廈(10層含以下有電梯),房地(土地+建物)+車位,三層/七層,3房2廳2衛,58.7,3000,62.3,-2.4,2025-12-31,坡道平面,預售屋、或土地及建物分件登記案件；
高鐵特區,114S3,2023-07-26,光明六路東二段,RPXSMLSLLHKGFBJ37DA,光明六路東二段６８９號,新竹縣竹北市光明六路東二段６８９號十二樓,住宅大樓(11層含以上有電梯),房地(土地+建物)+車位,十二層/十五層,4房2廳2衛,67.6,3588,63.6,-1.8,2025-04-28,坡道平面,預售屋、或土地及建物分件登記案件；
高鐵特區,115S3,2023-07-29,高鐵八路,RPPOMLQLNHLGFBJ88DA,高鐵八路３２８號,新竹縣竹北市高鐵八路３２８號二樓,華廈(10層含以下有電梯),房地(土地+建物)+車位,二層/七層,3房2廳2衛,80.4,3850,64.6,-2.4,2025-12-31,坡道平面,預售屋、或土地及建物分件登記案件；
高鐵特區,114S4,2023-07-30,六家一路一段,RPORMLMLRHKGFBJ98DA,六家一路一段２５９號,新竹縣竹北市六家一路一段２５９號十二樓,住宅大樓(11層含以上有電梯),房地(土地+建物)+車位,十二層/十七層,3房2廳2衛,55.2,3570,77.0,-2.1,2025-08-19,坡道平面,預售屋、或土地及建物分件登記案件；
高鐵特區,115S3,2023-07-31,光明六路東二段,RPTNMLTLOHLGFBJ96DA,光明六路東二段３１２號,新竹縣竹北市光明六路東二段３１２號九樓,住宅大樓(11層含以上有電梯),房地(土地+建物)+車位,九層/二十二層,3房2廳2衛,50.0,3480,78.1,-2.8,2026-05-19,坡道平面,預售屋、或土地及建物分件登記案件；
高鐵特區,114S3,2023-08-01,光明六路東二段,RPOOMLOKMHKGFBJ28DA,光明六路東二段６８１號,新竹縣竹北市光明六路東二段６８１號十一樓,住宅大樓(11層含以上有電梯),房地(土地+建物)+車位,十一層/十五層,3房2廳2衛,47.4,2675,64.2,-1.7,2025-04-28,坡道平面,預售屋、或土地及建物分件登記案件；
高鐵特區,114S4,2023-08-04,光明六路東二段,RPSUMLRJMHKGFBJ86DA,光明六路東二段６８５號,新竹縣竹北市光明六路東二段６８５號三樓,住宅大樓(11層含以上有電梯),房地(土地+建物)+車位,三層/十五層,3房2廳2衛,47.5,2610,62.8,-1.7,2025-04-28,坡道平面,預售屋、或土地及建物分件登記案件；
高鐵特區,115S3,2023-08-05,高鐵八路,RPQNMLLLNHLGFBJ38DA,高鐵八路３２６號,新竹縣竹北市高鐵八路３２６號五樓,華廈(10層含以下有電梯),房地(土地+建物)+車位,五層/七層,3房2廳2衛,71.6,3260,65.1,-2.3,2025-12-31,坡道平面,預售屋、或土地及建物分件登記案件；
高鐵特區,114S3,2023-08-06,光明六路東二段,RPSSMLMJMHKGFBJ78DA,光明六路東二段６６９號,新竹縣竹北市光明六路東二段６６９號十一樓,住宅大樓(11層含以上有電梯),房地(土地+建物)+車位,十一層/十五層,3房2廳2衛,43.3,2389,63.9,-1.7,2025-04-28,坡道平面,預售屋、或土地及建物分件登記案件；
高鐵特區,114S3,2023-08-08,光明六路東二段,RPUQMLLKMHKGFBJ78DA,光明六路東二段６８１號,新竹縣竹北市光明六路東二段６８１號十四樓,住宅大樓(11層含以上有電梯),房地(土地+建物)+車位,十四層/十五層,3房2廳2衛,47.4,2685,64.8,-1.7,2025-04-28,坡道平面,預售屋、或土地及建物分件登記案件；
高鐵特區,114S3,2023-08-10,光明六路東二段,RPXNMLTLLHKGFBJ96DA,光明六路東二段６９１號,新竹縣竹北市光明六路東二段６９１號十三樓,住宅大樓(11層含以上有電梯),房地(土地+建物)+車位,十三層/十五層,3房2廳2衛,43.3,2412,64.6,-1.7,2025-04-28,坡道平面,預售屋、或土地及建物分件登記案件；
高鐵特區,114S3,2023-08-13,光明六路東二段,RPTPMLLJMHKGFBJ48DA,光明六路東二段６８１號,新竹縣竹北市光明六路東二段６８１號六樓,住宅大樓(11層含以上有電梯),房地(土地+建物)+車位,六層/十五層,3房2廳2衛,47.4,2635,63.4,-1.7,2025-04-28,坡道平面,預售屋、或土地及建物分件登記案件；
高鐵特區,115S3,2023-08-17,光明六路東二段,RPUSMLRLMHLGFBJ17DA,光明六路東二段３１６號,新竹縣竹北市光明六路東二段３１６號九樓,住宅大樓(11層含以上有電梯),房地(土地+建物)+車位,九層/二十二層,3房2廳2衛,55.4,3890,78.0,-2.8,2026-05-19,坡道平面,預售屋、或土地及建物分件登記案件；
高鐵特區,114S3,2023-08-18,光明六路東二段,RPVPMLLJMHKGFBJ68DA,光明六路東二段６８１號,新竹縣竹北市光明六路東二段６８１號七樓,住宅大樓(11層含以上有電梯),房地(土地+建物)+車位,七層/十五層,3房2廳2衛,47.4,2643,63.6,-1.7,2025-04-28,坡道平面,預售屋、或土地及建物分件登記案件；
高鐵特區,114S3,2023-08-18,光明六路東二段,RPOQMLLJMHKGFBJ08DA,光明六路東二段６８１號,新竹縣竹北市光明六路東二段６８１號十樓,住宅大樓(11層含以上有電梯),房地(土地+建物)+車位,十層/十五層,3房2廳2衛,47.4,2675,64.4,-1.7,2025-04-28,坡道平面,預售屋、或土地及建物分件登記案件；
高鐵特區,114S3,2023-08-18,光明六路東二段,RPOOMLTLLHKGFBJ78DA,光明六路東二段６９１號,新竹縣竹北市光明六路東二段６９１號十四樓,住宅大樓(11層含以上有電梯),房地(土地+建物)+車位,十四層/十五層,3房2廳2衛,43.3,2446,64.9,-1.7,2025-04-28,坡道平面,預售屋、或土地及建物分件登記案件；
高鐵特區,114S3,2023-08-19,光明六路東二段,RPWPMLLJMHKGFBJ78DA,光明六路東二段６８１號,新竹縣竹北市光明六路東二段６８１號八樓,住宅大樓(11層含以上有電梯),房地(土地+建物)+車位,八層/十五層,3房2廳2衛,47.4,2660,63.8,-1.7,2025-04-28,坡道平面,預售屋、或土地及建物分件登記案件；
高鐵特區,114S3,2023-08-19,光明六路東二段,RPUUMLRJMHKGFBJ07DA,光明六路東二段６８５號,新竹縣竹北市光明六路東二段６８５號四樓,住宅大樓(11層含以上有電梯),房地(土地+建物)+車位,四層/十五層,3房2廳2衛,47.5,2597,62.7,-1.7,2025-04-28,坡道平面,預售屋、或土地及建物分件登記案件；
高鐵特區,114S3,2023-08-20,光明六路東二段,RPWOMLRJMHKGFBJ66DA,光明六路東二段６５９號,新竹縣竹北市光明六路東二段６５９號四樓,住宅大樓(11層含以上有電梯),房地(土地+建物)+車位,四層/十五層,4房2廳2衛,55.6,3130,63.0,-1.7,2025-04-28,坡道平面,預售屋、或土地及建物分件登記案件；
高鐵特區,115S1,2023-08-22,莊敬三路,RPPOMLLLJIKGFBJ97DA,莊敬三路３６０號,新竹縣竹北市莊敬三路３６０號三樓,住宅大樓(11層含以上有電梯),房地(土地+建物)+車位,三層/十九層,4房2廳2衛,88.0,4590,59.5,-2.2,2025-10-08,坡道平面,預售屋、或土地及建物分件登記案件；
高鐵特區,114S3,2023-08-26,光明六路東二段,RPPPMLLJMHKGFBJ08DA,光明六路東二段６８１號,新竹縣竹北市光明六路東二段６８１號四樓,住宅大樓(11層含以上有電梯),房地(土地+建物)+車位,四層/十五層,3房2廳2衛,47.4,2618,62.8,-1.7,2025-04-28,坡道平面,預售屋、或土地及建物分件登記案件；
高鐵特區,114S3,2023-08-26,光明六路東二段,RPVQMLLJMHKGFBJ78DA,光明六路東二段６６３號,新竹縣竹北市光明六路東二段６６３號三樓,住宅大樓(11層含以上有電梯),房地(土地+建物)+車位,三層/十五層,3房2廳2衛,44.4,2442,63.4,-1.7,2025-04-28,坡道平面,預售屋、或土地及建物分件登記案件；
高鐵特區,114S4,2023-08-26,六家一路一段,RPPRMLMLRHKGFBJ09DA,六家一路一段２５９號,新竹縣竹北市六家一路一段２５９號十三樓,住宅大樓(11層含以上有電梯),房地(土地+建物)+車位,十三層/十七層,3房2廳2衛,67.2,3873,77.2,-2.0,2025-08-19,坡道平面,預售屋、或土地及建物分件登記案件；
高鐵特區,114S3,2023-08-28,光明六路東二段,RPPPMLMJMHKGFBJ18DA,光明六路東二段６６５號,新竹縣竹北市光明六路東二段６６５號十一樓,住宅大樓(11層含以上有電梯),房地(土地+建物)+車位,十一層/十五層,3房2廳2衛,43.0,2403,64.6,-1.7,2025-04-28,坡道平面,預售屋、或土地及建物分件登記案件；
高鐵特區,114S3,2023-09-03,光明六路東二段,RPTPMLLMLHKGFBJ68DA,光明六路東二段７０１號,新竹縣竹北市光明六路東二段７０１號十四樓,住宅大樓(11層含以上有電梯),房地(土地+建物)+車位,十四層/十五層,3房2廳2衛,43.7,2450,65.4,-1.6,2025-04-28,坡道平面,預售屋、或土地及建物分件登記案件；
高鐵特區,114S4,2023-09-10,六家一路一段,RPRQMLMLRHKGFBJ56DA,六家一路一段２５３號,新竹縣竹北市六家一路一段２５３號十六樓,住宅大樓(11層含以上有電梯),房地(土地+建物)+車位,十六層/十七層,3房2廳2衛,55.2,3732,79.7,-1.9,2025-08-19,坡道平面,預售屋、或土地及建物分件登記案件；
高鐵特區,114S3,2023-09-12,光明六路東二段,RPOOMLRKPHKGFBJ88DA,光明六路東二段６９９號,新竹縣竹北市光明六路東二段６９９號九樓,住宅大樓(11層含以上有電梯),房地(土地+建物)+車位,九層/十五層,4房2廳2衛,67.6,3588,64.0,-1.6,2025-04-28,坡道平面,預售屋、或土地及建物分件登記案件；
高鐵特區,115S1,2023-09-12,莊敬三路,RPUSMLLLJIKGFBJ88DA,莊敬三路３５６號,新竹縣竹北市莊敬三路３５６號四樓,住宅大樓(11層含以上有電梯),房地(土地+建物)+車位,四層/十九層,4房2廳2衛,88.5,4600,59.4,-2.1,2025-10-08,坡道平面,預售屋、或土地及建物分件登記案件；
高鐵特區,114S3,2023-09-15,光明六路東二段,RPRPMLSLLHKGFBJ09DA,光明六路東二段６８７號,新竹縣竹北市光明六路東二段６８７號三樓,住宅大樓(11層含以上有電梯),房地(土地+建物)+車位,三層/十五層,2房1廳2衛,39.6,2222,66.0,-1.6,2025-04-28,坡道平面,預售屋、或土地及建物分件登記案件；
高鐵特區,114S3,2023-09-15,光明六路東二段,RPORMLKMLHKGFBJ28DA,光明六路東二段６９９號,新竹縣竹北市光明六路東二段６９９號三樓,住宅大樓(11層含以上有電梯),房地(土地+建物)+車位,三層/十五層,4房2廳2衛,67.2,3722,66.8,-1.6,2025-04-28,坡道平面,預售屋、或土地及建物分件登記案件；
高鐵特區,114S3,2023-09-15,光明六路東二段,RPQPMLMJMHKGFBJ28DA,光明六路東二段６６５號,新竹縣竹北市光明六路東二段６６５號十二樓,住宅大樓(11層含以上有電梯),房地(土地+建物)+車位,十二層/十五層,3房2廳2衛,43.0,2408,65.1,-1.6,2025-04-28,坡道平面,預售屋、或土地及建物分件登記案件；
高鐵特區,115S1,2023-09-15,六家一路一段,RPPQMLOJJIKGFBJ28DA,六家一路一段２５５號,新竹縣竹北市六家一路一段２５５號十六樓,住宅大樓(11層含以上有電梯),房地(土地+建物)+車位,十六層/十七層,0房0廳0衛,64.7,3992,70.2,-1.9,2025-08-19,坡道平面,毛胚屋；預售屋、或土地及建物分件登記案件；
高鐵特區,115S1,2023-09-15,隘口七街,RPSNMLOLKIKGFBJ58DA,隘口七街５８號,新竹縣竹北市隘口七街５８號二樓,華廈(10層含以下有電梯),房地(土地+建物)+車位,二層/七層,3房2廳2衛,43.7,2648,65.1,-2.1,2025-10-28,坡道平面,預售屋、或土地及建物分件登記案件；
高鐵特區,114S3,2023-09-16,光明六路東二段,RPRPMLLKMHKGFBJ38DA,光明六路東二段７０１號,新竹縣竹北市光明六路東二段７０１號三樓,住宅大樓(11層含以上有電梯),房地(土地+建物)+車位,三層/十五層,3房2廳2衛,42.9,2478,66.3,-1.6,2025-04-28,坡道平面,預售屋、或土地及建物分件登記案件；
高鐵特區,115S3,2023-09-16,光明六路東二段,RPTRMLRLMHLGFBJ96DA,光明六路東二段３１２號,新竹縣竹北市光明六路東二段３１２號十六樓,住宅大樓(11層含以上有電梯),房地(土地+建物)+車位,十六層/二十二層,3房2廳2衛,58.5,3850,81.2,-2.7,2026-05-19,坡道平面,預售屋、或土地及建物分件登記案件；
高鐵特區,114S3,2023-09-17,光明六路東二段,RPUPMLLMLHKGFBJ78DA,光明六路東二段７０１號,新竹縣竹北市光明六路東二段７０１號十五樓,住宅大樓(11層含以上有電梯),房地(土地+建物)+車位,十五層/十五層,3房2廳2衛,42.9,2438,65.1,-1.6,2025-04-28,坡道平面,預售屋、或土地及建物分件登記案件；
高鐵特區,114S2,2023-09-18,高鐵二路,RPRNMLNJOHKGFBJ48DA,高鐵二路１９６號,新竹縣竹北市高鐵二路１９６號六樓,華廈(10層含以下有電梯),房地(土地+建物)+車位,六層/六層,3房2廳2衛,50.2,3013,65.4,-1.3,2025-01-24,一樓平面,預售屋、或土地及建物分件登記案件；
高鐵特區,114S3,2023-09-19,光明六路東二段,RPSPMLMJMHKGFBJ48DA,光明六路東二段６６５號,新竹縣竹北市光明六路東二段６６５號十四樓,住宅大樓(11層含以上有電梯),房地(土地+建物)+車位,十四層/十五層,3房2廳2衛,43.0,2423,65.3,-1.6,2025-04-28,坡道平面,預售屋、或土地及建物分件登記案件；
高鐵特區,114S3,2023-09-22,光明六路東二段,RPRPMLMJMHKGFBJ38DA,光明六路東二段６６５號,新竹縣竹北市光明六路東二段６６５號十三樓,住宅大樓(11層含以上有電梯),房地(土地+建物)+車位,十三層/十五層,3房2廳2衛,42.6,2423,65.1,-1.6,2025-04-28,坡道平面,預售屋、或土地及建物分件登記案件；
高鐵特區,115S3,2023-09-22,光明六路東二段,RPPPMLRLMHLGFBJ98DA,光明六路東二段３１０號,新竹縣竹北市光明六路東二段３１０號八樓,住宅大樓(11層含以上有電梯),房地(土地+建物)+車位,八層/二十二層,3房2廳2衛,48.0,3280,76.8,-2.7,2026-05-19,坡道平面,預售屋、或土地及建物分件登記案件；
高鐵特區,114S3,2023-09-23,光明六路東二段,RPRUMLRJMHKGFBJ76DA,光明六路東二段６８５號,新竹縣竹北市光明六路東二段６８５號二樓,住宅大樓(11層含以上有電梯),房地(土地+建物)+車位,二層/十五層,3房2廳2衛,48.6,2657,62.2,-1.6,2025-04-28,坡道平面,預售屋、或土地及建物分件登記案件；
高鐵特區,114S4,2023-09-23,光明六路東二段,RPVPMLRJMHKGFBJ66DA,光明六路東二段６５９號,新竹縣竹北市光明六路東二段６５９號六樓,住宅大樓(11層含以上有電梯),房地(土地+建物)+車位,六層/十五層,4房2廳2衛,55.6,3200,64.0,-1.6,2025-04-28,坡道平面,預售屋、或土地及建物分件登記案件；
高鐵特區,115S3,2023-09-23,光明六路東二段,RPWWMLRLMHLGFBJ77DA,光明六路東二段３２０號,新竹縣竹北市光明六路東二段３２０號十一樓,住宅大樓(11層含以上有電梯),房地(土地+建物)+車位,十一層/二十二層,3房2廳2衛,49.5,3400,76.9,-2.7,2026-05-19,坡道平面,預售屋、或土地及建物分件登記案件；
高鐵特區,114S3,2023-09-24,光明六路東二段,RPUUMLMJMHKGFBJ56DA,光明六路東二段６５５號,新竹縣竹北市光明六路東二段６５５號二樓,住宅大樓(11層含以上有電梯),房地(土地+建物)+車位,二層/十五層,3房2廳2衛,48.3,2638,62.2,-1.6,2025-04-28,坡道平面,預售屋、或土地及建物分件登記案件；
高鐵特區,114S3,2023-09-26,光明六路東二段,RPXNMLLMLHKGFBJ88DA,光明六路東二段６９９號,新竹縣竹北市光明六路東二段６９９號十五樓,住宅大樓(11層含以上有電梯),房地(土地+建物)+車位,十五層/十五層,4房2廳2衛,67.2,3650,64.9,-1.6,2025-04-28,坡道平面,預售屋、或土地及建物分件登記案件；
高鐵特區,114S3,2023-09-26,光明六路東二段,RPUSMLLKMHKGFBJ98DA,光明六路東二段６６３號,新竹縣竹北市光明六路東二段６６３號二樓,住宅大樓(11層含以上有電梯),房地(土地+建物)+車位,二層/十五層,3房2廳2衛,48.8,2772,65.2,-1.6,2025-04-28,坡道平面,預售屋、或土地及建物分件登記案件；
高鐵特區,115S3,2023-09-26,光明六路東二段,RPRNMLRLMHLGFBJ98DA,光明六路東二段３０８號,新竹縣竹北市光明六路東二段３０８號五樓,住宅大樓(11層含以上有電梯),房地(土地+建物)+車位,五層/二十二層,3房2廳2衛,47.8,3236,76.0,-2.7,2026-05-19,坡道平面,預售屋、或土地及建物分件登記案件；
高鐵特區,115S2,2023-09-28,高鐵八路,RPQOMLMLNHLGFBJ58DA,高鐵八路３２６號,新竹縣竹北市高鐵八路３２６號六樓,華廈(10層含以下有電梯),房地(土地+建物)+車位,六層/七層,3房2廳2衛,72.0,3350,66.4,-2.2,2025-12-31,坡道平面,預售屋、或土地及建物分件登記案件；
高鐵特區,114S3,2023-09-30,光明六路東二段,RPQOMLLKMHKGFBJ18DA,光明六路東二段６９１號,新竹縣竹北市光明六路東二段６９１號十二樓,住宅大樓(11層含以上有電梯),房地(土地+建物)+車位,十二層/十五層,3房2廳2衛,43.3,2438,65.3,-1.6,2025-04-28,坡道平面,預售屋、或土地及建物分件登記案件；
高鐵特區,114S3,2023-10-01,光明六路東二段,RPOPMLMJMHKGFBJ08DA,光明六路東二段６６５號,新竹縣竹北市光明六路東二段６６５號十樓,住宅大樓(11層含以上有電梯),房地(土地+建物)+車位,十層/十五層,3房2廳2衛,43.0,2420,65.2,-1.5,2025-04-28,坡道平面,預售屋、或土地及建物分件登記案件；
高鐵特區,114S2,2023-10-07,高鐵九路,RPXNMLSKMHKGFBJ86DA,高鐵九路１６７號,新竹縣竹北市高鐵九路１６７號五樓,華廈(10層含以下有電梯),房地(土地+建物)+車位,五層/七層,3房2廳2衛,53.6,2952,61.9,-1.3,2025-02-27,坡道平面,預售屋、或土地及建物分件登記案件；
高鐵特區,114S3,2023-10-07,光明六路東二段,RPQPMLLJMHKGFBJ18DA,光明六路東二段６８１號,新竹縣竹北市光明六路東二段６８１號三樓,住宅大樓(11層含以上有電梯),房地(土地+建物)+車位,三層/十五層,3房2廳2衛,47.4,2662,63.9,-1.5,2025-04-28,坡道平面,預售屋、或土地及建物分件登記案件；
高鐵特區,114S3,2023-10-08,光明六路東二段,RPQSMLMJMHKGFBJ58DA,光明六路東二段６６９號,新竹縣竹北市光明六路東二段６６９號九樓,住宅大樓(11層含以上有電梯),房地(土地+建物)+車位,九層/十五層,3房2廳2衛,42.9,2396,63.8,-1.5,2025-04-28,坡道平面,預售屋、或土地及建物分件登記案件；
高鐵特區,114S3,2023-10-10,光明六路東二段,RPPRMLLKMHKGFBJ38DA,光明六路東二段６６９號,新竹縣竹北市光明六路東二段６６９號七樓,住宅大樓(11層含以上有電梯),房地(土地+建物)+車位,七層/十五層,3房2廳2衛,43.3,2373,63.4,-1.5,2025-04-28,坡道平面,預售屋、或土地及建物分件登記案件；
高鐵特區,114S1,2023-10-11,十興路一段,RPRNMLOLKHKGFBJ38DA,十興路一段３９８號,新竹縣竹北市十興路一段３９８號,住宅大樓(11層含以上有電梯),房地(土地+建物)+車位,一層/二十層,0房0廳0衛,69.4,4137,81.0,-1.1,2024-11-25,坡道平面,預售屋、或土地及建物分件登記案件；
高鐵特區,115S3,2023-10-15,高鐵七路,RPRNMLKKPHLGFBJ48DA,高鐵七路５號,新竹縣竹北市高鐵七路５號,住宅大樓(11層含以上有電梯),房地(土地+建物)+車位,一層，見其他登記事項/二十一層,0房0廳0衛,96.4,6514,78.3,-2.7,2026-06-08,坡道平面,預售屋、或土地及建物分件登記案件；
高鐵特區,114S3,2023-10-20,光明六路東二段,RPORMLLKMHKGFBJ28DA,光明六路東二段６６９號,新竹縣竹北市光明六路東二段６６９號六樓,住宅大樓(11層含以上有電梯),房地(土地+建物)+車位,六層/十五層,3房2廳2衛,43.3,2372,63.2,-1.5,2025-04-28,坡道平面,預售屋、或土地及建物分件登記案件；
高鐵特區,114S4,2023-10-20,六家一路一段,RPPOMLMLRHKGFBJ78DA,六家一路一段２５７號,新竹縣竹北市六家一路一段２５７號四樓,住宅大樓(11層含以上有電梯),房地(土地+建物)+車位,四層/十七層,0房0廳0衛,64.7,3838,68.4,-1.8,2025-08-19,坡道平面,毛胚屋；預售屋、或土地及建物分件登記案件；
高鐵特區,114S3,2023-10-21,光明六路東二段,RPSRMLKMLHKGFBJ68DA,光明六路東二段６９９號,新竹縣竹北市光明六路東二段６９９號七樓,住宅大樓(11層含以上有電梯),房地(土地+建物)+車位,七層/十五層,4房2廳2衛,67.6,3600,64.0,-1.5,2025-04-28,坡道平面,預售屋、或土地及建物分件登記案件；
高鐵特區,115S1,2023-10-21,莊敬三路,RPQOMLLLJIKGFBJ08DA,莊敬三路３６０號,新竹縣竹北市莊敬三路３６０號四樓,住宅大樓(11層含以上有電梯),房地(土地+建物)+車位,四層/十九層,4房2廳2衛,88.2,4600,59.3,-2.0,2025-10-08,坡道平面,預售屋、或土地及建物分件登記案件；
高鐵特區,114S4,2023-10-23,六家一路一段,RPXPMLMLRHKGFBJ07DA,六家一路一段２５３號,新竹縣竹北市六家一路一段２５３號十一樓,住宅大樓(11層含以上有電梯),房地(土地+建物)+車位,十一層/十七層,3房2廳2衛,55.2,3542,76.3,-1.8,2025-08-19,坡道平面,預售屋、或土地及建物分件登記案件；
高鐵特區,114S3,2023-10-24,光明六路東二段,RPTSMLMJMHKGFBJ88DA,光明六路東二段６６９號,新竹縣竹北市光明六路東二段６６９號十二樓,住宅大樓(11層含以上有電梯),房地(土地+建物)+車位,十二層/十五層,3房2廳2衛,42.9,2416,64.5,-1.5,2025-04-28,坡道平面,預售屋、或土地及建物分件登記案件；
高鐵特區,114S3,2023-10-25,光明六路東二段,RPTRMLMJMHKGFBJ78DA,光明六路東二段６６９號,新竹縣竹北市光明六路東二段６６９號四樓,住宅大樓(11層含以上有電梯),房地(土地+建物)+車位,四層/十五層,3房2廳2衛,42.9,2319,62.1,-1.5,2025-04-28,坡道平面,預售屋、或土地及建物分件登記案件；
高鐵特區,115S3,2023-10-25,光明六路東二段,RPROMLOLOHLGFBJ98DA,光明六路東二段３２０號,新竹縣竹北市光明六路東二段３２０號二十二樓,住宅大樓(11層含以上有電梯),房地(土地+建物)+車位,二十二層/二十二層,3房2廳2衛,58.3,3920,82.8,-2.6,2026-05-19,坡道平面,預售屋、或土地及建物分件登記案件；
高鐵特區,114S3,2023-10-27,光明六路東二段,RPSRMLMJMHKGFBJ68DA,光明六路東二段６６９號,新竹縣竹北市光明六路東二段６６９號三樓,住宅大樓(11層含以上有電梯),房地(土地+建物)+車位,三層/十五層,3房2廳2衛,43.3,2340,62.3,-1.5,2025-04-28,坡道平面,預售屋、或土地及建物分件登記案件；
高鐵特區,114S3,2023-10-28,光明六路東二段,RPTPMLMJMHKGFBJ58DA,光明六路東二段６６５號,新竹縣竹北市光明六路東二段６６５號十五樓,住宅大樓(11層含以上有電梯),房地(土地+建物)+車位,十五層/十五層,3房2廳2衛,42.6,2440,65.8,-1.5,2025-04-28,坡道平面,預售屋、或土地及建物分件登記案件；
高鐵特區,114S3,2023-10-29,光明六路東二段,RPQOMLMJMHKGFBJ18DA,光明六路東二段６６５號,新竹縣竹北市光明六路東二段６６５號三樓,住宅大樓(11層含以上有電梯),房地(土地+建物)+車位,三層/十五層,3房2廳2衛,43.0,2352,63.4,-1.5,2025-04-28,坡道平面,預售屋、或土地及建物分件登記案件；
高鐵特區,114S1,2023-10-30,十興路一段,RPVNMLKKJHKGFBJ18DA,十興路一段３９２號,新竹縣竹北市十興路一段３９２號五樓,住宅大樓(11層含以上有電梯),房地(土地+建物)+車位,五層/二十層,4房2廳3衛,95.0,4705,60.0,-1.1,2024-11-25,坡道平面,預售屋、或土地及建物分件登記案件；
高鐵特區,114S3,2023-11-04,光明六路東二段,RPPSMLMJMHKGFBJ48DA,光明六路東二段６６９號,新竹縣竹北市光明六路東二段６６９號八樓,住宅大樓(11層含以上有電梯),房地(土地+建物)+車位,八層/十五層,3房2廳2衛,43.3,2418,64.5,-1.4,2025-04-28,坡道平面,預售屋、或土地及建物分件登記案件；
高鐵特區,114S3,2023-11-04,光明六路東二段,RPRSMLMJMHKGFBJ68DA,光明六路東二段６６９號,新竹縣竹北市光明六路東二段６６９號十樓,住宅大樓(11層含以上有電梯),房地(土地+建物)+車位,十層/十五層,3房2廳2衛,43.3,2428,64.3,-1.4,2025-04-28,坡道平面,預售屋、或土地及建物分件登記案件；
高鐵特區,114S3,2023-11-04,光明六路東二段,RPRRMLMJMHKGFBJ58DA,光明六路東二段６６９號,新竹縣竹北市光明六路東二段６６９號二樓,住宅大樓(11層含以上有電梯),房地(土地+建物)+車位,二層/十五層,3房2廳2衛,42.9,2342,62.1,-1.4,2025-04-28,坡道平面,預售屋、或土地及建物分件登記案件；
高鐵特區,114S3,2023-11-09,光明六路東二段,RPRTMLSLLHKGFBJ86DA,光明六路東二段６９１號,新竹縣竹北市光明六路東二段６９１號三樓,住宅大樓(11層含以上有電梯),房地(土地+建物)+車位,三層/十五層,3房2廳2衛,43.3,2381,64.0,-1.4,2025-04-28,坡道平面,預售屋、或土地及建物分件登記案件；
高鐵特區,114S3,2023-11-09,光明六路東二段,RPPOMLMJMHKGFBJ08DA,光明六路東二段６６５號,新竹縣竹北市光明六路東二段６６５號二樓,住宅大樓(11層含以上有電梯),房地(土地+建物)+車位,二層/十五層,3房2廳2衛,43.0,2373,63.8,-1.4,2025-04-28,坡道平面,預售屋、或土地及建物分件登記案件；
高鐵特區,115S3,2023-11-11,光明六路東二段,RPSUMLRLMHLGFBJ17DA,光明六路東二段３１８號,新竹縣竹北市光明六路東二段３１８號九樓,住宅大樓(11層含以上有電梯),房地(土地+建物)+車位,九層/二十二層,3房2廳2衛,55.4,3890,77.8,-2.5,2026-05-19,坡道平面,預售屋、或土地及建物分件登記案件；
高鐵特區,114S3,2023-11-12,光明六路東二段,RPPNMLTLLHKGFBJ78DA,光明六路東二段６８７號,新竹縣竹北市光明六路東二段６８７號二樓,住宅大樓(11層含以上有電梯),房地(土地+建物)+車位,二層/十五層,2房1廳2衛,39.4,2227,65.8,-1.4,2025-04-28,坡道平面,預售屋、或土地及建物分件登記案件；
高鐵特區,115S3,2023-11-15,高鐵八路,RPVNMLTLOHLGFBJ17DA,高鐵八路３２６號,新竹縣竹北市高鐵八路３２６號四樓,華廈(10層含以下有電梯),房地(土地+建物)+車位,四層/七層,3房2廳2衛,71.5,3288,66.2,-2.1,2025-12-31,坡道平面,預售屋、或土地及建物分件登記案件；
高鐵特區,114S3,2023-11-16,光明六路東二段,RPWSMLMJMHKGFBJ56DA,光明六路東二段６６９號,新竹縣竹北市光明六路東二段６６９號十五樓,住宅大樓(11層含以上有電梯),房地(土地+建物)+車位,十五層/十五層,3房2廳2衛,42.9,2423,64.7,-1.4,2025-04-28,坡道平面,預售屋、或土地及建物分件登記案件；
高鐵特區,114S1,2023-11-18,嘉豐南路二段,RPUQMLSJQHJGFBJ07DA,嘉豐南路二段３３號,新竹縣竹北市嘉豐南路二段３３號六樓,華廈(10層含以下有電梯),房地(土地+建物)+車位,六層/十層,4房2廳2衛,67.9,3951,77.8,-0.9,2024-10-04,坡道平面,預售屋、或土地及建物分件登記案件；
高鐵特區,114S3,2023-11-18,光明六路東二段,RPTNMLLMLHKGFBJ48DA,光明六路東二段６９９號,新竹縣竹北市光明六路東二段６９９號十一樓,住宅大樓(11層含以上有電梯),房地(土地+建物)+車位,十一層/十五層,4房2廳2衛,67.6,3597,64.3,-1.4,2025-04-28,坡道平面,預售屋、或土地及建物分件登記案件；
高鐵特區,113S3,2023-11-19,光明六路東二段,RPPNMLQJQHJGFBJ78EA,光明六路東二段６３７號,新竹縣竹北市光明六路東二段６３７號二樓之三,住宅大樓(11層含以上有電梯),房地(土地+建物)+車位,二層/十五層,2房2廳2衛,37.8,1898,50.2,-0.1,2023-12-15,坡道平面,
高鐵特區,114S4,2023-11-23,光明六路東二段,RPXOMLLKMHKGFBJ88DA,光明六路東二段６９９號,新竹縣竹北市光明六路東二段６９９號六樓,住宅大樓(11層含以上有電梯),房地(土地+建物)+車位,六層/十五層,4房2廳2衛,58.1,3359,63.6,-1.4,2025-04-28,坡道平面,預售屋、或土地及建物分件登記案件；
高鐵特區,114S3,2023-11-26,光明六路東二段,RPVOMLRJMHKGFBJ56DA,光明六路東二段６５９號,新竹縣竹北市光明六路東二段６５９號三樓,住宅大樓(11層含以上有電梯),房地(土地+建物)+車位,三層/十五層,4房2廳2衛,55.6,3138,62.7,-1.4,2025-04-28,坡道平面,預售屋、或土地及建物分件登記案件；
高鐵特區,114S4,2023-11-26,光明六路東二段,RPWOMLLKMHKGFBJ78DA,光明六路東二段６９９號,新竹縣竹北市光明六路東二段６９９號五樓,住宅大樓(11層含以上有電梯),房地(土地+建物)+車位,五層/十五層,4房2廳2衛,58.5,3349,63.5,-1.4,2025-04-28,坡道平面,預售屋、或土地及建物分件登記案件；
高鐵特區,115S3,2023-11-27,光明六路東二段,RPRVMLRLMHLGFBJ17DA,光明六路東二段３０８號,新竹縣竹北市光明六路東二段３０８號十樓,住宅大樓(11層含以上有電梯),房地(土地+建物)+車位,十層/二十二層,3房2廳2衛,48.0,3300,77.3,-2.5,2026-05-19,坡道平面,預售屋、或土地及建物分件登記案件；
高鐵特區,115S2,2023-11-28,高鐵八路,RPWNMLKMMHLGFBJ88DA,高鐵八路３２８號,新竹縣竹北市高鐵八路３２８號六樓,華廈(10層含以下有電梯),房地(土地+建物)+車位,六層/七層,3房2廳2衛,80.4,3985,67.8,-2.1,2025-12-31,坡道平面,預售屋、或土地及建物分件登記案件；
高鐵特區,115S3,2023-12-01,光明六路東二段,RPVTMLRLMHLGFBJ37DA,光明六路東二段３１６號,新竹縣竹北市光明六路東二段３１６號二十二樓,住宅大樓(11層含以上有電梯),房地(土地+建物)+車位,二十二層/二十二層,3房2廳2衛,55.6,3998,80.1,-2.4,2026-05-19,坡道平面,預售屋、或土地及建物分件登記案件；
高鐵特區,114S3,2023-12-03,光明六路東二段,RPSSMLSLLHKGFBJ86DA,光明六路東二段６８９號,新竹縣竹北市光明六路東二段６８９號八樓,住宅大樓(11層含以上有電梯),房地(土地+建物)+車位,八層/十五層,4房2廳2衛,58.5,3323,63.0,-1.3,2025-04-28,坡道平面,預售屋、或土地及建物分件登記案件；
高鐵特區,114S4,2023-12-03,光明六路東二段,RPUNMLLMLHKGFBJ58DA,光明六路東二段６９９號,新竹縣竹北市光明六路東二段６９９號十二樓,住宅大樓(11層含以上有電梯),房地(土地+建物)+車位,十二層/十五層,4房2廳2衛,58.5,3398,64.5,-1.3,2025-04-28,坡道平面,預售屋、或土地及建物分件登記案件；
高鐵特區,115S3,2023-12-05,光明六路東二段,RPWQMLRLMHLGFBJ17DA,光明六路東二段３１２號,新竹縣竹北市光明六路東二段３１２號八樓,住宅大樓(11層含以上有電梯),房地(土地+建物)+車位,八層/二十二層,3房2廳2衛,50.0,3470,77.8,-2.4,2026-05-19,坡道平面,預售屋、或土地及建物分件登記案件；
高鐵特區,113S4,2023-12-07,十興路二段,RPTNMLRLJIJGFBJ78DA,十興路二段１１２號,新竹縣竹北市十興路二段１１２號九樓,住宅大樓(11層含以上有電梯),房地(土地+建物)+車位,九層/十四層,3房2廳2衛,47.9,2510,52.4,4.2,2019-09-29,坡道平面,其他增建；
高鐵特區,114S3,2023-12-08,光明六路東二段,RPVNMLLMLHKGFBJ68DA,光明六路東二段６９９號,新竹縣竹北市光明六路東二段６９９號十三樓,住宅大樓(11層含以上有電梯),房地(土地+建物)+車位,十三層/十五層,4房2廳2衛,58.5,3413,64.8,-1.3,2025-04-28,坡道平面,預售屋、或土地及建物分件登記案件；
高鐵特區,114S4,2023-12-08,光明六路東二段,RPTRMLKMLHKGFBJ78DA,光明六路東二段６９９號,新竹縣竹北市光明六路東二段６９９號八樓,住宅大樓(11層含以上有電梯),房地(土地+建物)+車位,八層/十五層,4房2廳2衛,58.5,3385,64.0,-1.3,2025-04-28,坡道平面,預售屋、或土地及建物分件登記案件；
高鐵特區,115S2,2023-12-08,高鐵八路,RPROMLMLNHLGFBJ68DA,高鐵八路３２６號,新竹縣竹北市高鐵八路３２６號二樓,華廈(10層含以下有電梯),房地(土地+建物)+車位,二層/七層,3房2廳2衛,58.5,3058,63.7,-2.0,2025-12-31,坡道平面,預售屋、或土地及建物分件登記案件；
高鐵特區,114S3,2023-12-16,光明六路東二段,RPQPMLLKMHKGFBJ28DA,光明六路東二段６９９號,新竹縣竹北市光明六路東二段６９９號十四樓,住宅大樓(11層含以上有電梯),房地(土地+建物)+車位,十四層/十五層,4房2廳2衛,67.6,3670,65.4,-1.3,2025-04-28,坡道平面,預售屋、或土地及建物分件登記案件；
高鐵特區,115S2,2023-12-19,高鐵八路,RPSNMLNLMHLGFBJ68DA,高鐵八路３２８號,新竹縣竹北市高鐵八路３２８號三樓,華廈(10層含以下有電梯),房地(土地+建物)+車位,三層/七層,3房2廳2衛,65.2,3700,67.8,-2.0,2025-12-31,坡道平面,預售屋、或土地及建物分件登記案件；
高鐵特區,114S3,2023-12-20,光明六路東二段,RPUSMLSLLHKGFBJ07DA,光明六路東二段６８９號,新竹縣竹北市光明六路東二段６８９號十樓,住宅大樓(11層含以上有電梯),房地(土地+建物)+車位,十層/十五層,4房2廳2衛,67.2,3564,63.4,-1.3,2025-04-28,坡道平面,預售屋、或土地及建物分件登記案件；
高鐵特區,114S1,2023-12-22,嘉豐南路二段,RPOQMLSJQHJGFBJ09DA,嘉豐南路二段３７號,新竹縣竹北市嘉豐南路二段３７號,華廈(10層含以下有電梯),房地(土地+建物)+車位,一層，見其他登記事項/十層,0房0廳0衛,66.6,4414,91.6,-0.8,2024-10-04,坡道平面,夾層；預售屋、或土地及建物分件登記案件；
高鐵特區,114S3,2023-12-22,嘉豐二街一段,RPVPMLMJPHKGFBJ09DA,嘉豐二街一段１００巷１７號,新竹縣竹北市嘉豐二街一段１００巷１７號四樓,華廈(10層含以下有電梯),房地(土地+建物)+車位,四層/五層,2房2廳2衛,31.9,1947,62.5,-1.1,2025-01-22,升降機械,預售屋、或土地及建物分件登記案件；
高鐵特區,114S2,2023-12-23,十興路一段,RPVNMLQJKHKGFBJ78DA,十興路一段３９２號,新竹縣竹北市十興路一段３９２號四樓,住宅大樓(11層含以上有電梯),房地(土地+建物)+車位,四層/二十層,4房2廳3衛,100.3,4720,58.5,-0.9,2024-11-25,坡道平面,
高鐵特區,114S3,2023-12-23,光明六路東二段,RPVRMLKMLHKGFBJ98DA,光明六路東二段６９９號,新竹縣竹北市光明六路東二段６９９號十樓,住宅大樓(11層含以上有電梯),房地(土地+建物)+車位,十層/十五層,4房2廳2衛,67.6,3658,65.0,-1.3,2025-04-28,坡道平面,預售屋、或土地及建物分件登記案件；
高鐵特區,114S2,2023-12-24,高鐵二路,RPPNMLNJOHKGFBJ28DA,高鐵二路１９６號,新竹縣竹北市高鐵二路１９６號四樓,華廈(10層含以下有電梯),房地(土地+建物)+車位,四層/六層,3房2廳2衛,50.2,2952,64.2,-1.1,2025-01-24,一樓平面,預售屋、或土地及建物分件登記案件；
高鐵特區,114S2,2023-12-24,高鐵二路,RPQNMLNJOHKGFBJ38DA,高鐵二路１９２號,新竹縣竹北市高鐵二路１９２號四樓,華廈(10層含以下有電梯),房地(土地+建物)+車位,四層/六層,3房2廳2衛,50.3,2948,64.0,-1.1,2025-01-24,一樓平面,預售屋、或土地及建物分件登記案件；
高鐵特區,114S1,2023-12-27,十興路一段,RPTNMLKKJHKGFBJ97DA,十興路一段３９２號,新竹縣竹北市十興路一段３９２號二樓,住宅大樓(11層含以上有電梯),房地(土地+建物)+車位,二層/二十層,4房2廳3衛,95.3,4900,61.2,-0.9,2024-11-25,坡道平面,
高鐵特區,114S2,2023-12-30,高鐵二路,RPPNMLOJNHKGFBJ28DA,高鐵二路１９２號,新竹縣竹北市高鐵二路１９２號二樓,華廈(10層含以下有電梯),房地(土地+建物)+車位,二層/六層,3房2廳2衛,50.3,2940,63.4,-1.1,2025-01-24,一樓平面,預售屋、或土地及建物分件登記案件；
高鐵特區,114S3,2023-12-30,光明六路東二段,RPUOMLLJMHKGFBJ48DA,光明六路東二段６７９號,新竹縣竹北市光明六路東二段６７９號十二樓,住宅大樓(11層含以上有電梯),房地(土地+建物)+車位,十二層/十五層,4房2廳2衛,58.0,3353,64.1,-1.3,2025-04-28,坡道平面,預售屋、或土地及建物分件登記案件；
高鐵特區,114S1,2023-12-31,嘉豐南路二段,RPXOMLTKPHJGFBJ27DA,嘉豐南路二段２３號,新竹縣竹北市嘉豐南路二段２３號,華廈(10層含以下有電梯),房地(土地+建物)+車位,一層，見其他登記事項/十層,0房0廳0衛,47.4,3515,92.7,-0.8,2024-10-04,坡道平面,夾層；預售屋、或土地及建物分件登記案件；
高鐵特區,114S2,2024-01-02,六家五路二段,RPTOMLPLMHKGFBJ98DA,六家五路二段１２１號,新竹縣竹北市六家五路二段１２１號三樓,華廈(10層含以下有電梯),房地(土地+建物)+車位,三層/五層,2房1廳1衛,25.2,1700,72.1,-1.0,2025-01-22,升降機械,預售屋、或土地及建物分件登記案件；
高鐵特區,114S2,2024-01-05,六家五路二段,RPUNMLPLMHKGFBJ98DA,六家五路二段１２１號,新竹縣竹北市六家五路二段１２１號二樓,華廈(10層含以下有電梯),房地(土地+建物)+車位,二層/五層,2房1廳1衛,25.2,1700,72.1,-1.0,2025-01-22,升降機械,預售屋、或土地及建物分件登記案件；
高鐵特區,114S2,2024-01-05,六家五路二段,RPOOMLPLMHKGFBJ48DA,六家五路二段１２３號,新竹縣竹北市六家五路二段１２３號三樓,華廈(10層含以下有電梯),房地(土地+建物)+車位,三層/五層,2房1廳1衛,25.7,1680,69.7,-1.0,2025-01-22,升降機械,預售屋、或土地及建物分件登記案件；
高鐵特區,114S3,2024-01-06,光明六路東二段,RPTSMLSLLHKGFBJ96DA,光明六路東二段６８９號,新竹縣竹北市光明六路東二段６８９號九樓,住宅大樓(11層含以上有電梯),房地(土地+建物)+車位,九層/十五層,4房2廳2衛,67.6,3526,63.2,-1.2,2025-04-28,坡道平面,預售屋、或土地及建物分件登記案件；
高鐵特區,114S2,2024-01-07,六家五路二段,RPQOMLPLMHKGFBJ68DA,六家五路二段１２３號,新竹縣竹北市六家五路二段１２３號四樓,華廈(10層含以下有電梯),房地(土地+建物)+車位,四層/五層,2房1廳1衛,25.7,1680,69.7,-1.0,2025-01-22,升降機械,預售屋、或土地及建物分件登記案件；
高鐵特區,114S3,2024-01-08,六家五路二段,RPPOMLPLMHKGFBJ58DA,六家五路二段１２１號,新竹縣竹北市六家五路二段１２１號四樓,華廈(10層含以下有電梯),房地(土地+建物)+車位,四層/五層,2房1廳1衛,25.2,1700,72.1,-1.0,2025-01-22,升降機械,
高鐵特區,114S3,2024-01-13,光明六路東二段,RPVOMLLKMHKGFBJ68DA,光明六路東二段６９９號,新竹縣竹北市光明六路東二段６９９號四樓,住宅大樓(11層含以上有電梯),房地(土地+建物)+車位,四層/十五層,4房2廳2衛,67.6,3552,63.0,-1.2,2025-04-28,坡道平面,預售屋、或土地及建物分件登記案件；
高鐵特區,114S3,2024-01-13,光明六路東二段,RPRPMLKMLHKGFBJ38DA,光明六路東二段７０５號,新竹縣竹北市光明六路東二段７０５號,住宅大樓(11層含以上有電梯),房地(土地+建物)+車位,一層，二層/十五層,0房0廳2衛,68.4,4177,66.8,-1.2,2025-04-28,坡道平面,預售屋、或土地及建物分件登記案件；
高鐵特區,114S4,2024-01-13,光明六路東二段,RPOOMLLJMHKGFBJ87DA,光明六路東二段６７９號,新竹縣竹北市光明六路東二段６７９號六樓,住宅大樓(11層含以上有電梯),房地(土地+建物)+車位,六層/十五層,4房2廳2衛,66.8,3518,63.2,-1.2,2025-04-28,坡道平面,預售屋、或土地及建物分件登記案件；
高鐵特區,114S3,2024-01-14,光明六路東二段,RPWSMLSLLHKGFBJ27DA,光明六路東二段６８９號,新竹縣竹北市光明六路東二段６８９號十一樓,住宅大樓(11層含以上有電梯),房地(土地+建物)+車位,十一層/十五層,4房2廳2衛,58.5,3358,63.5,-1.2,2025-04-28,坡道平面,預售屋、或土地及建物分件登記案件；
高鐵特區,113S3,2024-01-17,隘口七街,RPSOMLKMPHJGFBJ68DA,隘口七街１０號,新竹縣竹北市隘口七街１０號三樓,住宅大樓(11層含以上有電梯),房地(土地+建物)+車位,三層/十二層,1房1廳1衛,31.2,690,22.1,4.2,2019-10-04,坡道平面,親友、員工、共有人或其他特殊關係間之交易；
高鐵特區,115S3,2024-01-17,光明六路東二段,RPRNMLPJOHLGFBJ78DA,光明六路東二段３１２號,新竹縣竹北市光明六路東二段３１２號十八樓,住宅大樓(11層含以上有電梯),房地(土地+建物)+車位,十八層/二十二層,3房2廳2衛,58.7,3900,82.4,-2.3,2026-05-19,坡道平面,預售屋、或土地及建物分件登記案件；
高鐵特區,114S4,2024-01-18,六家一路一段,RPSPMLMLRHKGFBJ56DA,六家一路一段２５３號,新竹縣竹北市六家一路一段２５３號二樓,住宅大樓(11層含以上有電梯),房地(土地+建物)+車位,二層/十七層,3房2廳2衛,55.2,3398,73.0,-1.6,2025-08-19,坡道平面,預售屋、或土地及建物分件登記案件；
高鐵特區,114S3,2024-01-19,嘉豐二街一段,RPXNMLNJPHKGFBJ56DA,嘉豐二街一段１００巷１９號,新竹縣竹北市嘉豐二街一段１００巷１９號四樓,華廈(10層含以下有電梯),房地(土地+建物)+車位,四層/五層,2房2廳2衛,36.8,2351,65.2,-1.0,2025-01-22,升降機械,預售屋、或土地及建物分件登記案件；
高鐵特區,114S3,2024-01-20,光明六路東二段,RPOTMLSLLHKGFBJ56DA,光明六路東二段６８９號,新竹縣竹北市光明六路東二段６８９號十三樓,住宅大樓(11層含以上有電梯),房地(土地+建物)+車位,十三層/十五層,4房2廳2衛,67.6,3560,63.9,-1.2,2025-04-28,坡道平面,預售屋、或土地及建物分件登記案件；
高鐵特區,114S3,2024-01-20,光明六路東二段,RPTOMLLJMHKGFBJ38DA,光明六路東二段６７９號,新竹縣竹北市光明六路東二段６７９號十一樓,住宅大樓(11層含以上有電梯),房地(土地+建物)+車位,十一層/十五層,4房2廳2衛,58.0,3350,64.1,-1.2,2025-04-28,坡道平面,預售屋、或土地及建物分件登記案件；
高鐵特區,115S2,2024-01-22,高鐵八路,RPUNMLNLMHLGFBJ88DA,高鐵八路３２８號,新竹縣竹北市高鐵八路３２８號五樓,華廈(10層含以下有電梯),房地(土地+建物)+車位,五層/七層,3房2廳2衛,66.7,3876,69.2,-1.9,2025-12-31,坡道平面,預售屋、或土地及建物分件登記案件；
高鐵特區,114S4,2024-01-25,六家一路一段,RPQPMLMLRHKGFBJ98DA,六家一路一段２５５號,新竹縣竹北市六家一路一段２５５號十五樓,住宅大樓(11層含以上有電梯),房地(土地+建物)+車位,十五層/十七層,0房0廳0衛,64.7,3993,70.2,-1.6,2025-08-19,坡道平面,毛胚屋；預售屋、或土地及建物分件登記案件；
高鐵特區,114S4,2024-01-26,六家一路一段,RPPQMLMLRHKGFBJ98DA,六家一路一段２５３號,新竹縣竹北市六家一路一段２５３號十四樓,住宅大樓(11層含以上有電梯),房地(土地+建物)+車位,十四層/十七層,3房2廳2衛,55.2,3611,77.4,-1.6,2025-08-19,坡道平面,預售屋、或土地及建物分件登記案件；
高鐵特區,114S3,2024-01-27,光明六路東二段,RPPOMLLJMHKGFBJ97DA,光明六路東二段６７９號,新竹縣竹北市光明六路東二段６７９號七樓,住宅大樓(11層含以上有電梯),房地(土地+建物)+車位,七層/十五層,4房2廳2衛,58.0,3313,63.4,-1.2,2025-04-28,坡道平面,預售屋、或土地及建物分件登記案件；
高鐵特區,114S1,2024-01-28,嘉豐南路二段,RPPQMLSJQHJGFBJ56DA,嘉豐南路二段２７號,新竹縣竹北市嘉豐南路二段２７號,華廈(10層含以下有電梯),房地(土地+建物)+車位,一層，見其他登記事項/十層,0房0廳0衛,55.6,3440,92.7,-0.8,2024-10-04,坡道平面,夾層；預售屋、或土地及建物分件登記案件；
高鐵特區,114S4,2024-01-28,光明六路東二段,RPOOMLLKMHKGFBJ97DA,光明六路東二段６８９號,新竹縣竹北市光明六路東二段６８９號十四樓,住宅大樓(11層含以上有電梯),房地(土地+建物)+車位,十四層/十五層,4房2廳2衛,58.5,3380,64.2,-1.2,2025-04-28,坡道平面,預售屋、或土地及建物分件登記案件；
高鐵特區,114S4,2024-01-29,六家一路一段,RPXQMLMLRHKGFBJ17DA,六家一路一段２５９號,新竹縣竹北市六家一路一段２５９號十一樓,住宅大樓(11層含以上有電梯),房地(土地+建物)+車位,十一層/十七層,3房2廳2衛,55.2,3542,76.3,-1.6,2025-08-19,坡道平面,預售屋、或土地及建物分件登記案件；
高鐵特區,114S3,2024-02-04,光明六路東二段,RPROMLLJMHKGFBJ18DA,光明六路東二段６７９號,新竹縣竹北市光明六路東二段６７９號九樓,住宅大樓(11層含以上有電梯),房地(土地+建物)+車位,九層/十五層,4房2廳2衛,67.2,3558,63.9,-1.2,2025-04-28,坡道平面,預售屋、或土地及建物分件登記案件；
高鐵特區,114S3,2024-02-04,光明六路東二段,RPWOMLLJMHKGFBJ68DA,光明六路東二段６７９號,新竹縣竹北市光明六路東二段６７９號十四樓,住宅大樓(11層含以上有電梯),房地(土地+建物)+車位,十四層/十五層,4房2廳2衛,58.0,3380,64.6,-1.2,2025-04-28,坡道平面,預售屋、或土地及建物分件登記案件；
高鐵特區,115S3,2024-02-04,光明六路東二段,RPTVMLRLMHLGFBJ37DA,光明六路東二段３１８號,新竹縣竹北市光明六路東二段３１８號十六樓,住宅大樓(11層含以上有電梯),房地(土地+建物)+車位,十六層/二十二層,3房2廳2衛,55.4,3999,80.3,-2.2,2026-05-19,坡道平面,預售屋、或土地及建物分件登記案件；
高鐵特區,114S4,2024-02-06,六家一路一段,RPOOMLMLRHKGFBJ68DA,六家一路一段２５７號,新竹縣竹北市六家一路一段２５７號三樓,住宅大樓(11層含以上有電梯),房地(土地+建物)+車位,三層/十七層,0房0廳0衛,64.7,3880,68.9,-1.5,2025-08-19,坡道平面,毛胚屋；預售屋、或土地及建物分件登記案件；
高鐵特區,115S3,2024-02-06,光明六路東二段,RPOPMLRLMHLGFBJ88DA,光明六路東二段３１０號,新竹縣竹北市光明六路東二段３１０號七樓,住宅大樓(11層含以上有電梯),房地(土地+建物)+車位,七層/二十二層,3房2廳2衛,47.8,3300,77.6,-2.2,2026-05-19,坡道平面,預售屋、或土地及建物分件登記案件；
高鐵特區,114S3,2024-02-07,嘉豐二街一段,RPTPMLMJPHKGFBJ88DA,嘉豐二街一段１００巷１７號,新竹縣竹北市嘉豐二街一段１００巷１７號三樓,華廈(10層含以下有電梯),房地(土地+建物)+車位,三層/五層,2房2廳2衛,31.9,1980,63.6,-0.9,2025-01-22,升降機械,預售屋、或土地及建物分件登記案件；
高鐵特區,114S4,2024-02-07,光明六路東二段,RPQOMLTLLHKGFBJ98DA,光明六路東二段７０７號,新竹縣竹北市光明六路東二段７０７號,住宅大樓(11層含以上有電梯),房地(土地+建物),一層，二層/十五層,0房0廳2衛,44.9,2930,65.2,-1.2,2025-04-28,,預售屋、或土地及建物分件登記案件；
高鐵特區,113S3,2024-02-08,十興路,RPUOMLTLLHJGFBJ66DA,十興路３０５巷１３弄９１號,新竹縣竹北市十興路３０５巷１３弄９１號四樓之二,住宅大樓(11層含以上有電梯),房地(土地+建物)+車位,四層/十四層,3房2廳2衛,49.8,2230,44.7,4.9,2019-03-20,坡道平面,
高鐵特區,114S3,2024-02-08,光明六路東二段,RPQSMLSLLHKGFBJ66DA,光明六路東二段６８９號,新竹縣竹北市光明六路東二段６８９號六樓,住宅大樓(11層含以上有電梯),房地(土地+建物)+車位,六層/十五層,4房2廳2衛,58.5,3319,62.7,-1.2,2025-04-28,坡道平面,預售屋、或土地及建物分件登記案件；
高鐵特區,114S3,2024-02-08,光明六路東二段,RPSOMLLJMHKGFBJ28DA,光明六路東二段６７９號,新竹縣竹北市光明六路東二段６７９號十樓,住宅大樓(11層含以上有電梯),房地(土地+建物)+車位,十層/十五層,4房2廳2衛,58.0,3338,64.0,-1.2,2025-04-28,坡道平面,預售屋、或土地及建物分件登記案件；
高鐵特區,114S3,2024-02-16,光明六路東二段,RPRSMLSLLHKGFBJ76DA,光明六路東二段６８９號,新竹縣竹北市光明六路東二段６８９號七樓,住宅大樓(11層含以上有電梯),房地(土地+建物)+車位,七層/十五層,4房2廳2衛,58.5,3340,63.4,-1.2,2025-04-28,坡道平面,預售屋、或土地及建物分件登記案件；
高鐵特區,113S3,2024-02-17,十興路二段,RPPNMLSLOHJGFBJ98EA,十興路二段１３８號,新竹縣竹北市十興路二段１３８號十三樓,住宅大樓(11層含以上有電梯),房地(土地+建物)+車位,十三層/十四層,2房2廳2衛,34.1,1720,50.5,4.4,2019-09-29,坡道平面,
高鐵特區,115S1,2024-02-17,光明六路東二段,RPQTMLSLLHKGFBJ76DA,光明六路東二段６８９號,新竹縣竹北市光明六路東二段６８９號十五樓,住宅大樓(11層含以上有電梯),房地(土地+建物)+車位,十五層/十五層,4房2廳2衛,68.0,3620,64.1,-1.2,2025-04-28,坡道平面,預售屋、或土地及建物分件登記案件；
高鐵特區,113S3,2024-02-18,光明六路東二段,RPQOMLNKOHJGFBJ48DA,光明六路東二段６３１號,新竹縣竹北市光明六路東二段６３１號十一樓之二,住宅大樓(11層含以上有電梯),房地(土地+建物)+車位,十一層/十三層,2房1廳1衛,33.6,1630,48.5,0.2,2023-12-15,坡道平面,
高鐵特區,114S2,2024-02-18,六家五路二段,RPSOMLPLMHKGFBJ88DA,六家五路二段１２３號,新竹縣竹北市六家五路二段１２３號二樓,華廈(10層含以下有電梯),房地(土地+建物)+車位,二層/五層,2房1廳1衛,25.7,1680,69.7,-0.9,2025-01-22,升降機械,預售屋、或土地及建物分件登記案件；
高鐵特區,114S4,2024-02-18,光明六路東二段,RPXNMLLJMHKGFBJ68DA,光明六路東二段６７９號,新竹縣竹北市光明六路東二段６７９號五樓,住宅大樓(11層含以上有電梯),房地(土地+建物)+車位,五層/十五層,4房2廳2衛,58.0,3298,63.0,-1.2,2025-04-28,坡道平面,預售屋、或土地及建物分件登記案件；
高鐵特區,114S4,2024-02-23,光明六路東二段,RPXOMLLJMHKGFBJ78DA,光明六路東二段６７９號,新竹縣竹北市光明六路東二段６７９號十五樓,住宅大樓(11層含以上有電梯),房地(土地+建物)+車位,十五層/十五層,4房2廳2衛,58.0,3380,64.6,-1.2,2025-04-28,坡道平面,預售屋、或土地及建物分件登記案件；
高鐵特區,114S4,2024-02-23,光明六路東二段,RPXNMLLJQHKGFBJ09DA,光明六路東二段６８９號,新竹縣竹北市光明六路東二段６８９號五樓,住宅大樓(11層含以上有電梯),房地(土地+建物)+車位,五層/十五層,4房2廳2衛,58.5,3293,62.6,-1.2,2025-04-28,坡道平面,預售屋、或土地及建物分件登記案件；
高鐵特區,114S3,2024-02-24,光明六路東二段,RPQOMLLJMHKGFBJ08DA,光明六路東二段６７９號,新竹縣竹北市光明六路東二段６７９號八樓,住宅大樓(11層含以上有電梯),房地(土地+建物)+車位,八層/十五層,4房2廳2衛,58.0,3340,63.8,-1.2,2025-04-28,坡道平面,預售屋、或土地及建物分件登記案件；
高鐵特區,114S4,2024-02-24,光明六路東二段,RPWRMLLKMHKGFBJ09DA,光明六路東二段６５３號,新竹縣竹北市光明六路東二段６５３號,住宅大樓(11層含以上有電梯),房地(土地+建物)+車位,一層，二層/十五層,0房0廳2衛,80.3,4758,64.1,-1.2,2025-04-28,坡道平面,預售屋、或土地及建物分件登記案件；
高鐵特區,114S3,2024-02-25,光明六路東二段,RPVOMLLJMHKGFBJ58DA,光明六路東二段６７９號,新竹縣竹北市光明六路東二段６７９號十三樓,住宅大樓(11層含以上有電梯),房地(土地+建物)+車位,十三層/十五層,4房2廳2衛,58.0,3368,64.6,-1.2,2025-04-28,坡道平面,預售屋、或土地及建物分件登記案件；
高鐵特區,115S3,2024-02-26,光明六路東二段,RPRPMLRLMHLGFBJ56DA,光明六路東二段３１０號,新竹縣竹北市光明六路東二段３１０號十一樓,住宅大樓(11層含以上有電梯),房地(土地+建物)+車位,十一層/二十二層,3房2廳2衛,48.0,3372,79.4,-2.2,2026-05-19,坡道平面,預售屋、或土地及建物分件登記案件；
高鐵特區,115S3,2024-02-26,光明六路東二段,RPTPMLRLMHLGFBJ76DA,光明六路東二段３１０號,新竹縣竹北市光明六路東二段３１０號十三樓,住宅大樓(11層含以上有電梯),房地(土地+建物)+車位,十三層/二十二層,3房2廳2衛,48.0,3380,79.6,-2.2,2026-05-19,坡道平面,預售屋、或土地及建物分件登記案件；
高鐵特區,114S4,2024-03-01,六家一路一段,RPTNMLOJJIKGFBJ38DA,六家一路一段２５５號,新竹縣竹北市六家一路一段２５５號九樓,住宅大樓(11層含以上有電梯),房地(土地+建物)+車位,九層/十七層,0房0廳0衛,64.7,3956,70.4,-1.4,2025-08-19,坡道平面,毛胚屋；預售屋、或土地及建物分件登記案件；
高鐵特區,114S3,2024-03-02,光明六路東二段,RPTNMLLKMHKGFBJ38DA,光明六路東二段６８９號,新竹縣竹北市光明六路東二段６８９號四樓,住宅大樓(11層含以上有電梯),房地(土地+建物)+車位,四層/十五層,4房2廳2衛,58.5,3290,61.9,-1.1,2025-04-28,坡道平面,預售屋、或土地及建物分件登記案件；
高鐵特區,114S3,2024-03-03,光明六路東二段,RPVNMLLJMHKGFBJ48DA,光明六路東二段６７９號,新竹縣竹北市光明六路東二段６７９號三樓,住宅大樓(11層含以上有電梯),房地(土地+建物)+車位,三層/十五層,4房2廳2衛,58.0,3238,61.8,-1.1,2025-04-28,坡道平面,預售屋、或土地及建物分件登記案件；
高鐵特區,114S2,2024-03-05,高鐵二路,RPPNMLSKMHKGFBJ68DA,高鐵二路１９６號,新竹縣竹北市高鐵二路１９６號五樓,華廈(10層含以下有電梯),房地(土地+建物)+車位,五層/六層,3房2廳2衛,50.3,3050,65.9,-0.8,2025-01-24,一樓平面,預售屋、或土地及建物分件登記案件；
高鐵特區,114S4,2024-03-05,光明六路東二段,RPWNMLLJMHKGFBJ58DA,光明六路東二段６７９號,新竹縣竹北市光明六路東二段６７９號四樓,住宅大樓(11層含以上有電梯),房地(土地+建物)+車位,四層/十五層,4房2廳2衛,58.0,3232,61.5,-1.1,2025-04-28,坡道平面,預售屋、或土地及建物分件登記案件；
高鐵特區,114S1,2024-03-07,十興路一段,RPUNMLKKJHKGFBJ08DA,十興路一段３９２號,新竹縣竹北市十興路一段３９２號三樓,住宅大樓(11層含以上有電梯),房地(土地+建物)+車位,三層/二十層,4房2廳3衛,95.0,4756,60.7,-0.7,2024-11-25,坡道平面,預售屋、或土地及建物分件登記案件；
高鐵特區,114S1,2024-03-08,嘉豐南路二段,RPRQMLSJQHJGFBJ76DA,嘉豐南路二段３５號,新竹縣竹北市嘉豐南路二段３５號九樓,華廈(10層含以下有電梯),房地(土地+建物)+車位,九層/十層,3房2廳2衛,62.9,3745,82.7,-0.6,2024-10-04,坡道平面,預售屋、或土地及建物分件登記案件；
高鐵特區,114S1,2024-03-09,嘉豐南路二段,RPWQMLSJQHJGFBJ27DA,嘉豐南路二段３１號,新竹縣竹北市嘉豐南路二段３１號七樓,華廈(10層含以下有電梯),房地(土地+建物)+車位,七層/十層,3房2廳2衛,63.1,3524,77.5,-0.6,2024-10-04,坡道平面,預售屋、或土地及建物分件登記案件；
高鐵特區,114S2,2024-03-10,高鐵九路,RPWNMLSKMHKGFBJ76DA,高鐵九路１６７號,新竹縣竹北市高鐵九路１６７號四樓,華廈(10層含以下有電梯),房地(土地+建物)+車位,四層/七層,3房2廳2衛,53.6,2986,62.2,-0.9,2025-02-27,坡道平面,預售屋、或土地及建物分件登記案件；
高鐵特區,115S3,2024-03-10,光明六路東二段,RPTSMLRLMHLGFBJ07DA,光明六路東二段３１６號,新竹縣竹北市光明六路東二段３１６號八樓,住宅大樓(11層含以上有電梯),房地(土地+建物)+車位,八層/二十二層,3房2廳2衛,55.4,3899,78.2,-2.2,2026-05-19,坡道平面,預售屋、或土地及建物分件登記案件；
高鐵特區,115S3,2024-03-11,光明六路東二段,RPTNMLPKPHLGFBJ56DA,光明六路東二段３１２號,新竹縣竹北市光明六路東二段３１２號六樓,住宅大樓(11層含以上有電梯),房地(土地+建物)+車位,六層/二十二層,3房2廳2衛,50.0,3480,78.3,-2.2,2026-05-19,坡道平面,預售屋、或土地及建物分件登記案件；
高鐵特區,115S3,2024-03-15,光明六路東二段,RPQNMLRLMHLGFBJ88DA,光明六路東二段３０８號,新竹縣竹北市光明六路東二段３０８號四樓,住宅大樓(11層含以上有電梯),房地(土地+建物)+車位,四層/二十二層,3房2廳2衛,48.0,3270,76.8,-2.2,2026-05-19,坡道平面,預售屋、或土地及建物分件登記案件；
高鐵特區,114S2,2024-03-21,高鐵九路,RPVOMLSKMHKGFBJ76DA,高鐵九路１６９號,新竹縣竹北市高鐵九路１６９號四樓,華廈(10層含以下有電梯),房地(土地+建物)+車位,四層/七層,3房2廳2衛,53.8,3010,62.1,-0.9,2025-02-27,一樓平面,預售屋、或土地及建物分件登記案件；
高鐵特區,115S3,2024-03-25,光明六路東二段,RPUQMLRLMHLGFBJ96DA,光明六路東二段３１２號,新竹縣竹北市光明六路東二段３１２號五樓,住宅大樓(11層含以上有電梯),房地(土地+建物)+車位,五層/二十二層,3房2廳2衛,50.0,3470,78.1,-2.2,2026-05-19,坡道平面,預售屋、或土地及建物分件登記案件；
高鐵特區,115S2,2024-03-26,高鐵八路,RPSOMLMLNHLGFBJ78DA,高鐵八路３２８號,新竹縣竹北市高鐵八路３２８號四樓,華廈(10層含以下有電梯),房地(土地+建物)+車位,四層/七層,3房2廳2衛,67.4,3850,68.1,-1.8,2025-12-31,坡道平面,預售屋、或土地及建物分件登記案件；
高鐵特區,115S3,2024-03-27,光明六路東二段,RPXPMLRLMHLGFBJ17DA,光明六路東二段３１０號,新竹縣竹北市光明六路東二段３１０號十七樓,住宅大樓(11層含以上有電梯),房地(土地+建物)+車位,十七層/二十二層,3房2廳2衛,48.0,3450,81.4,-2.2,2026-05-19,坡道平面,預售屋、或土地及建物分件登記案件；
高鐵特區,115S3,2024-03-31,光明六路東二段,RPUUMLRLMHLGFBJ37DA,光明六路東二段３１８號,新竹縣竹北市光明六路東二段３１８號十一樓,住宅大樓(11層含以上有電梯),房地(土地+建物)+車位,十一層/二十二層,3房2廳2衛,55.4,3998,80.1,-2.2,2026-05-19,坡道平面,預售屋、或土地及建物分件登記案件；
高鐵特區,113S3,2024-04-01,莊敬三路,RPPNMLRKOHJGFBJ78EA,莊敬三路４７號,新竹縣竹北市莊敬三路４７號六樓之八,住宅大樓(11層含以上有電梯),房地(土地+建物)+車位,六層/十四層,2房2廳2衛,29.1,1900,65.3,2.8,2021-07-16,升降機械,
高鐵特區,115S3,2024-04-01,光明六路東二段,RPTWMLRLMHLGFBJ47DA,光明六路東二段３２０號,新竹縣竹北市光明六路東二段３２０號八樓,住宅大樓(11層含以上有電梯),房地(土地+建物)+車位,八層/二十二層,3房2廳2衛,49.5,3400,76.9,-2.1,2026-05-19,坡道平面,預售屋、或土地及建物分件登記案件；
高鐵特區,115S3,2024-04-02,光明六路東二段,RPPNMLRLMHLGFBJ78DA,光明六路東二段３０８號,新竹縣竹北市光明六路東二段３０８號三樓,住宅大樓(11層含以上有電梯),房地(土地+建物)+車位,三層/二十二層,3房2廳2衛,48.6,3420,79.4,-2.1,2026-05-19,坡道平面,預售屋、或土地及建物分件登記案件；
高鐵特區,113S3,2024-04-03,光明六路東二段,RPPNMLOKOHJGFBJ48EA,光明六路東二段６２７號,新竹縣竹北市光明六路東二段６２７號八樓之一,住宅大樓(11層含以上有電梯),房地(土地+建物)+車位,八層/十五層,4房2廳2衛,53.6,3410,63.7,0.3,2023-12-15,坡道平面,
高鐵特區,114S2,2024-04-03,高鐵二路,RPROMLLLNHKGFBJ48DA,高鐵二路１９２號,新竹縣竹北市高鐵二路１９２號五樓,華廈(10層含以下有電梯),房地(土地+建物)+車位,五層/六層,3房2廳2衛,45.8,2930,65.7,-0.8,2025-01-24,升降機械,預售屋、或土地及建物分件登記案件；
高鐵特區,114S2,2024-04-04,高鐵二路,RPQNMLLKNHKGFBJ18DA,高鐵二路１９６號,新竹縣竹北市高鐵二路１９６號三樓,華廈(10層含以下有電梯),房地(土地+建物)+車位,三層/六層,3房2廳2衛,45.7,2870,64.4,-0.8,2025-01-24,升降機械,預售屋、或土地及建物分件登記案件；
高鐵特區,114S3,2024-04-07,嘉豐二街一段,RPWNMLNJPHKGFBJ09DA,嘉豐二街一段１００巷１９號,新竹縣竹北市嘉豐二街一段１００巷１９號二樓,華廈(10層含以下有電梯),房地(土地+建物)+車位,二層/五層,2房2廳2衛,36.8,2222,61.4,-0.8,2025-01-22,升降機械,預售屋、或土地及建物分件登記案件；
高鐵特區,115S3,2024-04-07,光明六路東二段,RPWRMLRLMHLGFBJ27DA,光明六路東二段３１２號,新竹縣竹北市光明六路東二段３１２號二十樓,住宅大樓(11層含以上有電梯),房地(土地+建物)+車位,二十層/二十二層,3房2廳2衛,50.0,3760,84.6,-2.1,2026-05-19,坡道平面,預售屋、或土地及建物分件登記案件；
高鐵特區,115S3,2024-04-08,光明六路東二段,RPQUMLRLMHLGFBJ96DA,光明六路東二段３１８號,新竹縣竹北市光明六路東二段３１８號七樓,住宅大樓(11層含以上有電梯),房地(土地+建物)+車位,七層/二十二層,3房2廳2衛,55.2,3895,78.1,-2.1,2026-05-19,坡道平面,預售屋、或土地及建物分件登記案件；
高鐵特區,115S3,2024-04-08,光明六路東二段,RPXWMLRLMHLGFBJ87DA,光明六路東二段３２０號,新竹縣竹北市光明六路東二段３２０號十二樓,住宅大樓(11層含以上有電梯),房地(土地+建物)+車位,十二層/二十二層,3房2廳2衛,49.5,3480,79.1,-2.1,2026-05-19,坡道平面,預售屋、或土地及建物分件登記案件；
高鐵特區,115S3,2024-04-08,光明六路東二段,RPVQMLRLMHLGFBJ07DA,光明六路東二段３１２號,新竹縣竹北市光明六路東二段３１２號七樓,住宅大樓(11層含以上有電梯),房地(土地+建物)+車位,七層/二十二層,3房2廳2衛,50.0,3480,78.3,-2.1,2026-05-19,坡道平面,預售屋、或土地及建物分件登記案件；
高鐵特區,115S3,2024-04-09,光明六路東二段,RPRUMLRLMHLGFBJ07DA,光明六路東二段３１８號,新竹縣竹北市光明六路東二段３１８號八樓,住宅大樓(11層含以上有電梯),房地(土地+建物)+車位,八層/二十二層,3房2廳2衛,55.4,3898,78.2,-2.1,2026-05-19,坡道平面,預售屋、或土地及建物分件登記案件；
高鐵特區,115S3,2024-04-11,光明六路東二段,RPSPMLRLMHLGFBJ66DA,光明六路東二段３１０號,新竹縣竹北市光明六路東二段３１０號十二樓,住宅大樓(11層含以上有電梯),房地(土地+建物)+車位,十二層/二十二層,3房2廳2衛,48.0,3350,78.9,-2.1,2026-05-19,坡道平面,預售屋、或土地及建物分件登記案件；
高鐵特區,114S4,2024-04-12,六家一路一段,RPTQMLOJJIKGFBJ68DA,六家一路一段２５９號,新竹縣竹北市六家一路一段２５９號十七樓,住宅大樓(11層含以上有電梯),房地(土地+建物)+車位,十七層/十七層,3房2廳2衛,55.2,3770,81.6,-1.3,2025-08-19,坡道平面,預售屋、或土地及建物分件登記案件；
高鐵特區,115S3,2024-04-13,光明六路東二段,RPVWMLRLMHLGFBJ67DA,光明六路東二段３２０號,新竹縣竹北市光明六路東二段３２０號十樓,住宅大樓(11層含以上有電梯),房地(土地+建物)+車位,十層/二十二層,3房2廳2衛,49.5,3430,77.9,-2.1,2026-05-19,坡道平面,預售屋、或土地及建物分件登記案件；
高鐵特區,115S3,2024-04-13,光明六路東二段,RPUWMLRLMHLGFBJ57DA,光明六路東二段３２０號,新竹縣竹北市光明六路東二段３２０號九樓,住宅大樓(11層含以上有電梯),房地(土地+建物)+車位,九層/二十二層,3房2廳2衛,49.5,3420,77.7,-2.1,2026-05-19,坡道平面,預售屋、或土地及建物分件登記案件；
高鐵特區,113S3,2024-04-14,嘉豐北路,RPXPMLTJPHJGFBJ27DA,嘉豐北路１８號,新竹縣竹北市嘉豐北路１８號十樓,住宅大樓(11層含以上有電梯),房地(土地+建物)+車位,十層/二十三層,2房2廳1衛,39.2,2240,57.1,4.5,2019-10-14,坡道平面,
高鐵特區,113S3,2024-04-15,光明六路東二段,RPVNMLLKOHJGFBJ68DA,光明六路東二段６３３號,新竹縣竹北市光明六路東二段６３３號八樓之五,住宅大樓(11層含以上有電梯),房地(土地+建物)+車位,八層/十四層,4房2廳2衛,56.4,2487,44.1,0.3,2023-12-15,坡道平面,
高鐵特區,114S4,2024-04-15,六家一路一段,RPOPMLMLRHKGFBJ78DA,六家一路一段２５５號,新竹縣竹北市六家一路一段２５５號八樓,住宅大樓(11層含以上有電梯),房地(土地+建物)+車位,八層/十七層,0房0廳0衛,64.7,3970,70.2,-1.3,2025-08-19,坡道平面,毛胚屋；預售屋、或土地及建物分件登記案件；
高鐵特區,114S1,2024-04-16,嘉豐南路二段,RPTQMLSJQHJGFBJ96DA,嘉豐南路二段３３號,新竹縣竹北市嘉豐南路二段３３號五樓,華廈(10層含以下有電梯),房地(土地+建物)+車位,五層/十層,4房2廳2衛,67.9,3894,77.3,-0.5,2024-10-04,坡道平面,預售屋、或土地及建物分件登記案件；
高鐵特區,113S3,2024-04-18,莊敬北路,RPRNMLRLPHJGFBJ09DA,莊敬北路２１６號,新竹縣竹北市莊敬北路２１６號十七樓之五,住宅大樓(11層含以上有電梯),房地(土地+建物)+車位,十七層/二十九層,3房2廳2衛,55.0,3168,57.6,4.2,2020-02-21,坡道平面,其他增建；
高鐵特區,115S3,2024-04-19,光明六路東二段,RPPOMLRLMHLGFBJ88DA,光明六路東二段３０８號,新竹縣竹北市光明六路東二段３０８號十四樓,住宅大樓(11層含以上有電梯),房地(土地+建物)+車位,十四層/二十二層,3房2廳2衛,48.0,3418,80.3,-2.1,2026-05-19,坡道平面,預售屋、或土地及建物分件登記案件；
高鐵特區,113S4,2024-04-20,高鐵六路,RPPNMLPJIIJGFBJ87DA,高鐵六路５７號,新竹縣竹北市高鐵六路５７號,透天厝,房地(土地+建物),全/五層,4房3廳6衛,101.0,5800,57.5,0.7,2023-08-08,,
高鐵特區,115S3,2024-04-20,光明六路東二段,RPXOMLRLMHLGFBJ07DA,光明六路東二段３１０號,新竹縣竹北市光明六路東二段３１０號四樓,住宅大樓(11層含以上有電梯),房地(土地+建物)+車位,四層/二十二層,3房2廳2衛,47.8,3290,76.8,-2.1,2026-05-19,坡道平面,預售屋、或土地及建物分件登記案件；
高鐵特區,114S2,2024-04-21,莊敬北路,RPXNMLQKMHKGFBJ66DA,莊敬北路２１０號,新竹縣竹北市莊敬北路２１０號十一樓之五,住宅大樓(11層含以上有電梯),房地(土地+建物)+車位,十一層/二十九層,3房2廳2衛,50.7,2720,53.6,4.2,2020-02-21,坡道平面,
高鐵特區,113S4,2024-04-25,高鐵五路,RPSNMLTKRHJGFBJ86DA,高鐵五路１００號,新竹縣竹北市高鐵五路１００號五樓之五,住宅大樓(11層含以上有電梯),房地(土地+建物)+車位,五層/十五層,2房2廳1衛,36.1,2188,60.6,2.8,2021-06-01,坡道平面,
高鐵特區,114S4,2024-04-25,六家一路一段,RPTPMLKMIIKGFBJ38DA,六家一路一段２５９號,新竹縣竹北市六家一路一段２５９號十六樓,住宅大樓(11層含以上有電梯),房地(土地+建物)+車位,十六層/十七層,3房2廳2衛,55.2,3790,81.5,-1.3,2025-08-19,坡道平面,預售屋、或土地及建物分件登記案件；
高鐵特區,115S1,2024-04-25,六家一路一段,RPUNMLOJJIKGFBJ48DA,六家一路一段２５５號,新竹縣竹北市六家一路一段２５５號十樓,住宅大樓(11層含以上有電梯),房地(土地+建物)+車位,十層/十七層,0房0廳0衛,64.7,3966,69.7,-1.3,2025-08-19,坡道平面,毛胚屋；預售屋、或土地及建物分件登記案件；
高鐵特區,113S3,2024-04-26,光明六路東二段,RPSOMLPJQHJGFBJ98DA,光明六路東二段４０９號,新竹縣竹北市光明六路東二段４０９號九樓之二,住宅大樓(11層含以上有電梯),房地(土地+建物)+車位,九層/二十四層,2房2廳2衛,47.4,2198,46.4,0.5,2023-10-30,坡道平面,
高鐵特區,113S3,2024-04-27,光明六路東二段,RPRPMLPJPHJGFBJ88DA,光明六路東二段６３７號,新竹縣竹北市光明六路東二段６３７號三樓之五,住宅大樓(11層含以上有電梯),房地(土地+建物)+車位,三層/十五層,3房2廳2衛,39.6,2368,59.8,0.3,2023-12-15,坡道平面,
高鐵特區,115S3,2024-04-27,光明六路東二段,RPRNNLRLMHLGFBJ09DA,光明六路東二段３２０號,新竹縣竹北市光明六路東二段３２０號十六樓,住宅大樓(11層含以上有電梯),房地(土地+建物)+車位,十六層/二十二層,3房2廳2衛,49.5,3570,81.1,-2.1,2026-05-19,坡道平面,預售屋、或土地及建物分件登記案件；
高鐵特區,113S3,2024-04-28,高鐵東二路,RPQPMLPJPHJGFBJ78DA,高鐵東二路６８之８號,新竹縣竹北市高鐵東二路６８之８號六樓,住宅大樓(11層含以上有電梯),房地(土地+建物)+車位,六層/十四層,1房1廳1衛,30.9,2028,65.6,0.9,2023-05-31,坡道平面,
高鐵特區,113S4,2024-04-28,十興路二段,RPUOMLQJRHJGFBJ76DA,十興路二段１２８號,新竹縣竹北市十興路二段１２８號十二樓,住宅大樓(11層含以上有電梯),房地(土地+建物)+車位,十二層/十四層,2房2廳2衛,33.9,2063,60.9,4.6,2019-09-29,坡道平面,
高鐵特區,114S1,2024-04-28,嘉豐南路二段,RPQQMLSJQHJGFBJ66DA,嘉豐南路二段３５號,新竹縣竹北市嘉豐南路二段３５號七樓,華廈(10層含以下有電梯),房地(土地+建物)+車位,七層/十層,3房2廳2衛,62.6,3636,81.0,-0.5,2024-10-04,坡道平面,預售屋、或土地及建物分件登記案件；
高鐵特區,115S3,2024-05-01,光明六路東二段,RPTQMLRLMHLGFBJ86DA,光明六路東二段３１２號,新竹縣竹北市光明六路東二段３１２號四樓,住宅大樓(11層含以上有電梯),房地(土地+建物)+車位,四層/二十二層,3房2廳2衛,50.0,3490,78.1,-2.0,2026-05-19,坡道平面,預售屋、或土地及建物分件登記案件；
高鐵特區,115S3,2024-05-01,光明六路東二段,RPPNMLQLOHLGFBJ88DA,光明六路東二段３１２號,新竹縣竹北市光明六路東二段３１２號二十二樓,住宅大樓(11層含以上有電梯),房地(土地+建物)+車位,二十二層/二十二層,3房2廳2衛,58.7,3980,84.1,-2.0,2026-05-19,坡道平面,預售屋、或土地及建物分件登記案件；
高鐵特區,113S3,2024-05-05,光明六路東二段,RPTNMLLJPHJGFBJ48DA,光明六路東二段６３３號,新竹縣竹北市光明六路東二段６３３號八樓之五,住宅大樓(11層含以上有電梯),房地(土地+建物)+車位,八層/十四層,4房2廳2衛,56.4,3478,61.7,0.4,2023-12-15,坡道平面,
高鐵特區,114S4,2024-05-06,六家一路一段,RPQQMLMLRHKGFBJ09DA,六家一路一段２５３號,新竹縣竹北市六家一路一段２５３號十五樓,住宅大樓(11層含以上有電梯),房地(土地+建物)+車位,十五層/十七層,3房2廳2衛,55.2,3888,84.4,-1.2,2025-08-19,坡道平面,預售屋、或土地及建物分件登記案件；
高鐵特區,115S3,2024-05-07,光明六路東二段,RPUNNLRLMHLGFBJ76DA,光明六路東二段３２０號,新竹縣竹北市光明六路東二段３２０號二十樓,住宅大樓(11層含以上有電梯),房地(土地+建物)+車位,二十層/二十二層,3房2廳2衛,49.5,3660,83.1,-2.0,2026-05-19,坡道平面,預售屋、或土地及建物分件登記案件；
高鐵特區,115S3,2024-05-07,光明六路東二段,RPVNMLQKOHLGFBJ76DA,光明六路東二段３２０號,新竹縣竹北市光明六路東二段３２０號十七樓,住宅大樓(11層含以上有電梯),房地(土地+建物)+車位,十七層/二十二層,3房2廳2衛,49.5,3580,81.4,-2.0,2026-05-19,坡道平面,預售屋、或土地及建物分件登記案件；
高鐵特區,114S2,2024-05-08,高鐵二路,RPPOMLPKNHKGFBJ58DA,高鐵二路１９２號,新竹縣竹北市高鐵二路１９２號三樓,華廈(10層含以下有電梯),房地(土地+建物)+車位,三層/六層,3房2廳2衛,45.8,2870,64.3,-0.7,2025-01-24,升降機械,預售屋、或土地及建物分件登記案件；
高鐵特區,113S3,2024-05-09,光明六路東二段,RPSPMLNKOHJGFBJ78DA,光明六路東二段６３５號,新竹縣竹北市光明六路東二段６３５號七樓之一,住宅大樓(11層含以上有電梯),房地(土地+建物)+車位,七層/十四層,4房2廳2衛,56.4,3558,63.1,0.4,2023-12-15,坡道平面,
高鐵特區,113S4,2024-05-09,隘口六街,RPTOMLTKRHJGFBJ07DA,隘口六街９６號,新竹縣竹北市隘口六街９６號五樓之一,華廈(10層含以下有電梯),房地(土地+建物)+車位,五層，見其他登記事項/五層,3房2廳2衛,41.8,2000,47.3,0.1,2024-04-26,其他,夾層；預售屋、或土地及建物分件登記案件；
高鐵特區,114S4,2024-05-09,光明六路東二段,RPQPMLKMLHKGFBJ28DA,光明六路東二段７０３號,新竹縣竹北市光明六路東二段７０３號,住宅大樓(11層含以上有電梯),房地(土地+建物)+車位,一層，二層/十五層,0房0廳2衛,81.4,4900,64.8,-0.9,2025-04-28,坡道平面,預售屋、或土地及建物分件登記案件；
高鐵特區,115S3,2024-05-10,光明六路東二段,RPWVMLRLMHLGFBJ67DA,光明六路東二段３１８號,新竹縣竹北市光明六路東二段３１８號二十樓,住宅大樓(11層含以上有電梯),房地(土地+建物)+車位,二十層/二十二層,3房2廳2衛,55.6,3998,79.5,-2.0,2026-05-19,坡道平面,預售屋、或土地及建物分件登記案件；
高鐵特區,114S3,2024-05-12,嘉豐二街一段,RPSPMLMJPHKGFBJ78DA,嘉豐二街一段１００巷１７號,新竹縣竹北市嘉豐二街一段１００巷１７號二樓,華廈(10層含以下有電梯),房地(土地+建物)+車位,二層/五層,2房2廳2衛,31.9,2028,65.3,-0.7,2025-01-22,升降機械,預售屋、或土地及建物分件登記案件；
高鐵特區,114S1,2024-05-13,嘉豐南路二段,RPWQMLTLPHJGFBJ47DA,嘉豐南路二段３１號,新竹縣竹北市嘉豐南路二段３１號六樓,華廈(10層含以下有電梯),房地(土地+建物)+車位,六層/十層,3房2廳2衛,51.1,3251,76.6,-0.4,2024-10-04,坡道平面,預售屋、或土地及建物分件登記案件；
高鐵特區,114S2,2024-05-13,高鐵九路,RPVNMLSKMHKGFBJ66DA,高鐵九路１６７號,新竹縣竹北市高鐵九路１６７號三樓,華廈(10層含以下有電梯),房地(土地+建物)+車位,三層/七層,3房2廳2衛,53.6,2985,61.8,-0.8,2025-02-27,一樓平面,預售屋、或土地及建物分件登記案件；
高鐵特區,115S3,2024-05-14,光明六路東二段,RPWPMLRLMHLGFBJ07DA,光明六路東二段３１０號,新竹縣竹北市光明六路東二段３１０號十六樓,住宅大樓(11層含以上有電梯),房地(土地+建物)+車位,十六層/二十二層,3房2廳2衛,48.0,3460,81.4,-2.0,2026-05-19,坡道平面,預售屋、或土地及建物分件登記案件；
高鐵特區,115S3,2024-05-14,光明六路東二段,RPTNMLLJOHLGFBJ58DA,光明六路東二段３０８號,新竹縣竹北市光明六路東二段３０８號十九樓,住宅大樓(11層含以上有電梯),房地(土地+建物)+車位,十九層/二十二層,3房2廳2衛,48.0,3590,84.5,-2.0,2026-05-19,坡道平面,預售屋、或土地及建物分件登記案件；
高鐵特區,113S3,2024-05-16,十興五街,RPQPMLQJOHJGFBJ78DA,十興五街４８號,新竹縣竹北市十興五街４８號六樓,住宅大樓(11層含以上有電梯),房地(土地+建物)+車位,六層/十四層,2房2廳2衛,49.0,2988,61.0,3.7,2020-09-30,坡道平面,其他增建；
高鐵特區,115S3,2024-05-16,光明六路東二段,RPQQMLRLMHLGFBJ56DA,光明六路東二段３１０號,新竹縣竹北市光明六路東二段３１０號二十一樓,住宅大樓(11層含以上有電梯),房地(土地+建物)+車位,二十一層/二十二層,3房2廳2衛,48.5,3650,85.0,-2.0,2026-05-19,坡道平面,預售屋、或土地及建物分件登記案件；
高鐵特區,115S1,2024-05-18,六家一路一段,RPVNMLOJJIKGFBJ58DA,六家一路一段２５５號,新竹縣竹北市六家一路一段２５５號十一樓,住宅大樓(11層含以上有電梯),房地(土地+建物)+車位,十一層/十七層,0房0廳0衛,64.7,3970,70.6,-1.2,2025-08-19,坡道平面,毛胚屋；預售屋、或土地及建物分件登記案件；
高鐵特區,115S3,2024-05-18,光明六路東二段,RPRPMLLLPHLGFBJ88DA,光明六路東二段３０８號,新竹縣竹北市光明六路東二段３０８號二十二樓,住宅大樓(11層含以上有電梯),房地(土地+建物)+車位,二十二層/二十二層,3房2廳2衛,48.2,3700,86.8,-2.0,2026-05-19,坡道平面,預售屋、或土地及建物分件登記案件；
高鐵特區,113S3,2024-05-19,自強南路,RPPNMLSJPHJGFBJ78DA,自強南路６９之５號,新竹縣竹北市自強南路６９之５號二樓,住宅大樓(11層含以上有電梯),房地(土地+建物)+車位,二層/十四層,4房2廳2衛,60.1,3320,55.2,1.5,2022-11-10,坡道平面,
高鐵特區,115S3,2024-05-20,光明六路東二段,RPPNNLRLMHLGFBJ88DA,光明六路東二段３２０號,新竹縣竹北市光明六路東二段３２０號十四樓,住宅大樓(11層含以上有電梯),房地(土地+建物)+車位,十四層/二十二層,3房2廳2衛,49.5,3550,80.6,-2.0,2026-05-19,坡道平面,預售屋、或土地及建物分件登記案件；
高鐵特區,115S3,2024-05-21,光明六路東二段,RPVRMLRLMHLGFBJ17DA,光明六路東二段３１２號,新竹縣竹北市光明六路東二段３１２號十九樓,住宅大樓(11層含以上有電梯),房地(土地+建物)+車位,十九層/二十二層,3房2廳2衛,50.0,3780,85.1,-2.0,2026-05-19,坡道平面,預售屋、或土地及建物分件登記案件；
高鐵特區,114S2,2024-05-22,高鐵二路,RPSNMLNJOHKGFBJ58DA,高鐵二路１９２號,新竹縣竹北市高鐵二路１９２號六樓,華廈(10層含以下有電梯),房地(土地+建物)+車位,六層/六層,3房2廳2衛,45.8,2938,65.9,-0.7,2025-01-24,升降機械,預售屋、或土地及建物分件登記案件；
高鐵特區,113S3,2024-05-23,高鐵九路,RPQNMLPLOHJGFBJ68DA,高鐵九路６１巷１９號,新竹縣竹北市高鐵九路６１巷１９號十樓,住宅大樓(11層含以上有電梯),房地(土地+建物)+車位,十層/十二層,3房2廳2衛,51.4,1672,32.6,0.4,2023-12-01,坡道平面,
高鐵特區,113S3,2024-05-26,六家五路二段,RPUPMLLKOHJGFBJ78DA,六家五路二段１７１號,新竹縣竹北市六家五路二段１７１號三樓,住宅大樓(11層含以上有電梯),房地(土地+建物)+車位,三層/十四層,3房2廳2衛,65.3,3865,74.6,2.0,2022-05-17,坡道平面,
高鐵特區,114S1,2024-05-26,嘉豐南路二段,RPXNMLOJIIJGFBJ58DA,嘉豐南路二段３１號,新竹縣竹北市嘉豐南路二段３１號三樓,華廈(10層含以下有電梯),房地(土地+建物)+車位,三層/十層,3房2廳2衛,51.1,3162,74.4,-0.4,2024-10-04,坡道平面,預售屋、或土地及建物分件登記案件；
高鐵特區,115S1,2024-05-27,六家一路一段,RPQNMLOJJIKGFBJ08DA,六家一路一段２５７號,新竹縣竹北市六家一路一段２５７號二樓,住宅大樓(11層含以上有電梯),房地(土地+建物)+車位,二層/十七層,0房0廳0衛,64.7,3908,69.5,-1.2,2025-08-19,坡道平面,毛胚屋；預售屋、或土地及建物分件登記案件；
高鐵特區,114S4,2024-05-28,六家一路一段,RPSOMLMLRHKGFBJ09DA,六家一路一段２５７號,新竹縣竹北市六家一路一段２５７號八樓,住宅大樓(11層含以上有電梯),房地(土地+建物)+車位,八層/十七層,0房0廳0衛,64.7,3967,70.6,-1.2,2025-08-19,坡道平面,毛胚屋；預售屋、或土地及建物分件登記案件；
高鐵特區,115S3,2024-05-28,光明六路東二段,RPRSMLRLMHLGFBJ86DA,光明六路東二段３１６號,新竹縣竹北市光明六路東二段３１６號五樓,住宅大樓(11層含以上有電梯),房地(土地+建物)+車位,五層/二十二層,3房2廳2衛,55.4,3950,79.1,-2.0,2026-05-19,坡道平面,預售屋、或土地及建物分件登記案件；
高鐵特區,114S1,2024-05-31,嘉豐南路二段,RPRPMLTKPHJGFBJ76DA,嘉豐南路二段３５號,新竹縣竹北市嘉豐南路二段３５號五樓,華廈(10層含以下有電梯),房地(土地+建物)+車位,五層/十層,3房2廳2衛,50.9,3316,78.6,-0.4,2024-10-04,坡道平面,預售屋、或土地及建物分件登記案件；
高鐵特區,114S1,2024-05-31,嘉豐南路二段,RPTOMLTLPHJGFBJ96DA,嘉豐南路二段３５號,新竹縣竹北市嘉豐南路二段３５號八樓,華廈(10層含以下有電梯),房地(土地+建物)+車位,八層/十層,3房2廳2衛,50.9,3427,81.8,-0.4,2024-10-04,坡道平面,預售屋、或土地及建物分件登記案件；
高鐵特區,114S1,2024-05-31,嘉豐南路二段,RPUPMLTLPHJGFBJ17DA,嘉豐南路二段３３號,新竹縣竹北市嘉豐南路二段３３號九樓,華廈(10層含以下有電梯),房地(土地+建物)+車位,九層/十層,4房2廳2衛,55.9,3884,82.7,-0.4,2024-10-04,坡道平面,預售屋、或土地及建物分件登記案件；
高鐵特區,114S1,2024-05-31,嘉豐南路二段,RPSOMLPLRHJGFBJ66DA,嘉豐南路二段３３號,新竹縣竹北市嘉豐南路二段３３號八樓,華廈(10層含以下有電梯),房地(土地+建物)+車位,八層/十層,4房2廳2衛,55.9,3854,81.9,-0.4,2024-10-04,坡道平面,預售屋、或土地及建物分件登記案件；
高鐵特區,114S1,2024-05-31,嘉豐南路二段,RPVOMLTLPHJGFBJ17DA,嘉豐南路二段３５號,新竹縣竹北市嘉豐南路二段３５號十樓,華廈(10層含以下有電梯),房地(土地+建物)+車位,十層/十層,3房2廳2衛,50.9,3465,82.4,-0.4,2024-10-04,坡道平面,預售屋、或土地及建物分件登記案件；
高鐵特區,114S1,2024-06-02,嘉豐南路二段,RPVPMLTLPHJGFBJ27DA,嘉豐南路二段３３號,新竹縣竹北市嘉豐南路二段３３號十樓,華廈(10層含以下有電梯),房地(土地+建物)+車位,十層/十層,4房2廳2衛,55.9,3924,83.4,-0.3,2024-10-04,坡道平面,預售屋、或土地及建物分件登記案件；
高鐵特區,114S1,2024-06-03,嘉豐南路二段,RPVQMLTLPHJGFBJ37DA,嘉豐南路二段３１號,新竹縣竹北市嘉豐南路二段３１號五樓,華廈(10層含以下有電梯),房地(土地+建物)+車位,五層/十層,3房2廳2衛,51.1,3282,77.4,-0.3,2024-10-04,坡道平面,預售屋、或土地及建物分件登記案件；
高鐵特區,114S1,2024-06-03,嘉豐南路二段,RPORMLTLPHJGFBJ76DA,嘉豐南路二段３１號,新竹縣竹北市嘉豐南路二段３１號八樓,華廈(10層含以下有電梯),房地(土地+建物)+車位,八層/十層,3房2廳2衛,51.1,3377,79.8,-0.3,2024-10-04,坡道平面,預售屋、或土地及建物分件登記案件；
高鐵特區,114S1,2024-06-06,嘉豐南路二段,RPROMLTLPHJGFBJ76DA,嘉豐南路二段３５號,新竹縣竹北市嘉豐南路二段３５號六樓,華廈(10層含以下有電梯),房地(土地+建物)+車位,六層/十層,3房2廳2衛,50.9,3425,81.5,-0.3,2024-10-04,坡道平面,預售屋、或土地及建物分件登記案件；
高鐵特區,114S1,2024-06-06,嘉豐北路,RPRNMLTLJIJGFBJ78DA,嘉豐北路２２號,新竹縣竹北市嘉豐北路２２號九樓,住宅大樓(11層含以上有電梯),房地(土地+建物)+車位,九層/二十三層,1房1廳1衛,25.2,1630,64.6,4.7,2019-10-14,坡道機械,
高鐵特區,114S1,2024-06-07,嘉豐南路二段,RPPRMLTLPHJGFBJ86DA,嘉豐南路二段３１號,新竹縣竹北市嘉豐南路二段３１號九樓,華廈(10層含以下有電梯),房地(土地+建物)+車位,九層/十層,3房2廳2衛,51.1,3411,80.7,-0.3,2024-10-04,坡道平面,預售屋、或土地及建物分件登記案件；
高鐵特區,114S1,2024-06-07,嘉豐南路二段,RPQRMLTLPHJGFBJ96DA,嘉豐南路二段３１號,新竹縣竹北市嘉豐南路二段３１號十樓,華廈(10層含以下有電梯),房地(土地+建物)+車位,十層/十層,3房2廳2衛,51.1,3400,80.4,-0.3,2024-10-04,坡道平面,預售屋、或土地及建物分件登記案件；
高鐵特區,113S4,2024-06-09,光明六路東二段,RPROMLOKJIJGFBJ28DA,光明六路東二段４０９號,新竹縣竹北市光明六路東二段４０９號十九樓之七,住宅大樓(11層含以上有電梯),房地(土地+建物)+車位,十九層/二十四層,3房2廳2衛,54.0,3650,67.6,0.7,2023-10-30,坡道平面,
高鐵特區,114S1,2024-06-09,嘉豐南路二段,RPUQMLTLPHJGFBJ27DA,嘉豐南路二段３１號,新竹縣竹北市嘉豐南路二段３１號四樓,華廈(10層含以下有電梯),房地(土地+建物)+車位,四層/十層,3房2廳2衛,51.1,3292,77.8,-0.3,2024-10-04,坡道平面,預售屋、或土地及建物分件登記案件；
高鐵特區,114S2,2024-06-10,高鐵九路,RPSOMLSKMHKGFBJ09DA,高鐵九路１６９號,新竹縣竹北市高鐵九路１６９號三樓,華廈(10層含以下有電梯),房地(土地+建物)+車位,三層/七層,3房2廳2衛,53.8,3240,66.6,-0.7,2025-02-27,一樓平面,預售屋、或土地及建物分件登記案件；
高鐵特區,115S3,2024-06-13,光明六路東二段,RPRQMLNKPHLGFBJ09DA,光明六路東二段３１６號,新竹縣竹北市光明六路東二段３１６號四樓,住宅大樓(11層含以上有電梯),房地(土地+建物)+車位,四層/二十二層,3房2廳2衛,55.4,3930,78.4,-1.9,2026-05-19,坡道平面,預售屋、或土地及建物分件登記案件；
高鐵特區,115S3,2024-06-13,光明六路東二段,RPPSMLRLMHLGFBJ66DA,光明六路東二段３１６號,新竹縣竹北市光明六路東二段３１６號二樓,住宅大樓(11層含以上有電梯),房地(土地+建物)+車位,二層/二十二層,3房2廳2衛,56.2,3998,79.0,-1.9,2026-05-19,坡道平面,預售屋、或土地及建物分件登記案件；
高鐵特區,115S3,2024-06-13,光明六路東二段,RPWTMLRLMHLGFBJ47DA,光明六路東二段３１８號,新竹縣竹北市光明六路東二段３１８號二樓,住宅大樓(11層含以上有電梯),房地(土地+建物)+車位,二層/二十二層,3房2廳2衛,56.2,3998,79.0,-1.9,2026-05-19,坡道平面,預售屋、或土地及建物分件登記案件；
高鐵特區,115S3,2024-06-15,光明六路東二段,RPUVMLRLMHLGFBJ47DA,光明六路東二段３１８號,新竹縣竹北市光明六路東二段３１８號十七樓,住宅大樓(11層含以上有電梯),房地(土地+建物)+車位,十七層/二十二層,3房2廳2衛,55.4,3998,80.1,-1.9,2026-05-19,坡道平面,預售屋、或土地及建物分件登記案件；
高鐵特區,113S4,2024-06-16,光明六路東二段,RPUOMLOLIIJGFBJ58DA,光明六路東二段６３５號,新竹縣竹北市光明六路東二段６３５號七樓之三,住宅大樓(11層含以上有電梯),房地(土地+建物)+車位,七層/十四層,2房2廳1衛,33.4,2340,70.2,0.5,2023-12-15,坡道平面,
高鐵特區,113S3,2024-06-17,六家五路二段,RPQNMLSKPHJGFBJ98DA,六家五路二段１７１號,新竹縣竹北市六家五路二段１７１號二樓,住宅大樓(11層含以上有電梯),房地(土地+建物)+車位,二層/十四層,3房2廳2衛,66.2,3939,74.7,2.1,2022-05-17,坡道平面,
高鐵特區,114S3,2024-06-19,嘉豐二街一段,RPWPMLMJPHKGFBJ56DA,嘉豐二街一段１００巷１９號,新竹縣竹北市嘉豐二街一段１００巷１９號五樓,華廈(10層含以下有電梯),房地(土地+建物)+車位,五層，見其他登記事項/五層,3房2廳3衛,53.6,3636,72.9,-0.6,2025-01-22,一樓平面,預售屋、或土地及建物分件登記案件；
高鐵特區,115S3,2024-06-20,光明六路東二段,RPOOMLRLMHLGFBJ78DA,光明六路東二段３０８號,新竹縣竹北市光明六路東二段３０８號十三樓,住宅大樓(11層含以上有電梯),房地(土地+建物)+車位,十三層/二十二層,3房2廳2衛,48.3,3540,82.7,-1.9,2026-05-19,坡道平面,預售屋、或土地及建物分件登記案件；
高鐵特區,114S1,2024-06-22,嘉豐南路二段,RPXOMLTLPHJGFBJ37DA,嘉豐南路二段３３號,新竹縣竹北市嘉豐南路二段３３號二樓,華廈(10層含以下有電梯),房地(土地+建物)+車位,二層/十層,4房2廳2衛,55.9,3800,80.5,-0.3,2024-10-04,坡道平面,預售屋、或土地及建物分件登記案件；
高鐵特區,114S1,2024-06-23,嘉豐南路二段,RPOPMLTLPHJGFBJ56DA,嘉豐南路二段３３號,新竹縣竹北市嘉豐南路二段３３號三樓,華廈(10層含以下有電梯),房地(土地+建物)+車位,三層/十層,4房2廳2衛,55.6,3680,78.3,-0.3,2024-10-04,坡道平面,預售屋、或土地及建物分件登記案件；
高鐵特區,114S1,2024-06-23,嘉豐南路二段,RPSQMLTLPHJGFBJ07DA,嘉豐南路二段３１號,新竹縣竹北市嘉豐南路二段３１號二樓,華廈(10層含以下有電梯),房地(土地+建物)+車位,二層/十層,3房2廳2衛,51.1,3320,78.7,-0.3,2024-10-04,坡道平面,預售屋、或土地及建物分件登記案件；
高鐵特區,114S3,2024-06-23,嘉豐二街一段,RPVNMLNJPHKGFBJ98DA,嘉豐二街一段１００巷１７號,新竹縣竹北市嘉豐二街一段１００巷１７號五樓,華廈(10層含以下有電梯),房地(土地+建物)+車位,五層，見其他登記事項/五層,2房2廳2衛,43.4,2888,69.8,-0.6,2025-01-22,一樓平面,預售屋、或土地及建物分件登記案件；
高鐵特區,114S4,2024-06-23,嘉豐北路,RPWNMLLKRHKGFBJ56DA,嘉豐北路２８號,新竹縣竹北市嘉豐北路２８號九樓,住宅大樓(11層含以上有電梯),房地(土地+建物)+車位,九層/二十三層,2房2廳1衛,37.4,2415,64.6,4.7,2019-10-14,坡道平面,
高鐵特區,115S3,2024-06-23,光明六路東二段,RPUTMLRLMHLGFBJ27DA,光明六路東二段３１６號,新竹縣竹北市光明六路東二段３１６號二十一樓,住宅大樓(11層含以上有電梯),房地(土地+建物)+車位,二十一層/二十二層,3房2廳2衛,55.6,3998,79.9,-1.9,2026-05-19,坡道平面,預售屋、或土地及建物分件登記案件；
高鐵特區,115S3,2024-06-23,光明六路東二段,RPVUMLRLMHLGFBJ47DA,光明六路東二段３１８號,新竹縣竹北市光明六路東二段３１８號十二樓,住宅大樓(11層含以上有電梯),房地(土地+建物)+車位,十二層/二十二層,3房2廳2衛,55.4,3992,80.2,-1.9,2026-05-19,坡道平面,預售屋、或土地及建物分件登記案件；
高鐵特區,114S1,2024-06-25,嘉豐南路二段,RPOPMLTKPHJGFBJ09DA,嘉豐南路二段３５號,新竹縣竹北市嘉豐南路二段３５號二樓,華廈(10層含以下有電梯),房地(土地+建物)+車位,二層/十層,3房2廳2衛,50.9,3266,77.7,-0.3,2024-10-04,坡道平面,預售屋、或土地及建物分件登記案件；
高鐵特區,115S3,2024-06-25,光明六路東二段,RPQTMLRLMHLGFBJ86DA,光明六路東二段３１６號,新竹縣竹北市光明六路東二段３１６號十七樓,住宅大樓(11層含以上有電梯),房地(土地+建物)+車位,十七層/二十二層,3房2廳2衛,55.4,3998,80.1,-1.9,2026-05-19,坡道平面,預售屋、或土地及建物分件登記案件；
高鐵特區,114S1,2024-06-27,嘉豐南路二段,RPOOMLKMQHJGFBJ38DA,嘉豐南路二段３５號,新竹縣竹北市嘉豐南路二段３５號三樓,華廈(10層含以下有電梯),房地(土地+建物)+車位,三層/十層,3房2廳2衛,50.9,3347,79.5,-0.3,2024-10-04,坡道平面,預售屋、或土地及建物分件登記案件；
高鐵特區,113S4,2024-06-28,光明六路東二段,RPQNMLTKRHJGFBJ66DA,光明六路東二段４０９號,新竹縣竹北市光明六路東二段４０９號二十一樓之一,住宅大樓(11層含以上有電梯),房地(土地+建物)+車位,二十一層/二十四層,3房2廳2衛,49.0,3300,67.3,0.7,2023-10-30,坡道平面,
高鐵特區,114S1,2024-06-28,嘉豐南路二段,RPQPMLTKPHJGFBJ66DA,嘉豐南路二段３５號,新竹縣竹北市嘉豐南路二段３５號四樓,華廈(10層含以下有電梯),房地(土地+建物)+車位,四層/十層,3房2廳2衛,50.9,3387,80.6,-0.3,2024-10-04,坡道平面,預售屋、或土地及建物分件登記案件；
高鐵特區,115S3,2024-07-02,光明六路東二段,RPXSMLRLMHLGFBJ47DA,光明六路東二段３１６號,新竹縣竹北市光明六路東二段３１６號十二樓,住宅大樓(11層含以上有電梯),房地(土地+建物)+車位,十二層/二十二層,3房2廳2衛,55.4,3990,79.9,-1.8,2026-05-19,坡道平面,預售屋、或土地及建物分件登記案件；
高鐵特區,113S4,2024-07-03,光明六路東二段,RPPNMLTKRHJGFBJ56DA,光明六路東二段６２９號,新竹縣竹北市光明六路東二段６２９號五樓之二,住宅大樓(11層含以上有電梯),房地(土地+建物)+車位,五層/十三層,2房2廳1衛,33.6,2550,75.8,0.6,2023-12-15,坡道平面,
高鐵特區,113S3,2024-07-04,嘉豐北路,RPQNMLMLQHJGFBJ58DA,嘉豐北路３２號,新竹縣竹北市嘉豐北路３２號七樓,住宅大樓(11層含以上有電梯),房地(土地+建物)+車位,七層/二十三層,1房1廳1衛,25.9,1598,61.8,4.8,2019-10-14,坡道機械,
高鐵特區,114S1,2024-07-04,莊敬北路,RPROMLKKKIJGFBJ97DA,莊敬北路２１６號,新竹縣竹北市莊敬北路２１６號二十九樓之六,住宅大樓(11層含以上有電梯),房地(土地+建物)+車位,二十九層/二十九層,3房2廳2衛,56.2,3400,60.5,4.4,2020-02-21,坡道平面,
高鐵特區,113S3,2024-07-05,高鐵九路,RPPNMLKMPHJGFBJ38EA,高鐵九路６１巷２５號,新竹縣竹北市高鐵九路６１巷２５號三樓,住宅大樓(11層含以上有電梯),房地(土地+建物)+車位,三層/十二層,3房2廳2衛,49.8,1630,32.8,0.6,2023-12-01,坡道平面,
高鐵特區,115S3,2024-07-07,光明六路東二段,RPTNMLKLPHLGFBJ78DA,光明六路東二段３１６號,新竹縣竹北市光明六路東二段３１６號六樓,住宅大樓(11層含以上有電梯),房地(土地+建物)+車位,六層/二十二層,3房2廳2衛,55.4,3970,79.5,-1.8,2026-05-19,坡道平面,預售屋、或土地及建物分件登記案件；
高鐵特區,113S3,2024-07-12,十興五街,RPWOMLTKQHJGFBJ27DA,十興五街６０號,新竹縣竹北市十興五街６０號五樓,住宅大樓(11層含以上有電梯),房地(土地+建物)+車位,五層/十四層,3房2廳2衛,47.0,3188,67.8,3.8,2020-09-30,坡道平面,其他增建；
高鐵特區,113S3,2024-07-13,隘口六街,RPXOMLTLQHJGFBJ47DA,隘口六街２６２號,新竹縣竹北市隘口六街２６２號七樓,住宅大樓(11層含以上有電梯),房地(土地+建物)+車位,七層/十一層,3房2廳2衛,45.3,2988,65.9,0.9,2023-08-07,坡道平面,
高鐵特區,114S1,2024-07-13,十興路二段,RPTNMLRLKIJGFBJ88DA,十興路二段４６號,新竹縣竹北市十興路二段４６號六樓,住宅大樓(11層含以上有電梯),房地(土地+建物)+車位,六層/十三層,3房2廳2衛,46.9,2590,64.8,-0.3,2024-11-07,坡道平面,預售屋、或土地及建物分件登記案件；
高鐵特區,114S4,2024-07-13,六家一路一段,RPVOMLMLRHKGFBJ76DA,六家一路一段２５５號,新竹縣竹北市六家一路一段２５５號三樓,住宅大樓(11層含以上有電梯),房地(土地+建物)+車位,三層/十七層,0房0廳0衛,64.7,3957,70.2,-1.1,2025-08-19,坡道平面,毛胚屋；預售屋、或土地及建物分件登記案件；
高鐵特區,113S3,2024-07-14,光明六路東二段,RPXNMLQKQHJGFBJ96DA,光明六路東二段６３５號,新竹縣竹北市光明六路東二段６３５號十四樓之二,住宅大樓(11層含以上有電梯),房地(土地+建物)+車位,十四層/十四層,2房2廳1衛,33.4,2545,76.3,0.6,2023-12-15,坡道平面,
高鐵特區,115S3,2024-07-16,光明六路東二段,RPVVMLRLMHLGFBJ57DA,光明六路東二段３１８號,新竹縣竹北市光明六路東二段３１８號十九樓,住宅大樓(11層含以上有電梯),房地(土地+建物)+車位,十九層/二十二層,3房2廳2衛,55.4,3998,80.3,-1.8,2026-05-19,坡道平面,預售屋、或土地及建物分件登記案件；
高鐵特區,113S3,2024-07-18,六家五路二段,RPQOMLMJQHJGFBJ48DA,六家五路二段１７５號,新竹縣竹北市六家五路二段１７５號二樓,住宅大樓(11層含以上有電梯),房地(土地+建物),二層/十四層,3房2廳2衛,53.3,3988,74.9,2.2,2022-05-17,,
高鐵特區,114S1,2024-07-21,十興路二段,RPSTMLRJKIJGFBJ56DA,十興路二段５８號,新竹縣竹北市十興路二段５８號十樓,住宅大樓(11層含以上有電梯),房地(土地+建物)+車位,十層/十四層,3房2廳2衛,47.3,2608,65.5,-0.3,2024-11-07,坡道平面,預售屋、或土地及建物分件登記案件；
高鐵特區,115S3,2024-07-21,隘口三街,RPWOMLRLKIKGFBJ76DA,隘口三街１６２號,新竹縣竹北市隘口三街１６２號七樓,住宅大樓(11層含以上有電梯),房地(土地+建物)+車位,七層/十五層,4房2廳3衛,57.0,3653,74.3,-1.8,2026-05-05,坡道平面,預售屋、或土地及建物分件登記案件；
高鐵特區,115S3,2024-07-21,隘口三街,RPXOMLRLKIKGFBJ86DA,隘口三街１６２號,新竹縣竹北市隘口三街１６２號八樓,住宅大樓(11層含以上有電梯),房地(土地+建物)+車位,八層/十五層,4房2廳3衛,57.0,3686,74.8,-1.8,2026-05-05,坡道平面,預售屋、或土地及建物分件登記案件；
高鐵特區,115S3,2024-07-21,隘口三街,RPOPMLRLKIKGFBJ68DA,隘口三街１６２號,新竹縣竹北市隘口三街１６２號九樓,住宅大樓(11層含以上有電梯),房地(土地+建物)+車位,九層/十五層,4房2廳3衛,57.0,3686,75.0,-1.8,2026-05-05,坡道平面,預售屋、或土地及建物分件登記案件；
高鐵特區,115S3,2024-07-21,隘口三街,RPTPMLRLKIKGFBJ56DA,隘口三街１６２號,新竹縣竹北市隘口三街１６２號十一樓,住宅大樓(11層含以上有電梯),房地(土地+建物)+車位,十一層/十五層,4房2廳3衛,67.6,3961,75.7,-1.8,2026-05-05,坡道平面,預售屋、或土地及建物分件登記案件；
高鐵特區,115S3,2024-07-21,隘口三街,RPOQMLRLKIKGFBJ78DA,隘口三街１６０號,新竹縣竹北市隘口三街１６０號二樓,住宅大樓(11層含以上有電梯),房地(土地+建物)+車位,二層/十五層,3房2廳2衛,47.5,2985,75.6,-1.8,2026-05-05,坡道平面,預售屋、或土地及建物分件登記案件；
高鐵特區,115S3,2024-07-21,隘口三街,RPRQMLRLKIKGFBJ09DA,隘口三街１６０號,新竹縣竹北市隘口三街１６０號五樓,住宅大樓(11層含以上有電梯),房地(土地+建物)+車位,五層/十五層,3房2廳2衛,47.5,3048,76.4,-1.8,2026-05-05,坡道平面,預售屋、或土地及建物分件登記案件；
高鐵特區,115S3,2024-07-21,隘口三街,RPVQMLRLKIKGFBJ86DA,隘口三街１６０號,新竹縣竹北市隘口三街１６０號九樓,住宅大樓(11層含以上有電梯),房地(土地+建物)+車位,九層/十五層,3房2廳2衛,47.5,3045,76.3,-1.8,2026-05-05,坡道平面,預售屋、或土地及建物分件登記案件；
高鐵特區,115S3,2024-07-21,隘口三街,RPRRMLRLKIKGFBJ56DA,隘口三街１６０號,新竹縣竹北市隘口三街１６０號十五樓,住宅大樓(11層含以上有電梯),房地(土地+建物)+車位,十五層/十五層,3房2廳2衛,47.5,3071,77.7,-1.8,2026-05-05,坡道平面,預售屋、或土地及建物分件登記案件；
高鐵特區,115S3,2024-07-21,隘口三街,RPRNMLSLKIKGFBJ88DA,隘口三街１５８號,新竹縣竹北市隘口三街１５８號五樓,住宅大樓(11層含以上有電梯),房地(土地+建物)+車位,五層/十五層,3房2廳2衛,47.5,3033,76.4,-1.8,2026-05-05,坡道平面,預售屋、或土地及建物分件登記案件；
高鐵特區,115S3,2024-07-21,隘口三街,RPSNMLSLKIKGFBJ98DA,隘口三街１５８號,新竹縣竹北市隘口三街１５８號六樓,住宅大樓(11層含以上有電梯),房地(土地+建物)+車位,六層/十五層,3房2廳2衛,47.5,3043,76.6,-1.8,2026-05-05,坡道平面,預售屋、或土地及建物分件登記案件；
高鐵特區,115S3,2024-07-21,隘口三街,RPUOMLTLKIKGFBJ76DA,隘口三街１５６號,新竹縣竹北市隘口三街１５６號六樓,住宅大樓(11層含以上有電梯),房地(土地+建物)+車位,六層/十五層,4房2廳3衛,57.1,3628,73.5,-1.8,2026-05-05,坡道平面,預售屋、或土地及建物分件登記案件；
高鐵特區,115S3,2024-07-21,隘口三街,RPXOMLTLKIKGFBJ07DA,隘口三街１５６號,新竹縣竹北市隘口三街１５６號八樓,住宅大樓(11層含以上有電梯),房地(土地+建物)+車位,八層/十五層,4房2廳3衛,57.1,3663,74.5,-1.8,2026-05-05,坡道平面,預售屋、或土地及建物分件登記案件；
高鐵特區,115S3,2024-07-21,隘口三街,RPUPMLTLKIKGFBJ86DA,隘口三街１５６號,新竹縣竹北市隘口三街１５６號十四樓,住宅大樓(11層含以上有電梯),房地(土地+建物)+車位,十四層/十五層,4房2廳3衛,57.1,3694,74.6,-1.8,2026-05-05,坡道平面,預售屋、或土地及建物分件登記案件；
高鐵特區,115S3,2024-07-21,隘口三街,RPRPMLSJJHLGFBJ78DA,隘口三街１５０號,新竹縣竹北市隘口三街１５０號十五樓,住宅大樓(11層含以上有電梯),房地(土地+建物)+車位,十五層/十五層,2房2廳2衛,40.9,2629,80.0,-1.8,2026-05-05,坡道平面,預售屋、或土地及建物分件登記案件；
高鐵特區,115S3,2024-07-21,隘口三街,RPTPMLSJJHLGFBJ98DA,隘口三街１６０號,新竹縣竹北市隘口三街１６０號三樓,住宅大樓(11層含以上有電梯),房地(土地+建物)+車位,三層/十五層,3房2廳2衛,47.5,3013,75.8,-1.8,2026-05-05,坡道平面,預售屋、或土地及建物分件登記案件；
高鐵特區,115S3,2024-07-21,隘口三街,RPSQMLRLKIKGFBJ56DA,隘口三街１６０號,新竹縣竹北市隘口三街１６０號六樓,住宅大樓(11層含以上有電梯),房地(土地+建物)+車位,六層/十五層,3房2廳2衛,47.5,3043,76.6,-1.8,2026-05-05,坡道平面,預售屋、或土地及建物分件登記案件；
高鐵特區,115S3,2024-07-21,隘口三街,RPQNMLSLKIKGFBJ78DA,隘口三街１５８號,新竹縣竹北市隘口三街１５８號四樓,住宅大樓(11層含以上有電梯),房地(土地+建物)+車位,四層/十五層,3房2廳2衛,47.5,3028,76.2,-1.8,2026-05-05,坡道平面,預售屋、或土地及建物分件登記案件；
高鐵特區,115S3,2024-07-28,隘口三街,RPVOMLRLKIKGFBJ66DA,隘口三街１６２號,新竹縣竹北市隘口三街１６２號六樓,住宅大樓(11層含以上有電梯),房地(土地+建物)+車位,六層/十五層,4房2廳3衛,67.6,3831,73.5,-1.8,2026-05-05,坡道平面,預售屋、或土地及建物分件登記案件；
高鐵特區,115S3,2024-07-28,隘口三街,RPVPMLRLKIKGFBJ76DA,隘口三街１６２號,新竹縣竹北市隘口三街１６２號十三樓,住宅大樓(11層含以上有電梯),房地(土地+建物)+車位,十三層/十五層,4房2廳3衛,57.0,3705,75.2,-1.8,2026-05-05,坡道平面,預售屋、或土地及建物分件登記案件；
高鐵特區,115S3,2024-07-28,隘口三街,RPWPMLRLKIKGFBJ86DA,隘口三街１６２號,新竹縣竹北市隘口三街１６２號十四樓,住宅大樓(11層含以上有電梯),房地(土地+建物)+車位,十四層/十五層,4房2廳3衛,57.0,3714,75.4,-1.8,2026-05-05,坡道平面,預售屋、或土地及建物分件登記案件；
高鐵特區,115S3,2024-07-28,隘口三街,RPQQMLRLKIKGFBJ98DA,隘口三街１６０號,新竹縣竹北市隘口三街１６０號四樓,住宅大樓(11層含以上有電梯),房地(土地+建物)+車位,四層/十五層,3房2廳2衛,47.5,3028,76.2,-1.8,2026-05-05,坡道平面,預售屋、或土地及建物分件登記案件；
高鐵特區,115S3,2024-07-28,隘口三街,RPTQMLRLKIKGFBJ66DA,隘口三街１６０號,新竹縣竹北市隘口三街１６０號七樓,住宅大樓(11層含以上有電梯),房地(土地+建物)+車位,七層/十五層,3房2廳2衛,47.5,3053,76.9,-1.8,2026-05-05,坡道平面,預售屋、或土地及建物分件登記案件；
高鐵特區,115S3,2024-07-28,隘口三街,RPTNMLSLKIKGFBJ09DA,隘口三街１５８號,新竹縣竹北市隘口三街１５８號七樓,住宅大樓(11層含以上有電梯),房地(土地+建物)+車位,七層/十五層,3房2廳2衛,47.5,3053,76.9,-1.8,2026-05-05,坡道平面,預售屋、或土地及建物分件登記案件；
高鐵特區,115S3,2024-07-28,隘口三街,RPVOMLTLKIKGFBJ86DA,隘口三街１６２號,新竹縣竹北市隘口三街１６２號十二樓,住宅大樓(11層含以上有電梯),房地(土地+建物)+車位,十二層/十五層,4房2廳3衛,57.0,3696,75.0,-1.8,2026-05-05,坡道平面,預售屋、或土地及建物分件登記案件；
高鐵特區,115S3,2024-07-28,隘口三街,RPXQMLTLKIKGFBJ27DA,隘口三街１５０號,新竹縣竹北市隘口三街１５０號十樓,住宅大樓(11層含以上有電梯),房地(土地+建物)+車位,十層/十五層,2房2廳2衛,40.9,2663,80.8,-1.8,2026-05-05,坡道平面,預售屋、或土地及建物分件登記案件；
高鐵特區,115S3,2024-07-28,隘口三街,RPQNMLNKNHLGFBJ48DA,隘口三街１５６號,新竹縣竹北市隘口三街１５６號十二樓,住宅大樓(11層含以上有電梯),房地(土地+建物)+車位,十二層/十五層,4房2廳3衛,57.1,3689,74.5,-1.8,2026-05-05,坡道平面,預售屋、或土地及建物分件登記案件；
高鐵特區,115S3,2024-07-28,隘口三街,RPRNMLNKNHLGFBJ58DA,隘口三街１５６號,新竹縣竹北市隘口三街１５６號十三樓,住宅大樓(11層含以上有電梯),房地(土地+建物)+車位,十三層/十五層,4房2廳3衛,57.1,3708,74.9,-1.8,2026-05-05,坡道平面,預售屋、或土地及建物分件登記案件；
高鐵特區,115S3,2024-07-28,隘口三街,RPRQMLTLKIKGFBJ66DA,隘口三街１５０號,新竹縣竹北市隘口三街１５０號五樓,住宅大樓(11層含以上有電梯),房地(土地+建物)+車位,五層/十五層,2房2廳2衛,40.9,2611,79.4,-1.8,2026-05-05,坡道平面,預售屋、或土地及建物分件登記案件；
高鐵特區,115S3,2024-07-28,隘口三街,RPOOMLKMKIKGFBJ97DA,隘口三街１５２號,新竹縣竹北市隘口三街１５２號十樓,住宅大樓(11層含以上有電梯),房地(土地+建物)+車位,十層/十五層,2房2廳2衛,40.9,2678,80.8,-1.8,2026-05-05,坡道平面,預售屋、或土地及建物分件登記案件；
高鐵特區,115S3,2024-07-28,隘口三街,RPVQMLTLKIKGFBJ07DA,隘口三街１５０號,新竹縣竹北市隘口三街１５０號八樓,住宅大樓(11層含以上有電梯),房地(土地+建物)+車位,八層/十五層,2房2廳2衛,40.9,2651,80.4,-1.8,2026-05-05,坡道平面,預售屋、或土地及建物分件登記案件；
高鐵特區,115S3,2024-07-28,隘口三街,RPUNMLSLKIKGFBJ56DA,隘口三街１５８號,新竹縣竹北市隘口三街１５８號八樓,住宅大樓(11層含以上有電梯),房地(土地+建物)+車位,八層/十五層,3房2廳2衛,47.5,3063,77.2,-1.8,2026-05-05,坡道平面,預售屋、或土地及建物分件登記案件；
高鐵特區,113S3,2024-07-29,高鐵八路,RPUNMLNLQHJGFBJ09DA,高鐵八路５８號,新竹縣竹北市高鐵八路５８號十一樓之三,住宅大樓(11層含以上有電梯),房地(土地+建物)+車位,十一層/十五層,2房2廳2衛,44.3,1325,29.9,0.3,2024-03-14,坡道平面,親友、員工、共有人或其他特殊關係間之交易；
高鐵特區,115S3,2024-08-04,隘口三街,RPSOMLRLKIKGFBJ98DA,隘口三街１６２號,新竹縣竹北市隘口三街１６２號三樓,住宅大樓(11層含以上有電梯),房地(土地+建物)+車位,三層/十五層,4房2廳3衛,67.6,3819,74.3,-1.8,2026-05-05,坡道平面,預售屋、或土地及建物分件登記案件；
高鐵特區,115S3,2024-08-04,隘口三街,RPXPMLRLKIKGFBJ96DA,隘口三街１６２號,新竹縣竹北市隘口三街１６２號十五樓,住宅大樓(11層含以上有電梯),房地(土地+建物)+車位,十五層/十五層,4房2廳3衛,57.0,3724,75.6,-1.8,2026-05-05,坡道平面,預售屋、或土地及建物分件登記案件；
高鐵特區,115S3,2024-08-04,隘口三街,RPWQMLRLKIKGFBJ96DA,隘口三街１６０號,新竹縣竹北市隘口三街１６０號十樓,住宅大樓(11層含以上有電梯),房地(土地+建物)+車位,十層/十五層,3房2廳2衛,47.5,3113,78.5,-1.8,2026-05-05,坡道平面,預售屋、或土地及建物分件登記案件；
高鐵特區,115S3,2024-08-04,隘口三街,RPPRMLRLKIKGFBJ98DA,隘口三街１６０號,新竹縣竹北市隘口三街１６０號十三樓,住宅大樓(11層含以上有電梯),房地(土地+建物)+車位,十三層/十五層,3房2廳2衛,47.5,3160,79.4,-1.8,2026-05-05,坡道平面,預售屋、或土地及建物分件登記案件；
高鐵特區,115S3,2024-08-04,隘口三街,RPPNMLTLKIKGFBJ78DA,隘口三街１５８號,新竹縣竹北市隘口三街１５８號十五樓,住宅大樓(11層含以上有電梯),房地(土地+建物)+車位,十五層/十五層,3房2廳2衛,47.5,3081,77.7,-1.8,2026-05-05,坡道平面,預售屋、或土地及建物分件登記案件；
高鐵特區,115S3,2024-08-04,隘口三街,RPPOMLTLKIKGFBJ88DA,隘口三街１５６號,新竹縣竹北市隘口三街１５６號二樓,住宅大樓(11層含以上有電梯),房地(土地+建物)+車位,二層/十五層,4房2廳3衛,57.1,3615,72.9,-1.8,2026-05-05,坡道平面,預售屋、或土地及建物分件登記案件；
高鐵特區,115S3,2024-08-04,隘口三街,RPQOMLTLKIKGFBJ98DA,隘口三街１５６號,新竹縣竹北市隘口三街１５６號三樓,住宅大樓(11層含以上有電梯),房地(土地+建物)+車位,三層/十五層,4房2廳3衛,57.1,3670,74.3,-1.8,2026-05-05,坡道平面,預售屋、或土地及建物分件登記案件；
高鐵特區,115S3,2024-08-04,隘口三街,RPSOMLTLKIKGFBJ56DA,隘口三街１５６號,新竹縣竹北市隘口三街１５６號四樓,住宅大樓(11層含以上有電梯),房地(土地+建物)+車位,四層/十五層,4房2廳3衛,57.1,3598,73.7,-1.8,2026-05-05,坡道平面,預售屋、或土地及建物分件登記案件；
高鐵特區,115S3,2024-08-04,隘口三街,RPOPMLTLKIKGFBJ88DA,隘口三街１５６號,新竹縣竹北市隘口三街１５６號九樓,住宅大樓(11層含以上有電梯),房地(土地+建物)+車位,九層/十五層,4房2廳3衛,57.1,3755,75.9,-1.8,2026-05-05,坡道平面,預售屋、或土地及建物分件登記案件；
高鐵特區,115S3,2024-08-04,隘口三街,RPWQMLTLKIKGFBJ17DA,隘口三街１５０號,新竹縣竹北市隘口三街１５０號九樓,住宅大樓(11層含以上有電梯),房地(土地+建物)+車位,九層/十五層,2房2廳2衛,40.9,2703,82.1,-1.8,2026-05-05,坡道平面,預售屋、或土地及建物分件登記案件；
高鐵特區,115S3,2024-08-04,隘口三街,RPORMLTLKIKGFBJ09DA,隘口三街１５０號,新竹縣竹北市隘口三街１５０號十一樓,住宅大樓(11層含以上有電梯),房地(土地+建物)+車位,十一層/十五層,2房2廳2衛,40.9,2727,82.9,-1.8,2026-05-05,坡道平面,預售屋、或土地及建物分件登記案件；
高鐵特區,115S3,2024-08-04,隘口三街,RPPSMLKMKIKGFBJ48DA,隘口三街１４８號,新竹縣竹北市隘口三街１４８號八樓,住宅大樓(11層含以上有電梯),房地(土地+建物)+車位,八層/十五層,2房2廳2衛,40.8,2690,81.9,-1.8,2026-05-05,坡道平面,預售屋、或土地及建物分件登記案件；
高鐵特區,115S3,2024-08-04,隘口三街,RPPPMLRLKIKGFBJ78DA,隘口三街１６２號,新竹縣竹北市隘口三街１６２號十樓,住宅大樓(11層含以上有電梯),房地(土地+建物)+車位,十層/十五層,4房2廳3衛,57.0,3766,76.4,-1.8,2026-05-05,坡道平面,預售屋、或土地及建物分件登記案件；
高鐵特區,115S3,2024-08-04,隘口三街,RPPOMLSLKIKGFBJ78DA,隘口三街１５８號,新竹縣竹北市隘口三街１５８號十三樓,住宅大樓(11層含以上有電梯),房地(土地+建物)+車位,十三層/十五層,3房2廳2衛,47.5,3145,79.4,-1.8,2026-05-05,坡道平面,預售屋、或土地及建物分件登記案件；
高鐵特區,115S3,2024-08-04,隘口三街,RPTQMLTLKIKGFBJ86DA,隘口三街１５０號,新竹縣竹北市隘口三街１５０號七樓,住宅大樓(11層含以上有電梯),房地(土地+建物)+車位,七層/十五層,2房2廳2衛,40.9,2726,82.7,-1.8,2026-05-05,坡道平面,預售屋、或土地及建物分件登記案件；
高鐵特區,115S3,2024-08-04,隘口三街,RPSRMLRLKIKGFBJ66DA,隘口三街１５８號,新竹縣竹北市隘口三街１５８號二樓,住宅大樓(11層含以上有電梯),房地(土地+建物)+車位,二層/十五層,3房2廳2衛,47.5,3005,75.6,-1.8,2026-05-05,坡道平面,預售屋、或土地及建物分件登記案件；
高鐵特區,115S3,2024-08-04,隘口三街,RPWNMLSLKIKGFBJ76DA,隘口三街１５８號,新竹縣竹北市隘口三街１５８號十樓,住宅大樓(11層含以上有電梯),房地(土地+建物)+車位,十層/十五層,3房2廳2衛,47.5,3113,78.5,-1.8,2026-05-05,坡道平面,預售屋、或土地及建物分件登記案件；
高鐵特區,115S3,2024-08-04,隘口三街,RPWOMLTLKIKGFBJ96DA,隘口三街１５６號,新竹縣竹北市隘口三街１５６號七樓,住宅大樓(11層含以上有電梯),房地(土地+建物)+車位,七層/十五層,4房2廳3衛,57.1,3727,75.3,-1.8,2026-05-05,坡道平面,預售屋、或土地及建物分件登記案件；
高鐵特區,113S4,2024-08-06,高鐵九路,RPWNMLRJQHJGFBJ86DA,高鐵九路６１巷２１號,新竹縣竹北市高鐵九路６１巷２１號十一樓,住宅大樓(11層含以上有電梯),房地(土地+建物)+車位,十一層/十二層,3房2廳2衛,66.6,3960,59.5,0.7,2023-12-01,坡道平面,
高鐵特區,115S3,2024-08-11,隘口三街,RPROMLRLKIKGFBJ88DA,隘口三街１６２號,新竹縣竹北市隘口三街１６２號二樓,住宅大樓(11層含以上有電梯),房地(土地+建物)+車位,二層/十五層,4房2廳3衛,57.0,3639,73.8,-1.8,2026-05-05,坡道平面,預售屋、或土地及建物分件登記案件；
高鐵特區,115S3,2024-08-11,隘口三街,RPTOMLRLKIKGFBJ09DA,隘口三街１６２號,新竹縣竹北市隘口三街１６２號四樓,住宅大樓(11層含以上有電梯),房地(土地+建物)+車位,四層/十五層,4房2廳3衛,57.0,3676,74.6,-1.8,2026-05-05,坡道平面,預售屋、或土地及建物分件登記案件；
高鐵特區,115S3,2024-08-11,隘口三街,RPUOMLRLKIKGFBJ56DA,隘口三街１６２號,新竹縣竹北市隘口三街１６２號五樓,住宅大樓(11層含以上有電梯),房地(土地+建物)+車位,五層/十五層,4房2廳3衛,56.7,3718,75.4,-1.8,2026-05-05,坡道平面,預售屋、或土地及建物分件登記案件；
高鐵特區,115S3,2024-08-11,隘口三街,RPORMLRLKIKGFBJ88DA,隘口三街１６０號,新竹縣竹北市隘口三街１６０號十二樓,住宅大樓(11層含以上有電梯),房地(土地+建物)+車位,十二層/十五層,3房2廳2衛,47.5,3140,79.3,-1.8,2026-05-05,坡道平面,預售屋、或土地及建物分件登記案件；
高鐵特區,115S3,2024-08-11,隘口三街,RPQRMLRLKIKGFBJ09DA,隘口三街１６０號,新竹縣竹北市隘口三街１６０號十四樓,住宅大樓(11層含以上有電梯),房地(土地+建物)+車位,十四層/十五層,3房2廳2衛,47.5,3153,79.6,-1.8,2026-05-05,坡道平面,預售屋、或土地及建物分件登記案件；
高鐵特區,115S3,2024-08-11,隘口三街,RPQOMLSLKIKGFBJ88DA,隘口三街１５８號,新竹縣竹北市隘口三街１５８號十四樓,住宅大樓(11層含以上有電梯),房地(土地+建物)+車位,十四層/十五層,3房2廳2衛,47.5,3113,79.6,-1.8,2026-05-05,坡道平面,預售屋、或土地及建物分件登記案件；
高鐵特區,115S3,2024-08-11,隘口三街,RPQNMLKMKIKGFBJ08DA,隘口三街１５２號,新竹縣竹北市隘口三街１５２號三樓,住宅大樓(11層含以上有電梯),房地(土地+建物)+車位,三層/十五層,2房2廳2衛,40.9,2663,81.8,-1.8,2026-05-05,坡道平面,預售屋、或土地及建物分件登記案件；
高鐵特區,115S3,2024-08-11,隘口三街,RPVOMLKMKIKGFBJ68DA,隘口三街１４６號,新竹縣竹北市隘口三街１４６號三樓,住宅大樓(11層含以上有電梯),房地(土地+建物)+車位,三層/十五層,2房2廳2衛,40.9,2698,81.8,-1.8,2026-05-05,坡道平面,預售屋、或土地及建物分件登記案件；
高鐵特區,115S3,2024-08-11,隘口三街,RPXOMLKMKIKGFBJ88DA,隘口三街１４６號,新竹縣竹北市隘口三街１４６號五樓,住宅大樓(11層含以上有電梯),房地(土地+建物)+車位,五層/十五層,2房2廳2衛,40.9,2698,81.5,-1.8,2026-05-05,坡道平面,預售屋、或土地及建物分件登記案件；
高鐵特區,115S3,2024-08-11,隘口三街,RPOPMLKMKIKGFBJ08DA,隘口三街１４６號,新竹縣竹北市隘口三街１４６號四樓,住宅大樓(11層含以上有電梯),房地(土地+建物)+車位,四層/十五層,2房2廳2衛,40.9,2700,81.5,-1.8,2026-05-05,坡道平面,預售屋、或土地及建物分件登記案件；
高鐵特區,115S3,2024-08-11,隘口三街,RPSRMLKMKIKGFBJ68DA,隘口三街１４６號,新竹縣竹北市隘口三街１４６號十五樓,住宅大樓(11層含以上有電梯),房地(土地+建物)+車位,十五層/十五層,2房2廳2衛,40.9,2713,82.8,-1.8,2026-05-05,坡道平面,預售屋、或土地及建物分件登記案件；
高鐵特區,115S3,2024-08-11,隘口三街,RPURMLKMKIKGFBJ88DA,隘口三街１４８號,新竹縣竹北市隘口三街１４８號三樓,住宅大樓(11層含以上有電梯),房地(土地+建物)+車位,三層/十五層,2房2廳2衛,40.8,2668,81.5,-1.8,2026-05-05,坡道平面,預售屋、或土地及建物分件登記案件；
高鐵特區,115S3,2024-08-11,隘口三街,RPWRMLKMKIKGFBJ09DA,隘口三街１４８號,新竹縣竹北市隘口三街１４８號五樓,住宅大樓(11層含以上有電梯),房地(土地+建物)+車位,五層/十五層,2房2廳2衛,40.8,2673,81.7,-1.8,2026-05-05,坡道平面,預售屋、或土地及建物分件登記案件；
高鐵特區,115S3,2024-08-11,隘口三街,RPXNMLSLKIKGFBJ86DA,隘口三街１５８號,新竹縣竹北市隘口三街１５８號十一樓,住宅大樓(11層含以上有電梯),房地(土地+建物)+車位,十一層/十五層,3房2廳2衛,47.5,3131,79.0,-1.8,2026-05-05,坡道平面,預售屋、或土地及建物分件登記案件；
高鐵特區,115S3,2024-08-11,隘口三街,RPRPMLTLKIKGFBJ56DA,隘口三街１５６號,新竹縣竹北市隘口三街１５６號十一樓,住宅大樓(11層含以上有電梯),房地(土地+建物)+車位,十一層/十五層,4房2廳3衛,57.1,3741,76.4,-1.8,2026-05-05,坡道平面,預售屋、或土地及建物分件登記案件；
高鐵特區,115S3,2024-08-11,隘口三街,RPSNMLNKNHLGFBJ68DA,隘口三街１４８號,新竹縣竹北市隘口三街１４８號六樓,住宅大樓(11層含以上有電梯),房地(土地+建物)+車位,六層/十五層,2房2廳2衛,40.5,2695,82.4,-1.8,2026-05-05,坡道平面,預售屋、或土地及建物分件登記案件；
高鐵特區,115S3,2024-08-11,隘口三街,RPOQMLKMKIKGFBJ18DA,隘口三街１４６號,新竹縣竹北市隘口三街１４６號十一樓,住宅大樓(11層含以上有電梯),房地(土地+建物)+車位,十一層/十五層,2房2廳2衛,40.9,2680,82.3,-1.8,2026-05-05,坡道平面,預售屋、或土地及建物分件登記案件；
高鐵特區,115S3,2024-08-11,隘口三街,RPTOMLTLKIKGFBJ66DA,隘口三街１５６號,新竹縣竹北市隘口三街１５６號五樓,住宅大樓(11層含以上有電梯),房地(土地+建物)+車位,五層/十五層,4房2廳3衛,67.7,3920,75.4,-1.8,2026-05-05,坡道平面,預售屋、或土地及建物分件登記案件；
高鐵特區,115S3,2024-08-11,隘口三街,RPRRMLTLKIKGFBJ76DA,隘口三街１５０號,新竹縣竹北市隘口三街１５０號十四樓,住宅大樓(11層含以上有電梯),房地(土地+建物)+車位,十四層/十五層,2房2廳2衛,40.9,2709,83.3,-1.8,2026-05-05,坡道平面,預售屋、或土地及建物分件登記案件；
高鐵特區,113S4,2024-08-15,十興路一段,RPSNMLNKRHJGFBJ98EA,十興路一段５５２號,新竹縣竹北市十興路一段５５２號三樓,住宅大樓(11層含以上有電梯),房地(土地+建物)+車位,三層/十九層,3房2廳2衛,58.2,3690,63.4,1.7,2022-12-30,坡道平面,
高鐵特區,115S1,2024-08-16,隘口七街,RPTNMLOLKIKGFBJ68DA,隘口七街６０號,新竹縣竹北市隘口七街６０號二樓,華廈(10層含以下有電梯),房地(土地+建物)+車位,二層/七層,3房2廳2衛,45.2,2990,69.9,-1.2,2025-10-28,坡道平面,預售屋、或土地及建物分件登記案件；
高鐵特區,115S3,2024-08-18,隘口三街,RPPQMLTLKIKGFBJ09DA,隘口三街１５０號,新竹縣竹北市隘口三街１５０號三樓,住宅大樓(11層含以上有電梯),房地(土地+建物)+車位,三層/十五層,2房2廳2衛,40.9,2703,82.4,-1.8,2026-05-05,坡道平面,預售屋、或土地及建物分件登記案件；
高鐵特區,115S3,2024-08-18,隘口三街,RPUOMLKMKIKGFBJ58DA,隘口三街１４６號,新竹縣竹北市隘口三街１４６號二樓,住宅大樓(11層含以上有電梯),房地(土地+建物)+車位,二層/十五層,2房2廳2衛,40.9,2657,80.9,-1.8,2026-05-05,坡道平面,預售屋、或土地及建物分件登記案件；
高鐵特區,115S3,2024-08-18,隘口三街,RPPPMLKMKIKGFBJ18DA,隘口三街１４６號,新竹縣竹北市隘口三街１４６號六樓,住宅大樓(11層含以上有電梯),房地(土地+建物)+車位,六層/十五層,2房2廳2衛,40.9,2718,82.4,-1.8,2026-05-05,坡道平面,預售屋、或土地及建物分件登記案件；
高鐵特區,115S3,2024-08-18,隘口三街,RPQQMLKMKIKGFBJ38DA,隘口三街１４６號,新竹縣竹北市隘口三街１４６號十二樓,住宅大樓(11層含以上有電梯),房地(土地+建物)+車位,十二層/十五層,2房2廳2衛,40.9,2715,83.8,-1.8,2026-05-05,坡道平面,預售屋、或土地及建物分件登記案件；
高鐵特區,115S3,2024-08-18,隘口三街,RPTRMLKMKIKGFBJ78DA,隘口三街１４８號,新竹縣竹北市隘口三街１４８號二樓,住宅大樓(11層含以上有電梯),房地(土地+建物)+車位,二層/十五層,2房2廳2衛,40.8,2615,80.8,-1.8,2026-05-05,坡道平面,預售屋、或土地及建物分件登記案件；
高鐵特區,115S3,2024-08-18,隘口三街,RPOSMLKMKIKGFBJ38DA,隘口三街１４８號,新竹縣竹北市隘口三街１４８號七樓,住宅大樓(11層含以上有電梯),房地(土地+建物)+車位,七層/十五層,2房2廳2衛,40.8,2713,83.7,-1.8,2026-05-05,坡道平面,預售屋、或土地及建物分件登記案件；
高鐵特區,115S3,2024-08-18,隘口三街,RPTSMLKMKIKGFBJ88DA,隘口三街１４８號,新竹縣竹北市隘口三街１４８號十一樓,住宅大樓(11層含以上有電梯),房地(土地+建物)+車位,十一層/十五層,2房2廳2衛,40.8,2758,83.7,-1.8,2026-05-05,坡道平面,預售屋、或土地及建物分件登記案件；
高鐵特區,115S3,2024-08-18,隘口三街,RPVSMLKMKIKGFBJ09DA,隘口三街１４８號,新竹縣竹北市隘口三街１４８號十三樓,住宅大樓(11層含以上有電梯),房地(土地+建物)+車位,十三層/十五層,2房2廳2衛,40.5,2755,84.6,-1.8,2026-05-05,坡道平面,預售屋、或土地及建物分件登記案件；
高鐵特區,115S3,2024-08-18,隘口三街,RPRQMLKMKIKGFBJ48DA,隘口三街１４６號,新竹縣竹北市隘口三街１４６號十三樓,住宅大樓(11層含以上有電梯),房地(土地+建物)+車位,十三層/十五層,2房2廳2衛,40.9,2766,84.0,-1.8,2026-05-05,坡道平面,預售屋、或土地及建物分件登記案件；
高鐵特區,115S3,2024-08-18,隘口三街,RPXQMLRLKIKGFBJ07DA,隘口三街１６０號,新竹縣竹北市隘口三街１６０號十一樓,住宅大樓(11層含以上有電梯),房地(土地+建物)+車位,十一層/十五層,3房2廳2衛,58.1,3341,80.1,-1.8,2026-05-05,坡道平面,預售屋、或土地及建物分件登記案件；
高鐵特區,115S3,2024-08-18,隘口三街,RPSSMLKMKIKGFBJ78DA,隘口三街１４８號,新竹縣竹北市隘口三街１４８號九樓,住宅大樓(11層含以上有電梯),房地(土地+建物)+車位,九層/十五層,2房2廳2衛,40.8,2741,83.9,-1.8,2026-05-05,坡道平面,預售屋、或土地及建物分件登記案件；
高鐵特區,115S3,2024-08-18,隘口三街,RPTPMLKMKIKGFBJ58DA,隘口三街１４６號,新竹縣竹北市隘口三街１４６號七樓,住宅大樓(11層含以上有電梯),房地(土地+建物)+車位,七層/十五層,2房2廳2衛,40.9,2703,83.1,-1.8,2026-05-05,坡道平面,預售屋、或土地及建物分件登記案件；
高鐵特區,115S3,2024-08-18,隘口三街,RPUPMLKMKIKGFBJ68DA,隘口三街１４６號,新竹縣竹北市隘口三街１４６號八樓,住宅大樓(11層含以上有電梯),房地(土地+建物)+車位,八層/十五層,2房2廳2衛,40.9,2768,83.8,-1.8,2026-05-05,坡道平面,預售屋、或土地及建物分件登記案件；
高鐵特區,115S3,2024-08-18,隘口三街,RPVPMLKMKIKGFBJ78DA,隘口三街１４６號,新竹縣竹北市隘口三街１４６號九樓,住宅大樓(11層含以上有電梯),房地(土地+建物)+車位,九層/十五層,2房2廳2衛,40.9,2733,83.4,-1.8,2026-05-05,坡道平面,預售屋、或土地及建物分件登記案件；
高鐵特區,115S3,2024-08-18,隘口三街,RPTOMLKMKIKGFBJ48DA,隘口三街１５２號,新竹縣竹北市隘口三街１５２號十五樓,住宅大樓(11層含以上有電梯),房地(土地+建物)+車位,十五層/十五層,2房2廳2衛,40.6,2746,83.9,-1.8,2026-05-05,坡道平面,預售屋、或土地及建物分件登記案件；
高鐵特區,115S3,2024-08-18,隘口三街,RPQRMLQJKHLGFBJ78DA,隘口三街１５２號,新竹縣竹北市隘口三街１５２號六樓,住宅大樓(11層含以上有電梯),房地(土地+建物)+車位,六層/十五層,2房2廳2衛,40.9,2715,82.8,-1.8,2026-05-05,坡道平面,預售屋、或土地及建物分件登記案件；
高鐵特區,115S3,2024-08-18,隘口三街,RPOQMLTLKIKGFBJ98DA,隘口三街１５０號,新竹縣竹北市隘口三街１５０號二樓,住宅大樓(11層含以上有電梯),房地(土地+建物)+車位,二層/十五層,2房2廳2衛,40.9,2675,81.5,-1.8,2026-05-05,坡道平面,預售屋、或土地及建物分件登記案件；
高鐵特區,115S3,2024-08-18,隘口三街,RPRRMLKMKIKGFBJ58DA,隘口三街１４６號,新竹縣竹北市隘口三街１４６號十四樓,住宅大樓(11層含以上有電梯),房地(土地+建物)+車位,十四層/十五層,2房2廳2衛,40.9,2761,84.4,-1.8,2026-05-05,坡道平面,預售屋、或土地及建物分件登記案件；
高鐵特區,115S3,2024-08-18,隘口三街,RPPNMLKMKIKGFBJ97DA,隘口三街１５２號,新竹縣竹北市隘口三街１５２號二樓,住宅大樓(11層含以上有電梯),房地(土地+建物)+車位,二層/十五層,2房2廳2衛,40.9,2678,81.1,-1.8,2026-05-05,坡道平面,預售屋、或土地及建物分件登記案件；
高鐵特區,115S3,2024-08-25,隘口三街,RPQQMLTLKIKGFBJ56DA,隘口三街１５０號,新竹縣竹北市隘口三街１５０號四樓,住宅大樓(11層含以上有電梯),房地(土地+建物)+車位,四層/十五層,2房2廳2衛,40.9,2720,83.0,-1.8,2026-05-05,坡道平面,預售屋、或土地及建物分件登記案件；
高鐵特區,115S3,2024-08-25,隘口三街,RPUQMLTLKIKGFBJ96DA,隘口三街１５０號,新竹縣竹北市隘口三街１５０號六樓,住宅大樓(11層含以上有電梯),房地(土地+建物)+車位,六層/十五層,2房2廳2衛,40.9,2748,83.9,-1.8,2026-05-05,坡道平面,預售屋、或土地及建物分件登記案件；
高鐵特區,115S3,2024-08-25,隘口三街,RPQRMLTLKIKGFBJ66DA,隘口三街１５０號,新竹縣竹北市隘口三街１５０號十三樓,住宅大樓(11層含以上有電梯),房地(土地+建物)+車位,十三層/十五層,2房2廳2衛,40.9,2815,85.8,-1.8,2026-05-05,坡道平面,預售屋、或土地及建物分件登記案件；
高鐵特區,115S3,2024-08-25,隘口三街,RPWNMLKMKIKGFBJ68DA,隘口三街１５２號,新竹縣竹北市隘口三街１５２號八樓,住宅大樓(11層含以上有電梯),房地(土地+建物)+車位,八層/十五層,2房2廳2衛,40.9,2788,84.8,-1.8,2026-05-05,坡道平面,預售屋、或土地及建物分件登記案件；
高鐵特區,115S3,2024-08-25,隘口三街,RPPOMLKMKIKGFBJ08DA,隘口三街１５２號,新竹縣竹北市隘口三街１５２號十一樓,住宅大樓(11層含以上有電梯),房地(土地+建物)+車位,十一層/十五層,2房2廳2衛,40.9,2781,84.7,-1.8,2026-05-05,坡道平面,預售屋、或土地及建物分件登記案件；
高鐵特區,115S3,2024-08-25,隘口三街,RPQOMLKMKIKGFBJ18DA,隘口三街１５２號,新竹縣竹北市隘口三街１５２號十二樓,住宅大樓(11層含以上有電梯),房地(土地+建物)+車位,十二層/十五層,2房2廳2衛,40.6,2776,85.0,-1.8,2026-05-05,坡道平面,預售屋、或土地及建物分件登記案件；
高鐵特區,115S3,2024-08-25,隘口三街,RPROMLKMKIKGFBJ28DA,隘口三街１５２號,新竹縣竹北市隘口三街１５２號十三樓,住宅大樓(11層含以上有電梯),房地(土地+建物)+車位,十三層/十五層,2房2廳2衛,40.9,2780,85.5,-1.8,2026-05-05,坡道平面,預售屋、或土地及建物分件登記案件；
高鐵特區,115S3,2024-08-25,隘口三街,RPWPMLKMKIKGFBJ88DA,隘口三街１４６號,新竹縣竹北市隘口三街１４６號十樓,住宅大樓(11層含以上有電梯),房地(土地+建物)+車位,十層/十五層,2房2廳2衛,40.9,2775,84.7,-1.8,2026-05-05,坡道平面,預售屋、或土地及建物分件登記案件；
高鐵特區,115S3,2024-08-25,隘口三街,RPVRMLKMKIKGFBJ98DA,隘口三街１４８號,新竹縣竹北市隘口三街１４８號四樓,住宅大樓(11層含以上有電梯),房地(土地+建物)+車位,四層/十五層,2房2廳2衛,40.8,2675,81.4,-1.8,2026-05-05,坡道平面,預售屋、或土地及建物分件登記案件；
高鐵特區,115S3,2024-08-25,隘口三街,RPRSMLKMKIKGFBJ68DA,隘口三街１４８號,新竹縣竹北市隘口三街１４８號十樓,住宅大樓(11層含以上有電梯),房地(土地+建物)+車位,十層/十五層,2房2廳2衛,40.8,2746,84.6,-1.8,2026-05-05,坡道平面,預售屋、或土地及建物分件登記案件；
高鐵特區,115S3,2024-08-25,隘口三街,RPUSMLKMKIKGFBJ98DA,隘口三街１４８號,新竹縣竹北市隘口三街１４８號十二樓,住宅大樓(11層含以上有電梯),房地(土地+建物)+車位,十二層/十五層,2房2廳2衛,40.8,2760,84.6,-1.8,2026-05-05,坡道平面,預售屋、或土地及建物分件登記案件；
高鐵特區,115S3,2024-08-25,隘口三街,RPPRMLTLKIKGFBJ56DA,隘口三街１５０號,新竹縣竹北市隘口三街１５０號十二樓,住宅大樓(11層含以上有電梯),房地(土地+建物)+車位,十二層/十五層,2房2廳2衛,40.9,2790,84.8,-1.8,2026-05-05,坡道平面,預售屋、或土地及建物分件登記案件；
高鐵特區,115S3,2024-08-25,隘口三街,RPXNMLKMKIKGFBJ78DA,隘口三街１５２號,新竹縣竹北市隘口三街１５２號九樓,住宅大樓(11層含以上有電梯),房地(土地+建物)+車位,九層/十五層,2房2廳2衛,40.9,2798,85.1,-1.8,2026-05-05,坡道平面,預售屋、或土地及建物分件登記案件；
高鐵特區,115S3,2024-08-26,光明六路東二段,RPQNMLLJPHLGFBJ38DA,光明六路東二段３１６號,新竹縣竹北市光明六路東二段３１６號十三樓,住宅大樓(11層含以上有電梯),房地(土地+建物)+車位,十三層/二十二層,3房2廳2衛,55.4,3998,80.1,-1.8,2026-05-19,坡道平面,預售屋、或土地及建物分件登記案件；
高鐵特區,113S4,2024-08-28,六家五路二段,RPTNMLQJRHJGFBJ56DA,六家五路二段１７３號,新竹縣竹北市六家五路二段１７３號三樓,住宅大樓(11層含以上有電梯),房地(土地+建物)+車位,三層/十四層,3房2廳2衛,67.5,3970,74.0,2.2,2022-05-17,坡道平面,
高鐵特區,115S3,2024-08-30,光明六路東二段,RPQNMLSJOHLGFBJ98DA,光明六路東二段３１８號,新竹縣竹北市光明六路東二段３１８號四樓,住宅大樓(11層含以上有電梯),房地(土地+建物)+車位,四層/二十二層,3房2廳2衛,55.4,3958,79.4,-1.8,2026-05-19,坡道平面,預售屋、或土地及建物分件登記案件；
高鐵特區,113S4,2024-09-12,高鐵八路,RPXOMLRLJIJGFBJ66DA,高鐵八路５２號,新竹縣竹北市高鐵八路５２號六樓之二,住宅大樓(11層含以上有電梯),房地(土地+建物)+車位,六層/十五層,3房2廳2衛,52.9,1520,28.7,0.5,2024-03-14,坡道平面,親友、員工、共有人或其他特殊關係間之交易；
高鐵特區,113S4,2024-09-13,高鐵八路,RPPOMLSLIIJGFBJ48DA,高鐵八路５８號,新竹縣竹北市高鐵八路５８號七樓之三,住宅大樓(11層含以上有電梯),房地(土地+建物)+車位,七層/十五層,2房2廳2衛,44.3,3450,77.9,0.5,2024-03-14,坡道平面,
高鐵特區,113S4,2024-09-14,高鐵九路,RPRNMLLKIIJGFBJ77DA,高鐵九路６１巷２３號,新竹縣竹北市高鐵九路６１巷２３號六樓,住宅大樓(11層含以上有電梯),房地(土地+建物)+車位,六層/十二層,4房2廳2衛,69.5,3973,57.2,0.8,2023-12-01,坡道平面,
高鐵特區,113S4,2024-09-15,十興路二段,RPOOMLOJJIJGFBJ87DA,十興路二段１４２號,新竹縣竹北市十興路二段１４２號十三樓,住宅大樓(11層含以上有電梯),房地(土地+建物)+車位,十三層/十四層,2房1廳1衛,32.1,2040,63.5,5.0,2019-09-29,坡道平面,
高鐵特區,114S1,2024-09-16,光明六路東二段,RPVOMLLKKHKGFBJ48DA,光明六路東二段６３３號,新竹縣竹北市光明六路東二段６３３號八樓之二,住宅大樓(11層含以上有電梯),房地(土地+建物)+車位,八層/十四層,2房2廳1衛,33.4,1235,37.0,0.8,2023-12-15,坡道平面,親友、員工、共有人或其他特殊關係間之交易；
高鐵特區,115S1,2024-09-16,六家一路二段,RPUPMLSJKIKGFBJ56DA,六家一路二段２８號,新竹縣竹北市六家一路二段２８號三樓,華廈(10層含以下有電梯),房地(土地+建物)+車位,三層/十層,3房2廳2衛,57.4,3600,78.7,-1.0,2025-09-17,坡道平面,預售屋、或土地及建物分件登記案件；
高鐵特區,115S1,2024-09-16,六家一路二段,RPOQMLSJKIKGFBJ68DA,六家一路二段３０號,新竹縣竹北市六家一路二段３０號五樓,華廈(10層含以下有電梯),房地(土地+建物)+車位,五層/十層,3房2廳2衛,56.4,3736,83.2,-1.0,2025-09-17,坡道平面,預售屋、或土地及建物分件登記案件；
高鐵特區,115S1,2024-09-16,六家一路二段,RPQQMLSJKIKGFBJ88DA,六家一路二段３０號,新竹縣竹北市六家一路二段３０號六樓,華廈(10層含以下有電梯),房地(土地+建物)+車位,六層/十層,3房2廳2衛,56.4,3837,85.7,-1.0,2025-09-17,坡道平面,預售屋、或土地及建物分件登記案件；
高鐵特區,115S1,2024-09-16,六家一路二段,RPRPMLOLKIKGFBJ68DA,六家一路二段２８號,新竹縣竹北市六家一路二段２８號五樓,華廈(10層含以下有電梯),房地(土地+建物)+車位,五層/十層,3房2廳2衛,57.4,3810,83.2,-1.0,2025-09-17,坡道平面,預售屋、或土地及建物分件登記案件；
高鐵特區,114S1,2024-09-18,六家五路二段,RPSNMLMLIIJGFBJ08DA,六家五路二段１７３號,新竹縣竹北市六家五路二段１７３號二樓,住宅大樓(11層含以上有電梯),房地(土地+建物)+車位,二層/十四層,3房2廳2衛,66.0,3916,74.1,2.3,2022-05-17,坡道平面,
高鐵特區,115S1,2024-09-18,六家一路二段,RPQPMLOLKIKGFBJ58DA,六家一路二段２８號,新竹縣竹北市六家一路二段２８號九樓,華廈(10層含以下有電梯),房地(土地+建物)+車位,九層/十層,3房2廳2衛,72.4,4292,88.5,-1.0,2025-09-17,坡道平面,預售屋、或土地及建物分件登記案件；
高鐵特區,114S1,2024-09-20,莊敬北路,RPUNMLRKKHKGFBJ88DA,莊敬北路２１６號,新竹縣竹北市莊敬北路２１６號二十二樓之二,住宅大樓(11層含以上有電梯),房地(土地+建物)+車位,二十二層/二十九層,4房2廳2衛,63.8,3980,68.3,4.6,2020-02-21,坡道平面,
高鐵特區,113S4,2024-09-22,光明六路東二段,RPXOMLOJJIJGFBJ78DA,光明六路東二段６３１號,新竹縣竹北市光明六路東二段６３１號十三樓之二,住宅大樓(11層含以上有電梯),房地(土地+建物)+車位,十三層/十三層,2房2廳1衛,33.6,2428,72.2,0.8,2023-12-15,坡道平面,
高鐵特區,114S1,2024-09-22,十興路二段,RPVNMLNLKIJGFBJ68DA,十興路二段１２６號,新竹縣竹北市十興路二段１２６號十二樓,住宅大樓(11層含以上有電梯),房地(土地+建物)+車位,十二層/十四層,3房2廳2衛,47.0,2865,60.9,5.0,2019-09-29,坡道平面,
高鐵特區,113S4,2024-09-28,莊敬三路,RPROMLQKIIJGFBJ38DA,莊敬三路４７號,新竹縣竹北市莊敬三路４７號四樓之六,住宅大樓(11層含以上有電梯),房地(土地+建物)+車位,四層/十四層,2房0廳2衛,27.0,1580,58.6,3.2,2021-07-16,其他,
高鐵特區,115S3,2024-09-29,隘口三街,RPSNMLRLKIKGFBJ88DA,隘口三街１７６號,新竹縣竹北市隘口三街１７６號,住宅大樓(11層含以上有電梯),房地(土地+建物),一層/十五層,0房0廳0衛,35.0,2765,79.0,-1.7,2026-05-05,,預售屋、或土地及建物分件登記案件；
高鐵特區,115S3,2024-09-29,隘口三街,RPTNMLRLKIKGFBJ98DA,隘口三街１７２號,新竹縣竹北市隘口三街１７２號,住宅大樓(11層含以上有電梯),房地(土地+建物),一層/十五層,0房0廳0衛,17.1,1475,86.1,-1.7,2026-05-05,,預售屋、或土地及建物分件登記案件；
高鐵特區,115S3,2024-09-29,隘口三街,RPUNMLRLKIKGFBJ09DA,隘口三街１７０號,新竹縣竹北市隘口三街１７０號,住宅大樓(11層含以上有電梯),房地(土地+建物),一層/十五層,0房0廳0衛,19.4,1650,85.1,-1.7,2026-05-05,,預售屋、或土地及建物分件登記案件；
高鐵特區,115S3,2024-09-29,隘口三街,RPVNMLRLKIKGFBJ56DA,隘口三街１６８號,新竹縣竹北市隘口三街１６８號,住宅大樓(11層含以上有電梯),房地(土地+建物),一層/十五層,0房0廳0衛,19.4,1650,85.1,-1.7,2026-05-05,,預售屋、或土地及建物分件登記案件；
高鐵特區,115S3,2024-09-29,隘口三街,RPWNMLRLKIKGFBJ66DA,隘口三街１６６號,新竹縣竹北市隘口三街１６６號,住宅大樓(11層含以上有電梯),房地(土地+建物),一層/十五層,0房0廳0衛,17.1,1475,86.1,-1.7,2026-05-05,,預售屋、或土地及建物分件登記案件；
高鐵特區,115S3,2024-09-29,隘口三街,RPXNMLRLKIKGFBJ76DA,隘口三街１４２號,新竹縣竹北市隘口三街１４２號,住宅大樓(11層含以上有電梯),房地(土地+建物),一層/十五層,0房0廳0衛,31.7,2505,79.0,-1.7,2026-05-05,,預售屋、或土地及建物分件登記案件；
高鐵特區,115S3,2024-09-29,高鐵六路,RPOOMLRLKIKGFBJ58DA,高鐵六路８１號,新竹縣竹北市高鐵六路８１號,住宅大樓(11層含以上有電梯),房地(土地+建物)+車位,一層/十五層,0房0廳0衛,40.4,2580,79.9,-1.7,2026-05-05,坡道平面,預售屋、或土地及建物分件登記案件；
高鐵特區,115S3,2024-09-29,高鐵六路,RPPOMLRLKIKGFBJ68DA,高鐵六路８３號,新竹縣竹北市高鐵六路８３號,住宅大樓(11層含以上有電梯),房地(土地+建物)+車位,一層/十五層,0房0廳0衛,44.1,2850,79.0,-1.7,2026-05-05,坡道平面,預售屋、或土地及建物分件登記案件；
高鐵特區,115S3,2024-09-29,高鐵六路,RPQOMLRLKIKGFBJ78DA,高鐵六路８５號,新竹縣竹北市高鐵六路８５號,住宅大樓(11層含以上有電梯),房地(土地+建物)+車位,一層/十五層,0房0廳0衛,63.3,4340,78.5,-1.7,2026-05-05,坡道平面,預售屋、或土地及建物分件登記案件；
高鐵特區,115S3,2024-09-29,隘口三街,RPSPMLSJJHLGFBJ88DA,隘口三街１４８號,新竹縣竹北市隘口三街１４８號十四樓,住宅大樓(11層含以上有電梯),房地(土地+建物)+車位,十四層/十五層,2房2廳2衛,40.8,2396,72.5,-1.7,2026-05-05,坡道平面,預售屋、或土地及建物分件登記案件；
高鐵特區,115S3,2024-09-29,隘口三街,RPUQMLRLKIKGFBJ76DA,隘口三街１６０號,新竹縣竹北市隘口三街１６０號八樓,住宅大樓(11層含以上有電梯),房地(土地+建物)+車位,八層/十五層,3房2廳2衛,47.5,2951,74.2,-1.7,2026-05-05,坡道平面,預售屋、或土地及建物分件登記案件；
高鐵特區,113S4,2024-10-13,光明六路東二段,RPUNMLRJJIJGFBJ68DA,光明六路東二段６２７號,新竹縣竹北市光明六路東二段６２７號十二樓之六,住宅大樓(11層含以上有電梯),房地(土地+建物)+車位,十二層/十五層,3房2廳2衛,41.6,2538,61.0,0.8,2023-12-15,坡道平面,
高鐵特區,113S4,2024-10-25,光明六路東二段,RPSNMLKLJIJGFBJ97DA,光明六路東二段６３３號,新竹縣竹北市光明六路東二段６３３號十樓之二,住宅大樓(11層含以上有電梯),房地(土地+建物)+車位,十層/十四層,2房2廳1衛,33.4,1668,50.0,0.8,2023-12-15,坡道平面,
高鐵特區,114S2,2024-11-11,十興路一段,RPSNMLQKMHKGFBJ78DA,十興路一段２７５號,新竹縣竹北市十興路一段２７５號五樓,住宅大樓(11層含以上有電梯),房地(土地+建物)+車位,五層/十四層,3房2廳2衛,51.0,3165,62.0,4.8,2020-01-17,坡道平面,其他增建；
高鐵特區,114S1,2024-11-12,光明六路東二段,RPQNMLMKKHKGFBJ97DA,光明六路東二段４０９號,新竹縣竹北市光明六路東二段４０９號六樓之五,住宅大樓(11層含以上有電梯),房地(土地+建物)+車位,六層/二十四層,4房2廳3衛,63.8,3150,49.4,1.1,2023-10-30,坡道平面,
高鐵特區,114S1,2024-11-17,高鐵八路,RPPOMLNKKIJGFBJ08DA,高鐵八路５６號,新竹縣竹北市高鐵八路５６號二樓之一,住宅大樓(11層含以上有電梯),房地(土地+建物)+車位,二層/十五層,3房2廳2衛,69.6,3872,75.0,0.7,2024-03-14,坡道平面,
高鐵特區,114S1,2024-11-20,光明六路東二段,RPWOMLQJJHKGFBJ88DA,光明六路東二段６３５號,新竹縣竹北市光明六路東二段６３５號五樓之三,住宅大樓(11層含以上有電梯),房地(土地+建物)+車位,五層/十四層,2房2廳1衛,33.4,1800,54.0,0.9,2023-12-15,坡道平面,
高鐵特區,114S1,2024-11-22,高鐵八路,RPTNMLMJJHKGFBJ08DA,高鐵八路６８號,新竹縣竹北市高鐵八路６８號,住宅大樓(11層含以上有電梯),房地(土地+建物)+車位,一層/十五層,0房0廳0衛,107.3,6875,77.0,0.7,2024-03-14,坡道平面,
高鐵特區,114S1,2024-11-22,高鐵八路,RPUNMLMJJHKGFBJ18DA,高鐵八路６６號,新竹縣竹北市高鐵八路６６號,住宅大樓(11層含以上有電梯),房地(土地+建物)+車位,一層/十五層,0房0廳0衛,111.1,6780,71.0,0.7,2024-03-14,坡道平面,
高鐵特區,114S1,2024-11-26,光明六路東二段,RPVNMLMJJHKGFBJ28DA,光明六路東二段４０３號,新竹縣竹北市光明六路東二段４０３號,住宅大樓(11層含以上有電梯),房地(土地+建物)+車位,一層，二層/二十四層,0房0廳0衛,76.2,4385,57.5,1.1,2023-10-30,坡道平面,
高鐵特區,115S1,2024-11-30,六家一路一段,RPVPMLOJJIKGFBJ78DA,六家一路一段２５７號,新竹縣竹北市六家一路一段２５７號十樓,住宅大樓(11層含以上有電梯),房地(土地+建物)+車位,十層/十七層,0房0廳0衛,64.7,3920,69.4,-0.8,2025-08-19,坡道平面,毛胚屋；預售屋、或土地及建物分件登記案件；
高鐵特區,114S1,2024-12-04,高鐵東二路,RPOOMLNLKIJGFBJ08DA,高鐵東二路６８號,新竹縣竹北市高鐵東二路６８號十三樓,住宅大樓(11層含以上有電梯),房地(土地+建物)+車位,十三層/十四層,1房1廳1衛,29.9,1900,63.6,1.6,2023-05-31,坡道平面,
高鐵特區,114S4,2024-12-25,隘口二路,RPUOMLOKIIKGFBJ58DA,隘口二路２１８巷３６號,新竹縣竹北市隘口二路２１８巷３６號,透天厝,房地(土地+建物),全/五層,4房3廳6衛,101.0,5500,54.5,1.3,2023-08-08,,
高鐵特區,115S4,2024-12-29,高鐵七路,RPRQNLLJRHLGFBJ09DA,高鐵七路１號,新竹縣竹北市高鐵七路１號,住宅大樓(11層含以上有電梯),房地(土地+建物)+車位,一層，見其他登記事項/二十一層,0房0廳0衛,183.0,12686,80.0,-1.5,2026-06-08,坡道平面,預售屋、或土地及建物分件登記案件；
高鐵特區,115S4,2024-12-29,高鐵七路,RPSQNLLJRHLGFBJ56DA,高鐵七路３號,新竹縣竹北市高鐵七路３號,住宅大樓(11層含以上有電梯),房地(土地+建物)+車位,一層，見其他登記事項/二十一層,0房0廳0衛,84.7,5568,77.2,-1.5,2026-06-08,坡道平面,預售屋、或土地及建物分件登記案件；
高鐵特區,114S1,2024-12-30,十興路二段,RPOOMLTJJHKGFBJ38DA,十興路二段５０號,新竹縣竹北市十興路二段５０號四樓,住宅大樓(11層含以上有電梯),房地(土地+建物)+車位,四層/十三層,2房2廳2衛,48.3,2350,48.7,0.1,2024-11-07,坡道平面,
高鐵特區,114S1,2025-01-03,高鐵六路,RPTOMLRJKHKGFBJ78DA,高鐵六路５５號,新竹縣竹北市高鐵六路５５號,透天厝,房地(土地+建物),全/五層,4房3廳6衛,101.0,5700,56.5,1.4,2023-08-08,,
高鐵特區,115S1,2025-01-06,六家一路二段,RPUQMLSJKIKGFBJ66DA,六家一路二段３０號,新竹縣竹北市六家一路二段３０號十樓,華廈(10層含以下有電梯),房地(土地+建物)+車位,十層/十層,3房2廳2衛,56.4,3979,89.1,-0.7,2025-09-17,坡道平面,預售屋、或土地及建物分件登記案件；
高鐵特區,114S3,2025-01-18,高鐵八路,RPWNMLSJNHKGFBJ76DA,高鐵八路２１０號,新竹縣竹北市高鐵八路２１０號十九樓,住宅大樓(11層含以上有電梯),房地(土地+建物)+車位,十九層/十九層,4房2廳2衛,90.6,6888,86.4,1.0,2024-01-30,坡道平面,
高鐵特區,114S2,2025-01-22,六家五路二段,RPROMLPLMHKGFBJ78DA,六家五路二段１２３號,新竹縣竹北市六家五路二段１２３號五樓,華廈(10層含以下有電梯),房地(土地+建物)+車位,五層，見其他登記事項/五層,3房2廳2衛,35.9,2580,71.9,0.0,2025-01-22,一樓平面,
高鐵特區,114S3,2025-01-23,光明六路東二段,RPPNMLMLQHKGFBJ58DA,光明六路東二段６６７號,新竹縣竹北市光明六路東二段６６７號十四樓,住宅大樓(11層含以上有電梯),房地(土地+建物)+車位,十四層/十五層,2房2廳2衛,38.7,2616,67.5,-0.2,2025-04-28,坡道平面,
高鐵特區,114S3,2025-02-06,六家八街,RPVNMLNKPHKGFBJ09DA,六家八街８０號,新竹縣竹北市六家八街８０號四樓之二,華廈(10層含以下有電梯),房地(土地+建物)+車位,四層/五層,2房2廳1衛,25.1,1518,59.0,0.1,2025-01-09,其他,陽台外推；其他增建；
高鐵特區,114S3,2025-02-07,六家八街,RPSNMLNKPHKGFBJ78DA,六家八街８０號,新竹縣竹北市六家八街８０號三樓之一,華廈(10層含以下有電梯),房地(土地+建物)+車位,三層/五層,3房2廳2衛,34.4,1650,46.5,0.1,2025-01-09,其他,陽台外推；其他增建；
高鐵特區,114S4,2025-02-08,六家八街,RPWNMLNKPHKGFBJ56DA,六家八街８０號,新竹縣竹北市六家八街８０號五樓之一,華廈(10層含以下有電梯),房地(土地+建物)+車位,五層，見其他登記事項/五層,4房2廳3衛,42.6,2188,50.3,0.1,2025-01-09,其他,陽台外推；夾層；其他增建；
高鐵特區,114S4,2025-02-08,光明六路東二段,RPXOMLPLJIKGFBJ56DA,光明六路東二段６７９號,新竹縣竹北市光明六路東二段６７９號六樓,住宅大樓(11層含以上有電梯),房地(土地+建物)+車位,六層/十五層,4房2廳2衛,66.8,3770,56.4,-0.2,2025-04-28,坡道平面,
高鐵特區,114S2,2025-02-11,嘉豐南路二段,RPUNMLLKLHKGFBJ38DA,嘉豐南路二段２９號,新竹縣竹北市嘉豐南路二段２９號,華廈(10層含以下有電梯),房地(土地+建物)+車位,一層，見其他登記事項/十層,0房0廳0衛,65.0,4350,66.9,0.3,2024-10-04,坡道平面,
高鐵特區,114S3,2025-02-11,六家八街,RPTNMLNKPHKGFBJ88DA,六家八街８０號,新竹縣竹北市六家八街８０號三樓之二,華廈(10層含以下有電梯),房地(土地+建物)+車位,三層/五層,2房2廳1衛,25.1,1495,58.1,0.1,2025-01-09,其他,陽台外推；其他增建；
高鐵特區,114S3,2025-02-11,六家八街,RPXNMLNKPHKGFBJ66DA,六家八街８０號,新竹縣竹北市六家八街８０號五樓之二,華廈(10層含以下有電梯),房地(土地+建物)+車位,五層，見其他登記事項/五層,3房2廳2衛,31.7,1530,46.8,0.1,2025-01-09,其他,陽台外推；夾層；其他增建；
高鐵特區,114S4,2025-02-14,六家八街,RPQNMLNKPHKGFBJ58DA,六家八街８０號,新竹縣竹北市六家八街８０號二樓之一,華廈(10層含以下有電梯),房地(土地+建物)+車位,二層/五層,3房2廳2衛,34.4,1730,48.9,0.1,2025-01-09,其他,陽台外推；其他增建；
高鐵特區,114S2,2025-02-15,莊敬三路,RPQNMLPKLHKGFBJ38DA,莊敬三路４７號,新竹縣竹北市莊敬三路４７號七樓之七,住宅大樓(11層含以上有電梯),房地(土地+建物)+車位,七層/十四層,2房2廳1衛,30.3,2090,69.0,3.6,2021-07-16,升降機械,陽台外推；
高鐵特區,114S3,2025-02-16,光明六路東二段,RPRNMLMKOHKGFBJ48DA,光明六路東二段４０９號,新竹縣竹北市光明六路東二段４０９號四樓之五,住宅大樓(11層含以上有電梯),房地(土地+建物)+車位,四層/二十四層,4房2廳2衛,63.8,3880,60.8,1.3,2023-10-30,坡道平面,
高鐵特區,114S4,2025-02-16,六家八街,RPRNMLNKPHKGFBJ68DA,六家八街８０號,新竹縣竹北市六家八街８０號二樓之二,華廈(10層含以下有電梯),房地(土地+建物)+車位,二層/五層,2房2廳1衛,25.1,1220,46.6,0.1,2025-01-09,其他,陽台外推；其他增建；
高鐵特區,114S3,2025-03-04,六家八街,RPUNMLNKPHKGFBJ98DA,六家八街８０號,新竹縣竹北市六家八街８０號四樓之一,華廈(10層含以下有電梯),房地(土地+建物)+車位,四層/五層,3房2廳2衛,34.4,1550,43.5,0.2,2025-01-09,其他,陽台外推；其他增建；
高鐵特區,114S2,2025-03-14,隘口二路,RPQQMLMJMHKGFBJ38DA,隘口二路２３７號,新竹縣竹北市隘口二路２３７號六樓,住宅大樓(11層含以上有電梯),房地(土地+建物)+車位,六層/十四層,3房2廳2衛,55.4,3730,67.4,4.2,2020-12-04,坡道平面,
高鐵特區,114S3,2025-03-16,高鐵九路,RPUNMLLJPHKGFBJ68DA,高鐵九路１６９號,新竹縣竹北市高鐵九路１６９號二樓,華廈(10層含以下有電梯),房地(土地+建物)+車位,二層/七層,3房2廳2衛,53.4,3450,72.1,0.1,2025-02-27,一樓平面,
高鐵特區,114S2,2025-03-25,高鐵五路,RPUQMLKMLHKGFBJ78DA,高鐵五路７８巷２２號,新竹縣竹北市高鐵五路７８巷２２號四樓,華廈(10層含以下有電梯),房地(土地+建物)+車位,四層/五層,4房2廳2衛,51.0,2080,40.8,1.2,2023-12-21,一樓平面,親友、員工、共有人或其他特殊關係間之交易；
高鐵特區,114S4,2025-03-26,六家八街,RPPNMLNKPHKGFBJ48DA,六家八街８０號,新竹縣竹北市六家八街８０號,華廈(10層含以下有電梯),房地(土地+建物)+車位,一層，見其他登記事項/五層,0房0廳0衛,28.0,2500,89.2,0.2,2025-01-09,一樓平面,陽台外推；夾層；
高鐵特區,115S2,2025-03-27,高鐵八路,RPVNMLNKNHLGFBJ98DA,高鐵八路５２號,新竹縣竹北市高鐵八路５２號三樓之五,住宅大樓(11層含以上有電梯),房地(土地+建物)+車位,三層/十五層,3房2廳2衛,54.4,3918,85.4,1.0,2024-03-14,坡道平面,其他增建；
高鐵特區,114S4,2025-04-05,高鐵九路,RPUQMLPKQHKGFBJ96DA,高鐵九路１６７號,新竹縣竹北市高鐵九路１６７號二樓,華廈(10層含以下有電梯),房地(土地+建物)+車位,二層/七層,3房2廳2衛,53.6,3400,70.8,0.2,2025-02-27,坡道平面,
高鐵特區,114S3,2025-04-12,十興路一段,RPRNMLKMOHKGFBJ48DA,十興路一段３０５號,新竹縣竹北市十興路一段３０５號,透天厝,房地(土地+建物),全/五層,5房2廳7衛,101.3,3888,38.4,0.1,2025-03-27,,毛胚屋；
高鐵特區,114S3,2025-04-14,光明六路東二段,RPTNMLTJPHKGFBJ76DA,光明六路東二段３９９號,新竹縣竹北市光明六路東二段３９９號,住宅大樓(11層含以上有電梯),房地(土地+建物),一層，二層/二十四層,0房0廳0衛,53.9,3980,73.9,1.5,2023-10-30,,
高鐵特區,114S2,2025-04-18,十興路二段,RPPOMLKLNHKGFBJ18DA,十興路二段５８號,新竹縣竹北市十興路二段５８號九樓,住宅大樓(11層含以上有電梯),房地(土地+建物)+車位,九層/十四層,3房2廳2衛,50.3,3000,59.6,0.4,2024-11-07,坡道平面,
高鐵特區,114S2,2025-04-19,十興路一段,RPWNMLLLMHKGFBJ78DA,十興路一段３９０號,新竹縣竹北市十興路一段３９０號十六樓,住宅大樓(11層含以上有電梯),房地(土地+建物)+車位,十六層/二十層,3房2廳2衛,74.6,2000,29.7,0.4,2024-11-25,坡道平面,親友、員工、共有人或其他特殊關係間之交易；
高鐵特區,114S2,2025-04-19,十興路一段,RPXNMLLLMHKGFBJ88DA,十興路一段３９０號,新竹縣竹北市十興路一段３９０號十七樓,住宅大樓(11層含以上有電梯),房地(土地+建物)+車位,十七層/二十層,3房2廳2衛,74.6,2000,29.7,0.4,2024-11-25,坡道平面,親友、員工、共有人或其他特殊關係間之交易；
高鐵特區,114S2,2025-04-19,十興路一段,RPOOMLLLMHKGFBJ08DA,十興路一段３９０號,新竹縣竹北市十興路一段３９０號十九樓,住宅大樓(11層含以上有電梯),房地(土地+建物)+車位,十九層/二十層,3房2廳2衛,74.6,2000,29.7,0.4,2024-11-25,坡道平面,親友、員工、共有人或其他特殊關係間之交易；
高鐵特區,114S2,2025-04-19,十興路一段,RPPOMLLLMHKGFBJ18DA,十興路一段３９０號,新竹縣竹北市十興路一段３９０號十八樓,住宅大樓(11層含以上有電梯),房地(土地+建物)+車位,十八層/二十層,3房2廳2衛,74.6,2000,29.7,0.4,2024-11-25,坡道平面,親友、員工、共有人或其他特殊關係間之交易；
高鐵特區,114S3,2025-05-15,十興路一段,RPQNMLNLOHKGFBJ58DA,十興路一段３０７號,新竹縣竹北市十興路一段３０７號,透天厝,房地(土地+建物),全/五層,5房2廳7衛,102.4,3888,38.0,0.2,2025-03-27,,毛胚屋；
高鐵特區,114S4,2025-05-19,六家一路一段,RPPPMLMLRHKGFBJ88DA,六家一路一段２５５號,新竹縣竹北市六家一路一段２５５號十二樓,住宅大樓(11層含以上有電梯),房地(土地+建物)+車位,十二層/十七層,0房0廳0衛,64.7,3975,70.3,-0.2,2025-08-19,坡道平面,毛胚屋；預售屋、或土地及建物分件登記案件；
高鐵特區,114S3,2025-05-27,自強南路,RPUNMLSLNHKGFBJ76DA,自強南路６９之５號,新竹縣竹北市自強南路６９之５號十三樓,住宅大樓(11層含以上有電梯),房地(土地+建物)+車位,十三層/十四層,4房2廳2衛,74.2,3648,49.2,2.5,2022-11-10,坡道平面,
高鐵特區,114S3,2025-06-05,高鐵東二路,RPTNMLKMPHKGFBJ78DA,高鐵東二路６８之８號,新竹縣竹北市高鐵東二路６８之８號十一樓,住宅大樓(11層含以上有電梯),房地(土地+建物)+車位,十一層/十四層,1房2廳1衛,31.3,2021,64.6,2.1,2023-05-31,坡道平面,
高鐵特區,114S4,2025-06-19,十興路一段,RPPNMLMLRHKGFBJ68DA,十興路一段３９０號,新竹縣竹北市十興路一段３９０號八樓,住宅大樓(11層含以上有電梯),房地(土地+建物)+車位,八層/二十層,3房2廳2衛,79.6,3418,50.0,0.6,2024-11-25,坡道平面,親友、員工、共有人或其他特殊關係間之交易；
高鐵特區,114S3,2025-06-21,嘉豐南路二段,RPRNMLPLPHKGFBJ98DA,嘉豐南路二段３５號,新竹縣竹北市嘉豐南路二段３５號七樓,華廈(10層含以下有電梯),房地(土地+建物)+車位,七層/十層,3房2廳2衛,62.6,3798,60.7,0.7,2024-10-04,坡道平面,
高鐵特區,114S4,2025-06-25,六家一路一段,RPQOMLOJJIKGFBJ18DA,六家一路一段２５９號,新竹縣竹北市六家一路一段２５９號二樓,住宅大樓(11層含以上有電梯),房地(土地+建物)+車位,二層/十七層,3房2廳2衛,67.2,3800,74.6,-0.2,2025-08-19,坡道平面,預售屋、或土地及建物分件登記案件；
高鐵特區,114S3,2025-07-02,高鐵二路,RPVNMLMLPHKGFBJ09DA,高鐵二路１９６號,新竹縣竹北市高鐵二路１９６號二樓,華廈(10層含以下有電梯),房地(土地+建物)+車位,二層/六層,3房2廳2衛,45.7,3410,77.0,0.5,2025-01-24,升降機械,
高鐵特區,114S3,2025-07-13,六家五路二段,RPVNMLLLQHKGFBJ09DA,六家五路二段１７５號,新竹縣竹北市六家五路二段１７５號十一樓,住宅大樓(11層含以上有電梯),房地(土地+建物)+車位,十一層/十四層,3房2廳2衛,72.4,3900,65.0,3.2,2022-05-17,坡道平面,其他增建；
高鐵特區,114S3,2025-07-15,隘口七街,RPQQMLPKQHKGFBJ56DA,隘口七街８８號,新竹縣竹北市隘口七街８８號三樓之五,住宅大樓(11層含以上有電梯),房地(土地+建物)+車位,三層/十三層,3房2廳2衛,47.5,1993,41.9,0.6,2024-12-23,坡道平面,親友、員工、共有人或其他特殊關係間之交易；
高鐵特區,114S3,2025-07-15,光明六路東二段,RPXNMLKLQHKGFBJ56DA,光明六路東二段６２１號,新竹縣竹北市光明六路東二段６２１號,住宅大樓(11層含以上有電梯),房地(土地+建物),一層，見其他登記事項/十五層,0房0廳0衛,30.0,2188,73.0,1.6,2023-12-15,,
高鐵特區,114S4,2025-07-20,隘口二路,RPQNMLLMQHKGFBJ68DA,隘口二路２２５號,新竹縣竹北市隘口二路２２５號八樓,住宅大樓(11層含以上有電梯),房地(土地+建物)+車位,八層/十四層,3房2廳2衛,49.5,2658,53.7,4.6,2020-12-04,坡道平面,其他增建；
高鐵特區,114S4,2025-08-03,高鐵五路,RPPOMLLKRHKGFBJ58DA,高鐵五路１００號,新竹縣竹北市高鐵五路１００號十一樓之一,住宅大樓(11層含以上有電梯),房地(土地+建物)+車位,十一層/十五層,3房2廳2衛,49.3,2880,58.4,4.2,2021-06-01,坡道平面,
高鐵特區,114S4,2025-08-06,自強南路,RPPNMLMLIIKGFBJ87DA,自強南路６９之７號,新竹縣竹北市自強南路６９之７號三樓,住宅大樓(11層含以上有電梯),房地(土地+建物)+車位,三層/十四層,3房2廳2衛,54.3,2550,46.9,2.8,2022-11-10,坡道平面,
高鐵特區,114S4,2025-08-08,高鐵東二路,RPRNMLOJJIKGFBJ28EA,高鐵東二路６８之２號,新竹縣竹北市高鐵東二路６８之２號二樓,住宅大樓(11層含以上有電梯),房地(土地+建物)+車位,二層/十四層,1房1廳1衛,30.2,1845,78.5,2.2,2023-05-31,坡道平面,
高鐵特區,114S4,2025-08-11,嘉豐南路二段,RPRNMLTKRHKGFBJ96EA,嘉豐南路二段３３號,新竹縣竹北市嘉豐南路二段３３號四樓,華廈(10層含以下有電梯),房地(土地+建物)+車位,四層/十層,4房2廳2衛,67.6,3900,78.0,0.8,2024-10-04,坡道平面,夾層；
高鐵特區,114S4,2025-09-10,六家五路二段,RPTNMLLKRHKGFBJ88DA,六家五路二段１７３號,新竹縣竹北市六家五路二段１７３號十三樓,住宅大樓(11層含以上有電梯),房地(土地+建物)+車位,十三層/十四層,3房2廳2衛,58.0,3800,65.6,3.3,2022-05-17,坡道平面,其他增建；
高鐵特區,114S4,2025-11-04,光明六路東二段,RPSNMLPJJIKGFBJ38DA,光明六路東二段６９５號,新竹縣竹北市光明六路東二段６９５號四樓,住宅大樓(11層含以上有電梯),房地(土地+建物)+車位,四層/十五層,3房2廳2衛,47.5,2790,58.8,0.6,2025-04-28,坡道平面,
高鐵特區,115S2,2025-11-07,莊敬三路,RPTNMLSJNHLGFBJ56DA,莊敬三路４７號,新竹縣竹北市莊敬三路４７號六樓之一,住宅大樓(11層含以上有電梯),房地(土地+建物)+車位,六層/十四層,2房2廳2衛,29.3,930,31.7,4.3,2021-07-16,升降平面,親友、員工、共有人或其他特殊關係間之交易；
高鐵特區,115S1,2025-11-24,六家一路一段,RPQNMLOJKIKGFBJ18DA,六家一路一段２５９號,新竹縣竹北市六家一路一段２５９號九樓,住宅大樓(11層含以上有電梯),房地(土地+建物)+車位,九層/十七層,3房2廳2衛,55.2,3758,81.3,0.2,2025-08-19,坡道平面,
高鐵特區,114S4,2025-11-28,光明六路東二段,RPXSMLSJKIKGFBJ17DA,光明六路東二段６２７號,新竹縣竹北市光明六路東二段６２７號十三樓之一,住宅大樓(11層含以上有電梯),房地(土地+建物)+車位,十三層/十五層,2房2廳2衛,53.6,3000,56.0,1.9,2023-12-15,坡道平面,
高鐵特區,115S1,2025-11-28,光明六路東二段,RPUNMLSKKIKGFBJ09DA,光明六路東二段６５７號,新竹縣竹北市光明六路東二段６５７號十三樓,住宅大樓(11層含以上有電梯),房地(土地+建物)+車位,十三層/十五層,2房2廳2衛,38.5,2450,63.7,0.6,2025-04-28,坡道平面,
高鐵特區,115S3,2025-12-12,高鐵八路,RPUNMLNKJHLGFBJ48DA,高鐵八路５２號,新竹縣竹北市高鐵八路５２號十二樓之一,住宅大樓(11層含以上有電梯),房地(土地+建物)+車位,十二層/十五層,3房2廳2衛,52.5,3880,73.9,1.8,2024-03-14,坡道平面,其他增建；
高鐵特區,115S1,2025-12-13,十興路二段,RPROMLQKKIKGFBJ68DA,十興路二段５８號,新竹縣竹北市十興路二段５８號十樓,住宅大樓(11層含以上有電梯),房地(土地+建物)+車位,十層/十四層,3房2廳2衛,47.3,2868,60.6,1.1,2024-11-07,坡道平面,
高鐵特區,115S1,2025-12-13,光明六路東二段,RPPOMLTJKHLGFBJ68DA,光明六路東二段６８７號,新竹縣竹北市光明六路東二段６８７號九樓,住宅大樓(11層含以上有電梯),房地(土地+建物)+車位,九層/十五層,2房2廳2衛,39.6,2456,62.1,0.7,2025-04-28,坡道平面,
高鐵特區,115S2,2025-12-13,隘口六街,RPVOMLMLNHLGFBJ09DA,隘口六街１５０號,新竹縣竹北市隘口六街１５０號六樓,華廈(10層含以下有電梯),房地(土地+建物)+車位,六層/七層,3房2廳2衛,42.3,3090,73.0,0.2,2025-10-01,一樓平面,
高鐵特區,115S3,2025-12-15,六家一路二段,RPPNMLQLQHLGFBJ56EA,六家一路二段３０號,新竹縣竹北市六家一路二段３０號八樓,華廈(10層含以下有電梯),房地(土地+建物)+車位,八層/十層,3房2廳2衛,56.4,3680,82.2,0.2,2025-09-17,坡道平面,
高鐵特區,115S1,2025-12-26,光明六路東二段,RPSOMLMJKHLGFBJ28DA,光明六路東二段６７７號,新竹縣竹北市光明六路東二段６７７號五樓,住宅大樓(11層含以上有電梯),房地(土地+建物)+車位,五層/十五層,2房2廳2衛,38.7,2260,58.3,0.7,2025-04-28,坡道平面,
高鐵特區,115S1,2025-12-28,光明六路東二段,RPSNMLTJJHLGFBJ78DA,光明六路東二段６６９號,新竹縣竹北市光明六路東二段６６９號五樓,住宅大樓(11層含以上有電梯),房地(土地+建物)+車位,五層/十五層,3房2廳2衛,43.3,2625,60.6,0.7,2025-04-28,坡道平面,
高鐵特區,115S1,2025-12-28,十興路二段,RPUNMLMJJHLGFBJ28DA,十興路二段５０號,新竹縣竹北市十興路二段５０號四樓,住宅大樓(11層含以上有電梯),房地(土地+建物)+車位,四層/十三層,3房2廳2衛,48.3,2700,55.9,1.1,2024-11-07,坡道平面,
高鐵特區,115S2,2026-01-04,光明六路東二段,RPPOMLQJJHLGFBJ28DA,光明六路東二段４０９號,新竹縣竹北市光明六路東二段４０９號二十四樓之七,住宅大樓(11層含以上有電梯),房地(土地+建物)+車位,二十四層/二十四層,3房2廳2衛,54.0,3300,61.1,2.2,2023-10-30,坡道平面,
高鐵特區,115S2,2026-01-05,隘口六街,RPWOMLMLNHLGFBJ56DA,隘口六街１５０號,新竹縣竹北市隘口六街１５０號四樓,華廈(10層含以下有電梯),房地(土地+建物)+車位,四層/七層,3房2廳2衛,42.3,3125,73.9,0.2,2025-10-01,一樓平面,
高鐵特區,115S2,2026-01-08,六家五路一段,RPQNMLMJOHLGFBJ38DA,六家五路一段３２１號,新竹縣竹北市六家五路一段３２１號,華廈(10層含以下有電梯),房地(土地+建物)+車位,一層/七層,0房0廳0衛,22.8,1805,79.1,0.4,2025-08-08,一樓平面,
高鐵特區,115S3,2026-01-08,六家五路一段,RPRNMLMJOHLGFBJ48DA,六家五路一段３２３號,新竹縣竹北市六家五路一段３２３號,華廈(10層含以下有電梯),房地(土地+建物)+車位,一層/七層,0房0廳0衛,22.8,1880,82.4,0.4,2025-08-08,一樓平面,
高鐵特區,115S2,2026-01-15,高鐵八路,RPQOMLKLJHLGFBJ97DA,高鐵八路６２號,新竹縣竹北市高鐵八路６２號二樓之三,住宅大樓(11層含以上有電梯),房地(土地+建物)+車位,二層/十五層,3房2廳2衛,53.8,3792,70.5,1.8,2024-03-14,坡道平面,其他增建；
高鐵特區,115S2,2026-01-21,光明六路東二段,RPXNMLNKMHLGFBJ09DA,光明六路東二段６８５號,新竹縣竹北市光明六路東二段６８５號十三樓,住宅大樓(11層含以上有電梯),房地(土地+建物)+車位,十三層/十五層,3房2廳2衛,47.5,2858,60.2,0.8,2025-04-28,坡道平面,
高鐵特區,115S2,2026-01-22,隘口七街,RPPNMLPJKHLGFBJ18DA,隘口七街６０號,新竹縣竹北市隘口七街６０號三樓,華廈(10層含以下有電梯),房地(土地+建物)+車位,三層/七層,3房2廳2衛,48.6,2802,64.6,0.2,2025-10-28,坡道平面,
高鐵特區,115S3,2026-01-27,隘口六街,RPXOMLMLNHLGFBJ66DA,隘口六街１５２號,新竹縣竹北市隘口六街１５２號五樓,華廈(10層含以下有電梯),房地(土地+建物)+車位,五層/七層,3房2廳2衛,42.3,3113,73.5,0.2,2025-10-01,坡道平面,
高鐵特區,115S1,2026-01-30,十興路二段,RPPNMLOJLHLGFBJ28EA,十興路二段５０號,新竹縣竹北市十興路二段５０號十一樓,住宅大樓(11層含以上有電梯),房地(土地+建物)+車位,十一層/十三層,3房2廳2衛,48.3,2500,51.8,1.2,2024-11-07,坡道平面,
高鐵特區,115S3,2026-02-12,隘口六街,RPPNMLKMOHLGFBJ38DA,隘口六街１５２號,新竹縣竹北市隘口六街１５２號六樓,華廈(10層含以下有電梯),房地(土地+建物)+車位,六層/七層,3房2廳2衛,42.3,3135,74.0,0.3,2025-10-01,坡道平面,
高鐵特區,115S2,2026-02-13,十興路一段,RPQNMLLKLHLGFBJ08DA,十興路一段３９６號,新竹縣竹北市十興路一段３９６號,住宅大樓(11層含以上有電梯),房地(土地+建物)+車位,一層/二十層,0房0廳2衛,44.0,2783,63.3,1.2,2024-11-25,坡道平面,
高鐵特區,115S2,2026-02-13,莊敬三路,RPUNMLRLLHLGFBJ56DA,莊敬三路３５８號,新竹縣竹北市莊敬三路３５８號三樓,住宅大樓(11層含以上有電梯),房地(土地+建物)+車位,三層/十九層,3房2廳2衛,81.5,4250,52.1,0.3,2025-10-08,坡道平面,
高鐵特區,115S2,2026-03-05,六家一路一段,RPRQMLTJMHLGFBJ66DA,六家一路一段２５７號,新竹縣竹北市六家一路一段２５７號十一樓,住宅大樓(11層含以上有電梯),房地(土地+建物),十一層/十七層,4房2廳2衛,52.7,3907,74.1,0.6,2025-08-19,,
高鐵特區,115S2,2026-03-20,光明六路東二段,RPQNMLMJMHLGFBJ28EA,光明六路東二段６５７號,新竹縣竹北市光明六路東二段６５７號八樓,住宅大樓(11層含以上有電梯),房地(土地+建物)+車位,八層/十五層,2房2廳2衛,38.5,2400,62.4,0.9,2025-04-28,坡道平面,
高鐵特區,115S2,2026-03-21,六家一路一段,RPQNMLPLLHLGFBJ58DA,六家一路一段２５９號,新竹縣竹北市六家一路一段２５９號七樓,住宅大樓(11層含以上有電梯),房地(土地+建物)+車位,七層/十七層,3房2廳2衛,55.2,3657,66.2,0.6,2025-08-19,坡道平面,
高鐵特區,115S2,2026-03-21,光明六路東二段,RPPNMLOKNHLGFBJ58EA,光明六路東二段６３１號,新竹縣竹北市光明六路東二段６３１號五樓之三,住宅大樓(11層含以上有電梯),房地(土地+建物)+車位,五層/十三層,3房2廳2衛,44.9,2350,52.4,2.2,2023-12-15,坡道平面,
高鐵特區,115S2,2026-03-22,六家一路二段,RPTNMLNKMHLGFBJ68DA,六家一路二段２８號,新竹縣竹北市六家一路二段２８號六樓,華廈(10層含以下有電梯),房地(土地+建物)+車位,六層/十層,3房2廳2衛,57.4,3680,80.6,0.5,2025-09-17,坡道平面,
高鐵特區,115S2,2026-03-22,六家一路二段,RPSNMLNKNHLGFBJ78EA,六家一路二段３０號,新竹縣竹北市六家一路二段３０號七樓,華廈(10層含以下有電梯),房地(土地+建物)+車位,七層/十層,3房2廳2衛,56.4,3670,82.1,0.5,2025-09-17,坡道平面,
高鐵特區,115S3,2026-03-22,六家一路二段,RPUNMLNKMHLGFBJ78DA,六家一路二段３０號,新竹縣竹北市六家一路二段３０號三樓,華廈(10層含以下有電梯),房地(土地+建物)+車位,三層/十層,3房2廳2衛,56.4,3456,76.9,0.5,2025-09-17,坡道平面,
高鐵特區,115S2,2026-04-09,嘉豐九路,RPXNMLTJMHLGFBJ96DA,嘉豐九路５５號,新竹縣竹北市嘉豐九路５５號十二樓,住宅大樓(11層含以上有電梯),房地(土地+建物)+車位,十二層，見其他登記事項/十四層,3房2廳2衛,97.4,6480,66.6,1.2,2025-01-02,坡道平面,
高鐵特區,115S2,2026-04-13,光明六路東二段,RPPONLKLMHLGFBJ28DA,光明六路東二段６６１號,新竹縣竹北市光明六路東二段６６１號六樓,住宅大樓(11層含以上有電梯),房地(土地+建物)+車位,六層/十五層,2房2廳2衛,37.4,2368,63.2,1.0,2025-04-28,坡道平面,
高鐵特區,115S3,2026-04-13,光明六路東二段,RPQOMLNLMHLGFBJ58DA,光明六路東二段６９５號,新竹縣竹北市光明六路東二段６９５號十三樓,住宅大樓(11層含以上有電梯),房地(土地+建物)+車位,十三層/十五層,3房2廳2衛,47.5,2763,58.2,1.0,2025-04-28,坡道平面,
高鐵特區,115S2,2026-04-19,光明六路東二段,RPQOMLQJNHLGFBJ78DA,光明六路東二段６８５號,新竹縣竹北市光明六路東二段６８５號十樓,住宅大樓(11層含以上有電梯),房地(土地+建物)+車位,十層/十五層,3房2廳2衛,47.5,2836,59.7,1.0,2025-04-28,坡道平面,
高鐵特區,115S2,2026-04-19,自強南路,RPUNMLNKNHLGFBJ88DA,自強南路６９之５號,新竹縣竹北市自強南路６９之５號十四樓,住宅大樓(11層含以上有電梯),房地(土地+建物)+車位,十四層/十四層,4房2廳2衛,60.1,3235,53.8,3.4,2022-11-10,坡道平面,
高鐵特區,115S3,2026-04-19,光明六路東二段,RPTOMLOLMHLGFBJ98DA,光明六路東二段６８７號,新竹縣竹北市光明六路東二段６８７號十樓,住宅大樓(11層含以上有電梯),房地(土地+建物)+車位,十層/十五層,2房2廳2衛,39.6,2560,64.7,1.0,2025-04-28,坡道平面,
高鐵特區,115S3,2026-04-25,光明六路東二段,RPPOMLOKNHLGFBJ58DA,光明六路東二段６８５號,新竹縣竹北市光明六路東二段６８５號十一樓,住宅大樓(11層含以上有電梯),房地(土地+建物)+車位,十一層/十五層,3房2廳2衛,47.5,2910,61.3,1.0,2025-04-28,坡道平面,
高鐵特區,115S3,2026-04-26,六家一路二段,RPWPMLPKOHLGFBJ96DA,六家一路二段３０號,新竹縣竹北市六家一路二段３０號九樓,華廈(10層含以下有電梯),房地(土地+建物)+車位,九層/十層,3房2廳2衛,56.1,3675,82.4,0.6,2025-09-17,坡道平面,
高鐵特區,115S3,2026-04-29,十興路二段,RPQNMLRJNHLGFBJ78DA,十興路二段４８號,新竹縣竹北市十興路二段４８號四樓,住宅大樓(11層含以上有電梯),房地(土地+建物)+車位,四層/十三層,3房2廳2衛,46.5,2738,58.9,1.4,2024-11-07,坡道平面,
高鐵特區,115S3,2026-05-03,光明六路東二段,RPPOMLTLNHLGFBJ56DA,光明六路東二段６５５號,新竹縣竹北市光明六路東二段６５５號八樓,住宅大樓(11層含以上有電梯),房地(土地+建物)+車位,八層/十五層,3房2廳2衛,48.3,3050,63.2,1.1,2025-04-28,坡道平面,
高鐵特區,115S3,2026-05-07,高鐵九路,RPOOMLTLOHLGFBJ56DA,高鐵九路６１巷２１號,新竹縣竹北市高鐵九路６１巷２１號二樓,住宅大樓(11層含以上有電梯),房地(土地+建物)+車位,二層/十二層,4房2廳2衛,57.1,3130,54.9,2.4,2023-12-01,坡道平面,
高鐵特區,115S3,2026-05-10,光明六路東二段,RPUNMLOJOHLGFBJ98DA,光明六路東二段６８７號,新竹縣竹北市光明六路東二段６８７號八樓,住宅大樓(11層含以上有電梯),房地(土地+建物)+車位,八層/十五層,2房2廳2衛,39.6,2555,64.6,1.1,2025-04-28,坡道平面,
高鐵特區,115S3,2026-05-10,高鐵東二路,RPQNMLLLOHLGFBJ48DA,高鐵東二路６６之２號,新竹縣竹北市高鐵東二路６６之２號十三樓,住宅大樓(11層含以上有電梯),房地(土地+建物)+車位,十三層/十五層,2房2廳2衛,38.4,2575,67.0,3.0,2023-05-31,坡道平面,
高鐵特區,115S3,2026-05-10,隘口六街,RPPNMLRJPHLGFBJ88DA,隘口六街１５６號,新竹縣竹北市隘口六街１５６號三樓,華廈(10層含以下有電梯),房地(土地+建物)+車位,三層/七層,3房2廳2衛,39.2,2943,75.1,0.6,2025-10-01,坡道平面,
高鐵特區,115S3,2026-05-15,光明六路東二段,RPXNMLPLOHLGFBJ96DA,光明六路東二段６２９號,新竹縣竹北市光明六路東二段６２９號六樓之三,住宅大樓(11層含以上有電梯),房地(土地+建物)+車位,六層/十三層,3房2廳2衛,45.5,2530,55.6,2.4,2023-12-15,坡道平面,
高鐵特區,115S3,2026-05-15,莊敬三路,RPVNMLQJPHLGFBJ76DA,莊敬三路３６０號,新竹縣竹北市莊敬三路３６０號十一樓,住宅大樓(11層含以上有電梯),房地(土地+建物)+車位,十一層/十九層,4房2廳2衛,88.0,5000,56.8,0.6,2025-10-08,坡道平面,
高鐵特區,115S3,2026-05-17,隘口七街,RPPNMLLJPHLGFBJ38EA,隘口七街８８號,新竹縣竹北市隘口七街８８號五樓之二,住宅大樓(11層含以上有電梯),房地(土地+建物)+車位,五層/十三層,3房2廳2衛,64.7,3250,50.2,1.4,2024-12-23,坡道平面,
高鐵特區,115S3,2026-05-20,光明六路東二段,RPPNMLNKPHLGFBJ68EA,光明六路東二段６５９號,新竹縣竹北市光明六路東二段６５９號七樓,住宅大樓(11層含以上有電梯),房地(土地+建物)+車位,七層/十五層,4房2廳2衛,32.4,1715,53.0,1.1,2025-04-28,坡道平面,
高鐵特區,115S3,2026-05-20,嘉豐南路二段,RPSNMLRLPHLGFBJ76DA,嘉豐南路二段２５號,新竹縣竹北市嘉豐南路二段２５號,華廈(10層含以下有電梯),房地(土地+建物)+車位,一層，見其他登記事項/十層,0房0廳0衛,44.1,3000,86.2,1.6,2024-10-04,坡道平面,
高鐵特區,115S3,2026-05-21,隘口七街,RPROMLMLOHLGFBJ78DA,隘口七街５８號,新竹縣竹北市隘口七街５８號六樓,華廈(10層含以下有電梯),房地(土地+建物)+車位,六層/七層,3房2廳2衛,43.7,2988,73.8,0.6,2025-10-28,一樓平面,陽台外推；
高鐵特區,115S3,2026-05-23,六家一路二段,RPTPMLPKOHLGFBJ66DA,六家一路二段２６號,新竹縣竹北市六家一路二段２６號六樓,華廈(10層含以下有電梯),房地(土地+建物)+車位,六層/十層,3房2廳2衛,71.6,3876,79.7,0.7,2025-09-17,坡道平面,
高鐵特區,115S3,2026-05-26,十興路二段,RPPNMLOLOHLGFBJ78EA,十興路二段４２號,新竹縣竹北市十興路二段４２號六樓,住宅大樓(11層含以上有電梯),房地(土地+建物)+車位,六層/十三層,3房2廳2衛,47.3,2780,58.8,1.5,2024-11-07,坡道平面,
高鐵特區,115S3,2026-05-27,六家五路二段,RPOPMLOLOHLGFBJ78DA,六家五路二段１２３號,新竹縣竹北市六家五路二段１２３號五樓,華廈(10層含以下有電梯),房地(土地+建物)+車位,五層，見其他登記事項/五層,3房2廳3衛,38.7,2680,69.2,1.3,2025-01-22,升降機械,夾層；
高鐵特區,115S4,2026-05-28,六家一路二段,RPVPMLPKOHLGFBJ86DA,六家一路二段３０號,新竹縣竹北市六家一路二段３０號二樓,華廈(10層含以下有電梯),房地(土地+建物)+車位,二層/十層,3房2廳2衛,56.4,3636,80.7,0.7,2025-09-17,坡道平面,
高鐵特區,115S3,2026-05-30,光明六路東二段,RPVNMLLJPHLGFBJ88DA,光明六路東二段６７１號,新竹縣竹北市光明六路東二段６７１號七樓,住宅大樓(11層含以上有電梯),房地(土地+建物)+車位,七層/十五層,2房2廳1衛,36.0,2168,60.3,1.1,2025-04-28,坡道平面,
高鐵特區,115S3,2026-06-01,嘉豐十路,RPPQMLPKOHLGFBJ98DA,嘉豐十路５２號,新竹縣竹北市嘉豐十路５２號三樓,住宅大樓(11層含以上有電梯),房地(土地+建物)+車位,三層/二十三層,3房2廳2衛,55.3,3808,68.9,3.9,2022-07-01,坡道平面,其他增建；
高鐵特區,115S3,2026-06-01,高鐵東二路,RPSOMLKMOHLGFBJ78DA,高鐵東二路６８之５號,新竹縣竹北市高鐵東二路６８之５號四樓,住宅大樓(11層含以上有電梯),房地(土地+建物)+車位,四層/十四層,1房1廳1衛,29.9,1920,64.3,3.1,2023-05-31,坡道平面,
高鐵特區,115S3,2026-06-02,六家一路二段,RPUPMLPKOHLGFBJ76DA,六家一路二段２８號,新竹縣竹北市六家一路二段２８號八樓,華廈(10層含以下有電梯),房地(土地+建物)+車位,八層/十層,3房2廳2衛,57.4,3768,82.6,0.8,2025-09-17,坡道平面,
高鐵特區,115S3,2026-06-02,六家一路一段,RPRNMLSJOHLGFBJ09DA,六家一路一段２５５號,新竹縣竹北市六家一路一段２５５號十四樓,住宅大樓(11層含以上有電梯),房地(土地+建物)+車位,十四層/十七層,4房2廳2衛,76.8,4765,79.0,0.8,2025-08-19,坡道平面,
高鐵特區,115S3,2026-06-13,十興路二段,RPUPNLLJRHLGFBJ66DA,十興路二段４８號,新竹縣竹北市十興路二段４８號五樓,住宅大樓(11層含以上有電梯),房地(土地+建物)+車位,五層/十三層,3房2廳2衛,48.3,2900,60.0,1.6,2024-11-07,坡道平面,其他增建；
高鐵特區,115S4,2026-06-13,隘口三街,RPOOMLSKOHLGFBJ98DA,隘口三街１４８號,新竹縣竹北市隘口三街１４８號十五樓,住宅大樓(11層含以上有電梯),房地(土地+建物)+車位,十五層/十五層,2房2廳2衛,40.8,2618,78.7,0.1,2026-05-05,坡道平面,
高鐵特區,115S3,2026-06-16,高鐵八路,RPPNMLNJQHLGFBJ58DA,高鐵八路５８號,新竹縣竹北市高鐵八路５８號十三樓之三,住宅大樓(11層含以上有電梯),房地(土地+建物)+車位,十三層/十五層,2房2廳2衛,44.3,2800,63.2,2.2,2024-03-14,坡道平面,
高鐵特區,115S3,2026-06-25,嘉豐十路,RPPNMLPJPHLGFBJ68DA,嘉豐十路６０號,新竹縣竹北市嘉豐十路６０號十八樓,住宅大樓(11層含以上有電梯),房地(土地+建物)+車位,十八層/二十三層,3房2廳2衛,71.6,4500,62.8,3.9,2022-07-01,坡道平面,其他增建；
高鐵特區,115S3,2026-07-01,隘口三街,RPVNMLNKQHLGFBJ66DA,隘口三街１５０號,新竹縣竹北市隘口三街１５０號十樓,住宅大樓(11層含以上有電梯),房地(土地+建物)+車位,十層/十五層,2房2廳2衛,40.9,2663,65.1,0.2,2026-05-05,坡道平面,
高鐵特區,115S3,2026-07-05,高鐵八路,RPUOMLKMPHLGFBJ09DA,高鐵八路５２號,新竹縣竹北市高鐵八路５２號十一樓之五,住宅大樓(11層含以上有電梯),房地(土地+建物)+車位,十一層/十五層,3房2廳2衛,54.4,3900,71.8,2.3,2024-03-14,坡道平面,
高鐵特區,115S3,2026-07-07,高鐵八路,RPPNMLNKPHLGFBJ58DA,高鐵八路２０６號,新竹縣竹北市高鐵八路２０６號六樓,住宅大樓(11層含以上有電梯),房地(土地+建物)+車位,六層/十九層,3房2廳2衛,75.6,5800,76.7,2.5,2024-01-30,坡道平面,
高鐵特區,115S4,2026-07-07,高鐵八路,RPWNMLOJQHLGFBJ76DA,高鐵八路２１０號,新竹縣竹北市高鐵八路２１０號四樓,住宅大樓(11層含以上有電梯),房地(土地+建物)+車位,四層/十九層,4房2廳2衛,90.6,6200,68.4,2.5,2024-01-30,坡道平面,其他增建；
高鐵特區,115S3,2026-07-14,隘口三街,RPPNMLOLQHLGFBJ98EA,隘口三街１４８號,新竹縣竹北市隘口三街１４８號五樓,住宅大樓(11層含以上有電梯),房地(土地+建物)+車位,五層/十五層,2房2廳2衛,40.8,2673,65.5,0.2,2026-05-05,坡道平面,親友、員工、共有人或其他特殊關係間之交易；
高鐵特區,115S3,2026-07-17,十興路一段,RPPOMLNJQHLGFBJ68DA,十興路一段３９２號,新竹縣竹北市十興路一段３９２號七樓,住宅大樓(11層含以上有電梯),房地(土地+建物)+車位,七層/二十層,3房2廳3衛,99.5,4900,49.3,1.7,2024-11-25,坡道平面,
高鐵特區,115S3,2026-07-19,光明六路東二段,RPSNMLRKQHLGFBJ86EA,光明六路東二段６３１號,新竹縣竹北市光明六路東二段６３１號十一樓之二,住宅大樓(11層含以上有電梯),房地(土地+建物)+車位,十一層/十三層,2房2廳1衛,33.6,1800,53.5,2.6,2023-12-15,坡道平面,親友、員工、共有人或其他特殊關係間之交易；
高鐵特區,115S4,2026-07-22,光明六路東二段,RPSNMLQJQHLGFBJ56DA,光明六路東二段６２７號,新竹縣竹北市光明六路東二段６２７號十三樓之一,住宅大樓(11層含以上有電梯),房地(土地+建物)+車位,十三層/十五層,2房2廳2衛,53.6,3040,56.8,2.6,2023-12-15,坡道平面,
高鐵特區,115S3,2026-07-25,光明六路東二段,RPRNMLRJRHLGFBJ66DA,光明六路東二段６８７號,新竹縣竹北市光明六路東二段６８７號五樓,住宅大樓(11層含以上有電梯),房地(土地+建物)+車位,五層/十五層,2房2廳2衛,39.6,2525,63.8,1.2,2025-04-28,坡道平面,
高鐵特區,115S3,2026-08-03,六家一路二段,RPSNMLKMPHLGFBJ78DA,六家一路二段２６號,新竹縣竹北市六家一路二段２６號八樓,華廈(10層含以下有電梯),房地(土地+建物)+車位,八層/十層,3房2廳2衛,56.5,3648,81.6,0.9,2025-09-17,坡道平面,預售屋、或土地及建物分件登記案件；
